Log file open, 05/25/25 12:05:43
LogWindows: Failed to load 'aqProf.dll' (GetLastError=126)
LogWindows: File 'aqProf.dll' does not exist
LogWindows: Failed to load 'VtuneApi.dll' (GetLastError=126)
LogWindows: File 'VtuneApi.dll' does not exist
LogWindows: Failed to load 'VtuneApi32e.dll' (GetLastError=126)
LogWindows: File 'VtuneApi32e.dll' does not exist
LogConsoleResponse: Display: Failed to find resolution value strings in scalability ini. Falling back to default.
LogInit: Display: Running engine for game: Homebound
LogPlatformFile: Not using cached read wrapper
LogTaskGraph: Started task graph with 5 named threads and 47 total threads with 3 sets of task threads.
LogStats: Stats thread started at 0.077349
LogD3D11RHI: Loaded GFSDK_Aftermath_Lib.x64.dll
LogICUInternationalization: ICU TimeZone Detection - Raw Offset: +0:00, Platform Override: ''
LogPluginManager: Mounting plugin Paper2D
LogPluginManager: Mounting plugin AISupport
LogPluginManager: Mounting plugin LightPropagationVolume
LogPluginManager: Mounting plugin ActorLayerUtilities
LogPluginManager: Mounting plugin AnimationSharing
LogPluginManager: Mounting plugin CLionSourceCodeAccess
LogPluginManager: Mounting plugin CodeLiteSourceCodeAccess
LogPluginManager: Mounting plugin GitSourceControl
LogPluginManager: Mounting plugin KDevelopSourceCodeAccess
LogPluginManager: Mounting plugin NullSourceCodeAccess
LogPluginManager: Mounting plugin PerforceSourceControl
LogPluginManager: Mounting plugin SubversionSourceControl
LogPluginManager: Mounting plugin UObjectPlugin
LogPluginManager: Mounting plugin VisualStudioCodeSourceCodeAccess
LogPluginManager: Mounting plugin VisualStudioSourceCodeAccess
LogPluginManager: Mounting plugin XCodeSourceCodeAccess
LogPluginManager: Mounting plugin AssetManagerEditor
LogPluginManager: Mounting plugin CryptoKeys
LogPluginManager: Mounting plugin CurveEditorTools
LogPluginManager: Mounting plugin DataValidation
LogPluginManager: Mounting plugin FacialAnimation
LogPluginManager: Mounting plugin GameplayTagsEditor
LogPluginManager: Mounting plugin MacGraphicsSwitching
LogPluginManager: Mounting plugin MaterialAnalyzer
LogPluginManager: Mounting plugin MobileLauncherProfileWizard
LogPluginManager: Mounting plugin PluginBrowser
LogPluginManager: Mounting plugin SpeedTreeImporter
LogPluginManager: Mounting plugin DatasmithContent
LogPluginManager: Mounting plugin VariantManagerContent
LogPluginManager: Mounting plugin AlembicImporter
LogPluginManager: Mounting plugin AutomationUtils
LogPluginManager: Mounting plugin BackChannel
LogPluginManager: Mounting plugin CharacterAI
LogPluginManager: Mounting plugin GeometryCache
LogPluginManager: Mounting plugin HTML5Networking
LogPluginManager: Mounting plugin PlatformCrypto
LogPluginManager: Mounting plugin ProxyLODPlugin
LogPluginManager: Mounting plugin SkeletalReduction
LogPluginManager: Mounting plugin MagicLeap
LogPluginManager: Mounting plugin MagicLeapMedia
LogPluginManager: Mounting plugin AndroidMedia
LogPluginManager: Mounting plugin AvfMedia
LogPluginManager: Mounting plugin ImgMedia
LogPluginManager: Mounting plugin MediaCompositing
LogPluginManager: Mounting plugin MediaPlayerEditor
LogPluginManager: Mounting plugin WebMMedia
LogPluginManager: Mounting plugin WmfMedia
LogPluginManager: Mounting plugin TcpMessaging
LogPluginManager: Mounting plugin UdpMessaging
LogPluginManager: Mounting plugin ActorSequence
LogPluginManager: Mounting plugin LevelSequenceEditor
LogPluginManager: Mounting plugin MatineeToLevelSequence
LogPluginManager: Mounting plugin NetcodeUnitTest
LogPluginManager: Mounting plugin NUTUnrealEngine4
LogPluginManager: Mounting plugin OnlineSubsystemGooglePlay
LogPluginManager: Mounting plugin OnlineSubsystemIOS
LogPluginManager: Mounting plugin OnlineSubsystem
LogPluginManager: Mounting plugin OnlineSubsystemNull
LogPluginManager: Mounting plugin OnlineSubsystemUtils
LogPluginManager: Mounting plugin LauncherChunkInstaller
LogPluginManager: Mounting plugin AndroidDeviceProfileSelector
LogPluginManager: Mounting plugin AndroidMoviePlayer
LogPluginManager: Mounting plugin AndroidPermission
LogPluginManager: Mounting plugin AppleImageUtils
LogPluginManager: Mounting plugin AppleMoviePlayer
LogPluginManager: Mounting plugin ArchVisCharacter
LogPluginManager: Mounting plugin AudioCapture
LogPluginManager: Mounting plugin CableComponent
LogPluginManager: Mounting plugin CustomMeshComponent
LogPluginManager: Mounting plugin EditableMesh
LogPluginManager: Mounting plugin ExampleDeviceProfileSelector
LogPluginManager: Mounting plugin GoogleCloudMessaging
LogPluginManager: Mounting plugin IOSDeviceProfileSelector
LogPluginManager: Mounting plugin LinuxDeviceProfileSelector
LogPluginManager: Mounting plugin LocationServicesBPLibrary
LogPluginManager: Mounting plugin MobilePatchingUtils
LogPluginManager: Mounting plugin OculusVR
LogPluginManager: Mounting plugin PhysXVehicles
LogPluginManager: Mounting plugin ProceduralMeshComponent
LogPluginManager: Mounting plugin RuntimePhysXCooking
LogPluginManager: Mounting plugin SignificanceManager
LogPluginManager: Mounting plugin SteamVR
LogPluginManager: Mounting plugin WebMMoviePlayer
LogPluginManager: Mounting plugin WindowsMoviePlayer
LogPluginManager: Mounting plugin ScreenshotTools
LogInit: Using libcurl 7.55.1-DEV
LogInit:  - built for x86_64-pc-win32
LogInit:  - supports SSL with OpenSSL/1.1.1
LogInit:  - supports HTTP deflate (compression) using libz 1.2.8
LogInit:  - other features:
LogInit:      CURL_VERSION_SSL
LogInit:      CURL_VERSION_LIBZ
LogInit:      CURL_VERSION_IPV6
LogInit:      CURL_VERSION_ASYNCHDNS
LogInit:      CURL_VERSION_LARGEFILE
LogInit:      CURL_VERSION_IDN
LogInit:  CurlRequestOptions (configurable via config and command line):
LogInit:  - bVerifyPeer = true  - Libcurl will verify peer certificate
LogInit:  - bUseHttpProxy = false  - Libcurl will NOT use HTTP proxy
LogInit:  - bDontReuseConnections = false  - Libcurl will reuse connections
LogInit:  - MaxHostConnections = 16  - Libcurl will limit the number of connections to a host
LogInit:  - LocalHostAddr = Default
LogInit:  - BufferSize = 65536
LogOnline: OSS: Creating online subsystem instance for: NULL
LogInit: WinSock: version 1.1 (2.2), MaxSocks=32767, MaxUdp=65467
LogInit: Build: ++UE4+Release-4.23-CL-9631420
LogInit: Engine Version: 4.23.1-9631420+++UE4+Release-4.23
LogInit: Compatible Engine Version: 4.23.0-8386587+++UE4+Release-4.23
LogInit: Net CL: 8386587
LogInit: OS: Windows 10 (Release 2009) (), CPU: Intel(R) Core(TM) i7-10700 CPU @ 2.90GHz, GPU: NVIDIA GeForce RTX 3060
LogInit: Compiled (64-bit): Oct 18 2019 02:07:44
LogInit: Compiled with Visual C++: 19.16.27030.01
LogInit: Build Configuration: Development
LogInit: Branch Name: ++UE4+Release-4.23
LogInit: Command Line: 
LogInit: Base Directory: C:/Program Files/Epic Games/UE_4.23/Engine/Binaries/Win64/
LogInit: Installed Engine Build: 1
LogDevObjectVersion: Number of dev versions registered: 23
LogDevObjectVersion:   Dev-Blueprints (B0D832E4-1F89-4F0D-ACCF-7EB736FD4AA2): 10
LogDevObjectVersion:   Dev-Build (E1C64328-A22C-4D53-A36C-8E866417BD8C): 0
LogDevObjectVersion:   Dev-Core (375EC13C-06E4-48FB-B500-84F0262A717E): 3
LogDevObjectVersion:   Dev-Editor (E4B068ED-F494-42E9-A231-DA0B2E46BB41): 34
LogDevObjectVersion:   Dev-Framework (CFFC743F-43B0-4480-9391-14DF171D2073): 35
LogDevObjectVersion:   Dev-Mobile (B02B49B5-BB20-44E9-A304-32B752E40360): 2
LogDevObjectVersion:   Dev-Networking (A4E4105C-59A1-49B5-A7C5-40C4547EDFEE): 0
LogDevObjectVersion:   Dev-Online (39C831C9-5AE6-47DC-9A44-9C173E1C8E7C): 0
LogDevObjectVersion:   Dev-Physics (78F01B33-EBEA-4F98-B9B4-84EACCB95AA2): 0
LogDevObjectVersion:   Dev-Platform (6631380F-2D4D-43E0-8009-CF276956A95A): 0
LogDevObjectVersion:   Dev-Rendering (12F88B9F-8875-4AFC-A67C-D90C383ABD29): 31
LogDevObjectVersion:   Dev-Sequencer (7B5AE74C-D270-4C10-A958-57980B212A5A): 11
LogDevObjectVersion:   Dev-VR (D7296918-1DD6-4BDD-9DE2-64A83CC13884): 2
LogDevObjectVersion:   Dev-LoadTimes (C2A15278-BFE7-4AFE-6C17-90FF531DF755): 1
LogDevObjectVersion:   Private-Geometry (6EACA3D4-40EC-4CC1-B786-8BED09428FC5): 3
LogDevObjectVersion:   Dev-AnimPhys (29E575DD-E0A3-4627-9D10-D276232CDCEA): 17
LogDevObjectVersion:   Dev-Anim (AF43A65D-7FD3-4947-9873-3E8ED9C1BB05): 2
LogDevObjectVersion:   Dev-ReflectionCapture (6B266CEC-1EC7-4B8F-A30B-E4D90942FC07): 1
LogDevObjectVersion:   Dev-Automation (0DF73D61-A23F-47EA-B727-89E90C41499A): 1
LogDevObjectVersion:   FortniteMain (601D1886-AC64-4F84-AA16-D3DE0DEAC7D6): 27
LogDevObjectVersion:   Dev-Enterprise (9DFFBCD6-494F-0158-E221-12823C92A888): 6
LogDevObjectVersion:   Dev-Niagara (F2AED0AC-9AFE-416F-8664-AA7FFA26D6FC): 1
LogDevObjectVersion:   Dev-Destruction (174F1F0B-B4C6-45A5-B13F-2EE8D0FB917D): 9
LogInit: Presizing for max 16777216 objects, including 0 objects not considered by GC, pre-allocating 0 bytes for permanent pool.
LogInit: Object subsystem initialized
LogConfig: Setting CVar [[con.DebugEarlyDefault:1]]
LogConfig: Setting CVar [[r.setres:1280x720]]
[2025.05.25-11.05.43:884][  0]LogConfig: Setting CVar [[r.VSync:0]]
[2025.05.25-11.05.43:884][  0]LogConfig: Setting CVar [[r.RHICmdBypass:0]]
[2025.05.25-11.05.43:884][  0]LogConfig: Applying CVar settings from Section [/Script/Engine.RendererSettings] File [H:/homebound/project file/Saved/Config/Windows/Engine.ini]
[2025.05.25-11.05.43:884][  0]LogConfig: Setting CVar [[r.GPUCrashDebugging:0]]
[2025.05.25-11.05.43:884][  0]LogConfig: Setting CVar [[r.MobileHDR:1]]
[2025.05.25-11.05.43:884][  0]LogConfig: Setting CVar [[r.Mobile.DisableVertexFog:1]]
[2025.05.25-11.05.43:884][  0]LogConfig: Setting CVar [[r.Shadow.CSM.MaxMobileCascades:2]]
[2025.05.25-11.05.43:884][  0]LogConfig: Setting CVar [[r.MobileMSAA:1]]
[2025.05.25-11.05.43:884][  0]LogConfig: Setting CVar [[r.Mobile.UseLegacyShadingModel:0]]
[2025.05.25-11.05.43:884][  0]LogConfig: Setting CVar [[r.Mobile.UseHWsRGBEncoding:0]]
[2025.05.25-11.05.43:884][  0]LogConfig: Setting CVar [[r.Mobile.AllowDitheredLODTransition:0]]
[2025.05.25-11.05.43:884][  0]LogConfig: Setting CVar [[r.Mobile.AllowSoftwareOcclusion:0]]
[2025.05.25-11.05.43:884][  0]LogConfig: Setting CVar [[r.DiscardUnusedQuality:0]]
[2025.05.25-11.05.43:884][  0]LogConfig: Setting CVar [[r.AllowOcclusionQueries:1]]
[2025.05.25-11.05.43:884][  0]LogConfig: Setting CVar [[r.MinScreenRadiusForLights:0.030000]]
[2025.05.25-11.05.43:884][  0]LogConfig: Setting CVar [[r.MinScreenRadiusForDepthPrepass:0.030000]]
[2025.05.25-11.05.43:884][  0]LogConfig: Setting CVar [[r.MinScreenRadiusForCSMDepth:0.010000]]
[2025.05.25-11.05.43:884][  0]LogConfig: Setting CVar [[r.PrecomputedVisibilityWarning:0]]
[2025.05.25-11.05.43:884][  0]LogConfig: Setting CVar [[r.TextureStreaming:1]]
[2025.05.25-11.05.43:884][  0]LogConfig: Setting CVar [[Compat.UseDXT5NormalMaps:0]]
[2025.05.25-11.05.43:884][  0]LogConfig: Setting CVar [[r.VirtualTextures:0]]
[2025.05.25-11.05.43:884][  0]LogConfig: Setting CVar [[r.VirtualTexturedLightmaps:0]]
[2025.05.25-11.05.43:884][  0]LogConfig: Setting CVar [[r.VT.TileSize:128]]
[2025.05.25-11.05.43:884][  0]LogConfig: Setting CVar [[r.VT.TileBorderSize:4]]
[2025.05.25-11.05.43:884][  0]LogConfig: Setting CVar [[r.vt.FeedbackFactor:16]]
[2025.05.25-11.05.43:884][  0]LogConfig: Setting CVar [[r.VT.EnableCompressZlib:1]]
[2025.05.25-11.05.43:884][  0]LogConfig: Setting CVar [[r.VT.EnableCompressCrunch:0]]
[2025.05.25-11.05.43:884][  0]LogConfig: Setting CVar [[r.ClearCoatNormal:0]]
[2025.05.25-11.05.43:884][  0]LogConfig: Setting CVar [[r.ReflectionCaptureResolution:128]]
[2025.05.25-11.05.43:884][  0]LogConfig: Setting CVar [[r.ReflectionEnvironmentLightmapMixBasedOnRoughness:1]]
[2025.05.25-11.05.43:884][  0]LogConfig: Setting CVar [[r.ForwardShading:0]]
[2025.05.25-11.05.43:884][  0]LogConfig: Setting CVar [[r.VertexFoggingForOpaque:1]]
[2025.05.25-11.05.43:884][  0]LogConfig: Setting CVar [[r.AllowStaticLighting:1]]
[2025.05.25-11.05.43:884][  0]LogConfig: Setting CVar [[r.NormalMapsForStaticLighting:0]]
[2025.05.25-11.05.43:884][  0]LogConfig: Setting CVar [[r.GenerateMeshDistanceFields:0]]
[2025.05.25-11.05.43:884][  0]LogConfig: Setting CVar [[r.DistanceFieldBuild.EightBit:0]]
[2025.05.25-11.05.43:884][  0]LogConfig: Setting CVar [[r.GenerateLandscapeGIData:0]]
[2025.05.25-11.05.43:884][  0]LogConfig: Setting CVar [[r.DistanceFieldBuild.Compress:0]]
[2025.05.25-11.05.43:884][  0]LogConfig: Setting CVar [[r.TessellationAdaptivePixelsPerTriangle:48.000000]]
[2025.05.25-11.05.43:884][  0]LogConfig: Setting CVar [[r.SeparateTranslucency:1]]
[2025.05.25-11.05.43:884][  0]LogConfig: Setting CVar [[r.TranslucentSortPolicy:0]]
[2025.05.25-11.05.43:884][  0]LogConfig: Setting CVar [[r.CustomDepth:1]]
[2025.05.25-11.05.43:884][  0]LogConfig: Setting CVar [[r.CustomDepthTemporalAAJitter:1]]
[2025.05.25-11.05.43:884][  0]LogConfig: Setting CVar [[r.PostProcessing.PropagateAlpha:0]]
[2025.05.25-11.05.43:884][  0]LogConfig: Setting CVar [[r.DefaultFeature.Bloom:1]]
[2025.05.25-11.05.43:884][  0]LogConfig: Setting CVar [[r.DefaultFeature.AmbientOcclusion:1]]
[2025.05.25-11.05.43:884][  0]LogConfig: Setting CVar [[r.DefaultFeature.AmbientOcclusionStaticFraction:1]]
[2025.05.25-11.05.43:884][  0]LogConfig: Setting CVar [[r.DefaultFeature.AutoExposure:0]]
[2025.05.25-11.05.43:884][  0]LogConfig: Setting CVar [[r.DefaultFeature.AutoExposure.Method:0]]
[2025.05.25-11.05.43:884][  0]LogConfig: Setting CVar [[r.DefaultFeature.AutoExposure.ExtendDefaultLuminanceRange:0]]
[2025.05.25-11.05.43:884][  0]LogConfig: Setting CVar [[r.UsePreExposure:1]]
[2025.05.25-11.05.43:884][  0]LogConfig: Setting CVar [[r.EyeAdaptation.EditorOnly:1]]
[2025.05.25-11.05.43:885][  0]LogConfig: Setting CVar [[r.DefaultFeature.MotionBlur:1]]
[2025.05.25-11.05.43:885][  0]LogConfig: Setting CVar [[r.DefaultFeature.LensFlare:0]]
[2025.05.25-11.05.43:885][  0]LogConfig: Setting CVar [[r.TemporalAA.Upsampling:0]]
[2025.05.25-11.05.43:885][  0]LogConfig: Setting CVar [[r.DefaultFeature.AntiAliasing:2]]
[2025.05.25-11.05.43:885][  0]LogConfig: Setting CVar [[r.DefaultFeature.LightUnits:1]]
[2025.05.25-11.05.43:885][  0]LogConfig: Setting CVar [[r.DefaultBackBufferPixelFormat:4]]
[2025.05.25-11.05.43:885][  0]LogConfig: Setting CVar [[r.Shadow.UnbuiltPreviewInGame:1]]
[2025.05.25-11.05.43:885][  0]LogConfig: Setting CVar [[r.StencilForLODDither:0]]
[2025.05.25-11.05.43:885][  0]LogConfig: Setting CVar [[r.EarlyZPass:3]]
[2025.05.25-11.05.43:886][  0]LogConfig: Setting CVar [[r.EarlyZPassOnlyMaterialMasking:0]]
[2025.05.25-11.05.43:886][  0]LogConfig: Setting CVar [[r.DBuffer:1]]
[2025.05.25-11.05.43:886][  0]LogConfig: Setting CVar [[r.ClearSceneMethod:1]]
[2025.05.25-11.05.43:886][  0]LogConfig: Setting CVar [[r.BasePassOutputsVelocity:0]]
[2025.05.25-11.05.43:886][  0]LogConfig: Setting CVar [[r.SelectiveBasePassOutputs:0]]
[2025.05.25-11.05.43:886][  0]LogConfig: Setting CVar [[fx.GPUSimulationTextureSizeX:1024]]
[2025.05.25-11.05.43:886][  0]LogConfig: Setting CVar [[fx.GPUSimulationTextureSizeY:1024]]
[2025.05.25-11.05.43:886][  0]LogConfig: Setting CVar [[r.AllowGlobalClipPlane:0]]
[2025.05.25-11.05.43:886][  0]LogConfig: Setting CVar [[r.GBufferFormat:1]]
[2025.05.25-11.05.43:886][  0]LogConfig: Setting CVar [[r.MorphTarget.Mode:1]]
[2025.05.25-11.05.43:886][  0]LogConfig: Setting CVar [[vr.InstancedStereo:0]]
[2025.05.25-11.05.43:886][  0]LogConfig: Setting CVar [[vr.MultiView:0]]
[2025.05.25-11.05.43:886][  0]LogConfig: Setting CVar [[vr.MobileMultiView:0]]
[2025.05.25-11.05.43:886][  0]LogConfig: Setting CVar [[vr.MobileMultiView.Direct:0]]
[2025.05.25-11.05.43:886][  0]LogConfig: Setting CVar [[vr.RoundRobinOcclusion:0]]
[2025.05.25-11.05.43:886][  0]LogConfig: Setting CVar [[vr.ODSCapture:0]]
[2025.05.25-11.05.43:886][  0]LogConfig: Setting CVar [[r.WireframeCullThreshold:5.000000]]
[2025.05.25-11.05.43:886][  0]LogConfig: Setting CVar [[r.RayTracing:0]]
[2025.05.25-11.05.43:886][  0]LogConfig: Setting CVar [[r.SupportStationarySkylight:1]]
[2025.05.25-11.05.43:886][  0]LogConfig: Setting CVar [[r.SupportLowQualityLightmaps:1]]
[2025.05.25-11.05.43:886][  0]LogConfig: Setting CVar [[r.SupportPointLightWholeSceneShadows:1]]
[2025.05.25-11.05.43:886][  0]LogConfig: Setting CVar [[r.SupportAtmosphericFog:1]]
[2025.05.25-11.05.43:886][  0]LogConfig: Setting CVar [[r.SkinCache.CompileShaders:0]]
[2025.05.25-11.05.43:886][  0]LogConfig: Setting CVar [[r.Mobile.EnableStaticAndCSMShadowReceivers:1]]
[2025.05.25-11.05.43:886][  0]LogConfig: Setting CVar [[r.Mobile.EnableMovableLightCSMShaderCulling:1]]
[2025.05.25-11.05.43:886][  0]LogConfig: Setting CVar [[r.Mobile.AllowDistanceFieldShadows:1]]
[2025.05.25-11.05.43:887][  0]LogConfig: Setting CVar [[r.Mobile.AllowMovableDirectionalLights:1]]
[2025.05.25-11.05.43:887][  0]LogConfig: Setting CVar [[r.MobileNumDynamicPointLights:4]]
[2025.05.25-11.05.43:887][  0]LogConfig: Setting CVar [[r.MobileDynamicPointLightsUseStaticBranch:1]]
[2025.05.25-11.05.43:887][  0]LogConfig: Setting CVar [[r.Mobile.EnableMovableSpotlights:0]]
[2025.05.25-11.05.43:887][  0]LogConfig: Setting CVar [[r.SkinCache.SceneMemoryLimitInMB:128.000000]]
[2025.05.25-11.05.43:887][  0]LogConfig: Setting CVar [[r.GPUSkin.Limit2BoneInfluences:0]]
[2025.05.25-11.05.43:887][  0]LogConfig: Setting CVar [[r.SupportDepthOnlyIndexBuffers:1]]
[2025.05.25-11.05.43:887][  0]LogConfig: Setting CVar [[r.SupportReversedIndexBuffers:1]]
[2025.05.25-11.05.43:887][  0]LogConfig: Setting CVar [[r.SupportMaterialLayers:0]]
[2025.05.25-11.05.43:887][  0]LogConfig: Applying CVar settings from Section [/Script/Engine.RendererOverrideSettings] File [H:/homebound/project file/Saved/Config/Windows/Engine.ini]
[2025.05.25-11.05.43:887][  0]LogConfig: Applying CVar settings from Section [/Script/Engine.StreamingSettings] File [H:/homebound/project file/Saved/Config/Windows/Engine.ini]
[2025.05.25-11.05.43:887][  0]LogConfig: Setting CVar [[s.MinBulkDataSizeForAsyncLoading:131072]]
[2025.05.25-11.05.43:887][  0]LogConfig: Setting CVar [[s.AsyncLoadingThreadEnabled:0]]
[2025.05.25-11.05.43:887][  0]LogConfig: Setting CVar [[s.EventDrivenLoaderEnabled:1]]
[2025.05.25-11.05.43:887][  0]LogConfig: Setting CVar [[s.WarnIfTimeLimitExceeded:0]]
[2025.05.25-11.05.43:887][  0]LogConfig: Setting CVar [[s.TimeLimitExceededMultiplier:1.5]]
[2025.05.25-11.05.43:887][  0]LogConfig: Setting CVar [[s.TimeLimitExceededMinTime:0.005]]
[2025.05.25-11.05.43:887][  0]LogConfig: Setting CVar [[s.UseBackgroundLevelStreaming:1]]
[2025.05.25-11.05.43:887][  0]LogConfig: Setting CVar [[s.PriorityAsyncLoadingExtraTime:15.0]]
[2025.05.25-11.05.43:887][  0]LogConfig: Setting CVar [[s.LevelStreamingActorsUpdateTimeLimit:5.0]]
[2025.05.25-11.05.43:887][  0]LogConfig: Setting CVar [[s.PriorityLevelStreamingActorsUpdateExtraTime:5.0]]
[2025.05.25-11.05.43:887][  0]LogConfig: Setting CVar [[s.LevelStreamingComponentsRegistrationGranularity:10]]
[2025.05.25-11.05.43:887][  0]LogConfig: Setting CVar [[s.UnregisterComponentsTimeLimit:1.0]]
[2025.05.25-11.05.43:887][  0]LogConfig: Setting CVar [[s.LevelStreamingComponentsUnregistrationGranularity:5]]
[2025.05.25-11.05.43:887][  0]LogConfig: Applying CVar settings from Section [/Script/Engine.GarbageCollectionSettings] File [H:/homebound/project file/Saved/Config/Windows/Engine.ini]
[2025.05.25-11.05.43:887][  0]LogConfig: Setting CVar [[gc.MaxObjectsNotConsideredByGC:1]]
[2025.05.25-11.05.43:887][  0]LogConfig: Setting CVar [[gc.SizeOfPermanentObjectPool:0]]
[2025.05.25-11.05.43:887][  0]LogConfig: Setting CVar [[gc.FlushStreamingOnGC:0]]
[2025.05.25-11.05.43:887][  0]LogConfig: Setting CVar [[gc.NumRetriesBeforeForcingGC:10]]
[2025.05.25-11.05.43:887][  0]LogConfig: Setting CVar [[gc.AllowParallelGC:1]]
[2025.05.25-11.05.43:887][  0]LogConfig: Setting CVar [[gc.TimeBetweenPurgingPendingKillObjects:61.1]]
[2025.05.25-11.05.43:887][  0]LogConfig: Setting CVar [[gc.MaxObjectsInEditor:16777216]]
[2025.05.25-11.05.43:887][  0]LogConfig: Setting CVar [[gc.IncrementalBeginDestroyEnabled:1]]
[2025.05.25-11.05.43:887][  0]LogConfig: Setting CVar [[gc.CreateGCClusters:1]]
[2025.05.25-11.05.43:887][  0]LogConfig: Setting CVar [[gc.MinGCClusterSize:5]]
[2025.05.25-11.05.43:887][  0]LogConfig: Setting CVar [[gc.ActorClusteringEnabled:0]]
[2025.05.25-11.05.43:887][  0]LogConfig: Setting CVar [[gc.BlueprintClusteringEnabled:0]]
[2025.05.25-11.05.43:887][  0]LogConfig: Setting CVar [[gc.UseDisregardForGCOnDedicatedServers:0]]
[2025.05.25-11.05.43:887][  0]LogConfig: Applying CVar settings from Section [/Script/Engine.NetworkSettings] File [H:/homebound/project file/Saved/Config/Windows/Engine.ini]
[2025.05.25-11.05.43:887][  0]LogConfig: Applying CVar settings from Section [/Script/UnrealEd.CookerSettings] File [H:/homebound/project file/Saved/Config/Windows/Engine.ini]
[2025.05.25-11.05.43:893][  0]LogConfig: Applying CVar settings from Section [ViewDistanceQuality@3] File [H:/homebound/project file/Saved/Config/Windows/Scalability.ini]
[2025.05.25-11.05.43:893][  0]LogConfig: Setting CVar [[r.SkeletalMeshLODBias:0]]
[2025.05.25-11.05.43:893][  0]LogConfig: Setting CVar [[r.ViewDistanceScale:1.0]]
[2025.05.25-11.05.43:893][  0]LogConfig: Applying CVar settings from Section [AntiAliasingQuality@3] File [H:/homebound/project file/Saved/Config/Windows/Scalability.ini]
[2025.05.25-11.05.43:893][  0]LogConfig: Setting CVar [[r.PostProcessAAQuality:4]]
[2025.05.25-11.05.43:893][  0]LogConfig: Applying CVar settings from Section [ShadowQuality@3] File [H:/homebound/project file/Saved/Config/Windows/Scalability.ini]
[2025.05.25-11.05.43:893][  0]LogConfig: Setting CVar [[r.LightFunctionQuality:1]]
[2025.05.25-11.05.43:893][  0]LogConfig: Setting CVar [[r.ShadowQuality:5]]
[2025.05.25-11.05.43:893][  0]LogConfig: Setting CVar [[r.Shadow.CSM.MaxCascades:10]]
[2025.05.25-11.05.43:893][  0]LogConfig: Setting CVar [[r.Shadow.MaxResolution:2048]]
[2025.05.25-11.05.43:893][  0]LogConfig: Setting CVar [[r.Shadow.MaxCSMResolution:2048]]
[2025.05.25-11.05.43:893][  0]LogConfig: Setting CVar [[r.Shadow.RadiusThreshold:0.01]]
[2025.05.25-11.05.43:893][  0]LogConfig: Setting CVar [[r.Shadow.DistanceScale:1.0]]
[2025.05.25-11.05.43:893][  0]LogConfig: Setting CVar [[r.Shadow.CSM.TransitionScale:1.0]]
[2025.05.25-11.05.43:893][  0]LogConfig: Setting CVar [[r.Shadow.PreShadowResolutionFactor:1.0]]
[2025.05.25-11.05.43:893][  0]LogConfig: Setting CVar [[r.DistanceFieldShadowing:1]]
[2025.05.25-11.05.43:893][  0]LogConfig: Setting CVar [[r.DistanceFieldAO:1]]
[2025.05.25-11.05.43:893][  0]LogConfig: Setting CVar [[r.AOQuality:2]]
[2025.05.25-11.05.43:893][  0]LogConfig: Setting CVar [[r.VolumetricFog:1]]
[2025.05.25-11.05.43:893][  0]LogConfig: Setting CVar [[r.VolumetricFog.GridPixelSize:8]]
[2025.05.25-11.05.43:893][  0]LogConfig: Setting CVar [[r.VolumetricFog.GridSizeZ:128]]
[2025.05.25-11.05.43:893][  0]LogConfig: Setting CVar [[r.VolumetricFog.HistoryMissSupersampleCount:4]]
[2025.05.25-11.05.43:893][  0]LogConfig: Setting CVar [[r.LightMaxDrawDistanceScale:1]]
[2025.05.25-11.05.43:893][  0]LogConfig: Setting CVar [[r.CapsuleShadows:1]]
[2025.05.25-11.05.43:893][  0]LogConfig: Applying CVar settings from Section [PostProcessQuality@3] File [H:/homebound/project file/Saved/Config/Windows/Scalability.ini]
[2025.05.25-11.05.43:893][  0]LogConfig: Setting CVar [[r.MotionBlurQuality:4]]
[2025.05.25-11.05.43:893][  0]LogConfig: Setting CVar [[r.AmbientOcclusionMipLevelFactor:0.4]]
[2025.05.25-11.05.43:893][  0]LogConfig: Setting CVar [[r.AmbientOcclusionMaxQuality:100]]
[2025.05.25-11.05.43:893][  0]LogConfig: Setting CVar [[r.AmbientOcclusionLevels:-1]]
[2025.05.25-11.05.43:893][  0]LogConfig: Setting CVar [[r.AmbientOcclusionRadiusScale:1.0]]
[2025.05.25-11.05.43:893][  0]LogConfig: Setting CVar [[r.DepthOfFieldQuality:2]]
[2025.05.25-11.05.43:893][  0]LogConfig: Setting CVar [[r.RenderTargetPoolMin:400]]
[2025.05.25-11.05.43:893][  0]LogConfig: Setting CVar [[r.LensFlareQuality:2]]
[2025.05.25-11.05.43:893][  0]LogConfig: Setting CVar [[r.SceneColorFringeQuality:1]]
[2025.05.25-11.05.43:893][  0]LogConfig: Setting CVar [[r.EyeAdaptationQuality:2]]
[2025.05.25-11.05.43:893][  0]LogConfig: Setting CVar [[r.BloomQuality:5]]
[2025.05.25-11.05.43:893][  0]LogConfig: Setting CVar [[r.FastBlurThreshold:100]]
[2025.05.25-11.05.43:893][  0]LogConfig: Setting CVar [[r.Upscale.Quality:3]]
[2025.05.25-11.05.43:893][  0]LogConfig: Setting CVar [[r.Tonemapper.GrainQuantization:1]]
[2025.05.25-11.05.43:893][  0]LogConfig: Setting CVar [[r.LightShaftQuality:1]]
[2025.05.25-11.05.43:893][  0]LogConfig: Setting CVar [[r.Filter.SizeScale:1]]
[2025.05.25-11.05.43:893][  0]LogConfig: Setting CVar [[r.Tonemapper.Quality:5]]
[2025.05.25-11.05.43:893][  0]LogConfig: Setting CVar [[r.DOF.Gather.AccumulatorQuality:1        ; higher gathering accumulator quality]]
[2025.05.25-11.05.43:893][  0]LogConfig: Setting CVar [[r.DOF.Gather.PostfilterMethod:1          ; Median3x3 postfilering method]]
[2025.05.25-11.05.43:893][  0]LogConfig: Setting CVar [[r.DOF.Gather.EnableBokehSettings:0       ; no bokeh simulation when gathering]]
[2025.05.25-11.05.43:893][  0]LogConfig: Setting CVar [[r.DOF.Gather.RingCount:4                 ; medium number of samples when gathering]]
[2025.05.25-11.05.43:893][  0]LogConfig: Setting CVar [[r.DOF.Scatter.ForegroundCompositing:1    ; additive foreground scattering]]
[2025.05.25-11.05.43:893][  0]LogConfig: Setting CVar [[r.DOF.Scatter.BackgroundCompositing:2    ; additive background scattering]]
[2025.05.25-11.05.43:893][  0]LogConfig: Setting CVar [[r.DOF.Scatter.EnableBokehSettings:1      ; bokeh simulation when scattering]]
[2025.05.25-11.05.43:893][  0]LogConfig: Setting CVar [[r.DOF.Scatter.MaxSpriteRatio:0.1         ; only a maximum of 10% of scattered bokeh]]
[2025.05.25-11.05.43:893][  0]LogConfig: Setting CVar [[r.DOF.Recombine.Quality:1                ; cheap slight out of focus]]
[2025.05.25-11.05.43:893][  0]LogConfig: Setting CVar [[r.DOF.Recombine.EnableBokehSettings:0    ; no bokeh simulation on slight out of focus]]
[2025.05.25-11.05.43:893][  0]LogConfig: Setting CVar [[r.DOF.TemporalAAQuality:1                ; more stable temporal accumulation]]
[2025.05.25-11.05.43:893][  0]LogConfig: Setting CVar [[r.DOF.Kernel.MaxForegroundRadius:0.025]]
[2025.05.25-11.05.43:893][  0]LogConfig: Setting CVar [[r.DOF.Kernel.MaxBackgroundRadius:0.025]]
[2025.05.25-11.05.43:893][  0]LogConfig: Applying CVar settings from Section [TextureQuality@3] File [H:/homebound/project file/Saved/Config/Windows/Scalability.ini]
[2025.05.25-11.05.43:893][  0]LogConfig: Setting CVar [[r.Streaming.MipBias:0]]
[2025.05.25-11.05.43:893][  0]LogConfig: Setting CVar [[r.Streaming.AmortizeCPUToGPUCopy:0]]
[2025.05.25-11.05.43:893][  0]LogConfig: Setting CVar [[r.Streaming.MaxNumTexturesToStreamPerFrame:0]]
[2025.05.25-11.05.43:893][  0]LogConfig: Setting CVar [[r.Streaming.Boost:1]]
[2025.05.25-11.05.43:893][  0]LogConfig: Setting CVar [[r.MaxAnisotropy:8]]
[2025.05.25-11.05.43:893][  0]LogConfig: Setting CVar [[r.Streaming.LimitPoolSizeToVRAM:0]]
[2025.05.25-11.05.43:893][  0]LogConfig: Setting CVar [[r.Streaming.PoolSize:1000]]
[2025.05.25-11.05.43:893][  0]LogConfig: Setting CVar [[r.Streaming.MaxEffectiveScreenSize:0]]
[2025.05.25-11.05.43:893][  0]LogConfig: Applying CVar settings from Section [EffectsQuality@3] File [H:/homebound/project file/Saved/Config/Windows/Scalability.ini]
[2025.05.25-11.05.43:893][  0]LogConfig: Setting CVar [[r.TranslucencyLightingVolumeDim:64]]
[2025.05.25-11.05.43:893][  0]LogConfig: Setting CVar [[r.RefractionQuality:2]]
[2025.05.25-11.05.43:893][  0]LogConfig: Setting CVar [[r.SSR.Quality:3]]
[2025.05.25-11.05.43:893][  0]LogConfig: Setting CVar [[r.SceneColorFormat:4]]
[2025.05.25-11.05.43:893][  0]LogConfig: Setting CVar [[r.DetailMode:2]]
[2025.05.25-11.05.43:893][  0]LogConfig: Setting CVar [[r.TranslucencyVolumeBlur:1]]
[2025.05.25-11.05.43:893][  0]LogConfig: Setting CVar [[r.MaterialQualityLevel:1 ; High quality]]
[2025.05.25-11.05.43:893][  0]LogConfig: Setting CVar [[r.SSS.Scale:1]]
[2025.05.25-11.05.43:893][  0]LogConfig: Setting CVar [[r.SSS.SampleSet:2]]
[2025.05.25-11.05.43:894][  0]LogConfig: Setting CVar [[r.SSS.Quality:1]]
[2025.05.25-11.05.43:894][  0]LogConfig: Setting CVar [[r.SSS.HalfRes:1]]
[2025.05.25-11.05.43:894][  0]LogConfig: Setting CVar [[r.EmitterSpawnRateScale:1.0]]
[2025.05.25-11.05.43:894][  0]LogConfig: Setting CVar [[r.ParticleLightQuality:2]]
[2025.05.25-11.05.43:894][  0]LogConfig: Applying CVar settings from Section [FoliageQuality@3] File [H:/homebound/project file/Saved/Config/Windows/Scalability.ini]
[2025.05.25-11.05.43:894][  0]LogConfig: Setting CVar [[foliage.DensityScale:1.0]]
[2025.05.25-11.05.43:894][  0]LogConfig: Setting CVar [[grass.DensityScale:1.0]]
[2025.05.25-11.05.43:894][  0]LogInit: Selected Device Profile: [Windows]
[2025.05.25-11.05.43:895][  0]LogInit: Applying CVar settings loaded from the selected device profile: [Windows]
[2025.05.25-11.05.43:898][  0]LogHAL: Display: Platform has ~ 32 GB [34269687808 / 34359738368 / 32], which maps to Largest [LargestMinGB=32, LargerMinGB=12, DefaultMinGB=8, SmallerMinGB=6, SmallestMinGB=0)
[2025.05.25-11.05.43:898][  0]LogInit: Going up to parent DeviceProfile []
[2025.05.25-11.05.43:898][  0]LogConfig: Applying CVar settings from Section [ViewDistanceQuality@3] File [H:/homebound/project file/Saved/Config/Windows/Scalability.ini]
[2025.05.25-11.05.43:898][  0]LogConfig: Setting CVar [[r.SkeletalMeshLODBias:0]]
[2025.05.25-11.05.43:898][  0]LogConfig: Setting CVar [[r.ViewDistanceScale:1.0]]
[2025.05.25-11.05.43:898][  0]LogConfig: Applying CVar settings from Section [AntiAliasingQuality@3] File [H:/homebound/project file/Saved/Config/Windows/Scalability.ini]
[2025.05.25-11.05.43:898][  0]LogConfig: Setting CVar [[r.PostProcessAAQuality:4]]
[2025.05.25-11.05.43:898][  0]LogConfig: Applying CVar settings from Section [ShadowQuality@3] File [H:/homebound/project file/Saved/Config/Windows/Scalability.ini]
[2025.05.25-11.05.43:898][  0]LogConfig: Setting CVar [[r.LightFunctionQuality:1]]
[2025.05.25-11.05.43:898][  0]LogConfig: Setting CVar [[r.ShadowQuality:5]]
[2025.05.25-11.05.43:898][  0]LogConfig: Setting CVar [[r.Shadow.CSM.MaxCascades:10]]
[2025.05.25-11.05.43:898][  0]LogConfig: Setting CVar [[r.Shadow.MaxResolution:2048]]
[2025.05.25-11.05.43:898][  0]LogConfig: Setting CVar [[r.Shadow.MaxCSMResolution:2048]]
[2025.05.25-11.05.43:898][  0]LogConfig: Setting CVar [[r.Shadow.RadiusThreshold:0.01]]
[2025.05.25-11.05.43:898][  0]LogConfig: Setting CVar [[r.Shadow.DistanceScale:1.0]]
[2025.05.25-11.05.43:898][  0]LogConfig: Setting CVar [[r.Shadow.CSM.TransitionScale:1.0]]
[2025.05.25-11.05.43:898][  0]LogConfig: Setting CVar [[r.Shadow.PreShadowResolutionFactor:1.0]]
[2025.05.25-11.05.43:898][  0]LogConfig: Setting CVar [[r.DistanceFieldShadowing:1]]
[2025.05.25-11.05.43:898][  0]LogConfig: Setting CVar [[r.DistanceFieldAO:1]]
[2025.05.25-11.05.43:898][  0]LogConfig: Setting CVar [[r.AOQuality:2]]
[2025.05.25-11.05.43:898][  0]LogConfig: Setting CVar [[r.VolumetricFog:1]]
[2025.05.25-11.05.43:898][  0]LogConfig: Setting CVar [[r.VolumetricFog.GridPixelSize:8]]
[2025.05.25-11.05.43:898][  0]LogConfig: Setting CVar [[r.VolumetricFog.GridSizeZ:128]]
[2025.05.25-11.05.43:898][  0]LogConfig: Setting CVar [[r.VolumetricFog.HistoryMissSupersampleCount:4]]
[2025.05.25-11.05.43:898][  0]LogConfig: Setting CVar [[r.LightMaxDrawDistanceScale:1]]
[2025.05.25-11.05.43:898][  0]LogConfig: Setting CVar [[r.CapsuleShadows:1]]
[2025.05.25-11.05.43:898][  0]LogConfig: Applying CVar settings from Section [PostProcessQuality@3] File [H:/homebound/project file/Saved/Config/Windows/Scalability.ini]
[2025.05.25-11.05.43:898][  0]LogConfig: Setting CVar [[r.MotionBlurQuality:4]]
[2025.05.25-11.05.43:898][  0]LogConfig: Setting CVar [[r.AmbientOcclusionMipLevelFactor:0.4]]
[2025.05.25-11.05.43:898][  0]LogConfig: Setting CVar [[r.AmbientOcclusionMaxQuality:100]]
[2025.05.25-11.05.43:898][  0]LogConfig: Setting CVar [[r.AmbientOcclusionLevels:-1]]
[2025.05.25-11.05.43:898][  0]LogConfig: Setting CVar [[r.AmbientOcclusionRadiusScale:1.0]]
[2025.05.25-11.05.43:898][  0]LogConfig: Setting CVar [[r.DepthOfFieldQuality:2]]
[2025.05.25-11.05.43:898][  0]LogConfig: Setting CVar [[r.RenderTargetPoolMin:400]]
[2025.05.25-11.05.43:898][  0]LogConfig: Setting CVar [[r.LensFlareQuality:2]]
[2025.05.25-11.05.43:898][  0]LogConfig: Setting CVar [[r.SceneColorFringeQuality:1]]
[2025.05.25-11.05.43:898][  0]LogConfig: Setting CVar [[r.EyeAdaptationQuality:2]]
[2025.05.25-11.05.43:898][  0]LogConfig: Setting CVar [[r.BloomQuality:5]]
[2025.05.25-11.05.43:898][  0]LogConfig: Setting CVar [[r.FastBlurThreshold:100]]
[2025.05.25-11.05.43:898][  0]LogConfig: Setting CVar [[r.Upscale.Quality:3]]
[2025.05.25-11.05.43:898][  0]LogConfig: Setting CVar [[r.Tonemapper.GrainQuantization:1]]
[2025.05.25-11.05.43:898][  0]LogConfig: Setting CVar [[r.LightShaftQuality:1]]
[2025.05.25-11.05.43:898][  0]LogConfig: Setting CVar [[r.Filter.SizeScale:1]]
[2025.05.25-11.05.43:898][  0]LogConfig: Setting CVar [[r.Tonemapper.Quality:5]]
[2025.05.25-11.05.43:898][  0]LogConfig: Setting CVar [[r.DOF.Gather.AccumulatorQuality:1        ; higher gathering accumulator quality]]
[2025.05.25-11.05.43:898][  0]LogConfig: Setting CVar [[r.DOF.Gather.PostfilterMethod:1          ; Median3x3 postfilering method]]
[2025.05.25-11.05.43:898][  0]LogConfig: Setting CVar [[r.DOF.Gather.EnableBokehSettings:0       ; no bokeh simulation when gathering]]
[2025.05.25-11.05.43:898][  0]LogConfig: Setting CVar [[r.DOF.Gather.RingCount:4                 ; medium number of samples when gathering]]
[2025.05.25-11.05.43:898][  0]LogConfig: Setting CVar [[r.DOF.Scatter.ForegroundCompositing:1    ; additive foreground scattering]]
[2025.05.25-11.05.43:898][  0]LogConfig: Setting CVar [[r.DOF.Scatter.BackgroundCompositing:2    ; additive background scattering]]
[2025.05.25-11.05.43:898][  0]LogConfig: Setting CVar [[r.DOF.Scatter.EnableBokehSettings:1      ; bokeh simulation when scattering]]
[2025.05.25-11.05.43:898][  0]LogConfig: Setting CVar [[r.DOF.Scatter.MaxSpriteRatio:0.1         ; only a maximum of 10% of scattered bokeh]]
[2025.05.25-11.05.43:898][  0]LogConfig: Setting CVar [[r.DOF.Recombine.Quality:1                ; cheap slight out of focus]]
[2025.05.25-11.05.43:898][  0]LogConfig: Setting CVar [[r.DOF.Recombine.EnableBokehSettings:0    ; no bokeh simulation on slight out of focus]]
[2025.05.25-11.05.43:898][  0]LogConfig: Setting CVar [[r.DOF.TemporalAAQuality:1                ; more stable temporal accumulation]]
[2025.05.25-11.05.43:898][  0]LogConfig: Setting CVar [[r.DOF.Kernel.MaxForegroundRadius:0.025]]
[2025.05.25-11.05.43:898][  0]LogConfig: Setting CVar [[r.DOF.Kernel.MaxBackgroundRadius:0.025]]
[2025.05.25-11.05.43:898][  0]LogConfig: Applying CVar settings from Section [TextureQuality@3] File [H:/homebound/project file/Saved/Config/Windows/Scalability.ini]
[2025.05.25-11.05.43:898][  0]LogConfig: Setting CVar [[r.Streaming.MipBias:0]]
[2025.05.25-11.05.43:898][  0]LogConfig: Setting CVar [[r.Streaming.AmortizeCPUToGPUCopy:0]]
[2025.05.25-11.05.43:899][  0]LogConfig: Setting CVar [[r.Streaming.MaxNumTexturesToStreamPerFrame:0]]
[2025.05.25-11.05.43:899][  0]LogConfig: Setting CVar [[r.Streaming.Boost:1]]
[2025.05.25-11.05.43:899][  0]LogConfig: Setting CVar [[r.MaxAnisotropy:8]]
[2025.05.25-11.05.43:899][  0]LogConfig: Setting CVar [[r.Streaming.LimitPoolSizeToVRAM:0]]
[2025.05.25-11.05.43:899][  0]LogConfig: Setting CVar [[r.Streaming.PoolSize:1000]]
[2025.05.25-11.05.43:899][  0]LogConfig: Setting CVar [[r.Streaming.MaxEffectiveScreenSize:0]]
[2025.05.25-11.05.43:899][  0]LogConfig: Applying CVar settings from Section [EffectsQuality@3] File [H:/homebound/project file/Saved/Config/Windows/Scalability.ini]
[2025.05.25-11.05.43:899][  0]LogConfig: Setting CVar [[r.TranslucencyLightingVolumeDim:64]]
[2025.05.25-11.05.43:899][  0]LogConfig: Setting CVar [[r.RefractionQuality:2]]
[2025.05.25-11.05.43:899][  0]LogConfig: Setting CVar [[r.SSR.Quality:3]]
[2025.05.25-11.05.43:899][  0]LogConfig: Setting CVar [[r.SceneColorFormat:4]]
[2025.05.25-11.05.43:899][  0]LogConfig: Setting CVar [[r.DetailMode:2]]
[2025.05.25-11.05.43:899][  0]LogConfig: Setting CVar [[r.TranslucencyVolumeBlur:1]]
[2025.05.25-11.05.43:899][  0]LogConfig: Setting CVar [[r.MaterialQualityLevel:1 ; High quality]]
[2025.05.25-11.05.43:899][  0]LogConfig: Setting CVar [[r.SSS.Scale:1]]
[2025.05.25-11.05.43:899][  0]LogConfig: Setting CVar [[r.SSS.SampleSet:2]]
[2025.05.25-11.05.43:899][  0]LogConfig: Setting CVar [[r.SSS.Quality:1]]
[2025.05.25-11.05.43:899][  0]LogConfig: Setting CVar [[r.SSS.HalfRes:1]]
[2025.05.25-11.05.43:899][  0]LogConfig: Setting CVar [[r.EmitterSpawnRateScale:1.0]]
[2025.05.25-11.05.43:899][  0]LogConfig: Setting CVar [[r.ParticleLightQuality:2]]
[2025.05.25-11.05.43:899][  0]LogConfig: Applying CVar settings from Section [FoliageQuality@3] File [H:/homebound/project file/Saved/Config/Windows/Scalability.ini]
[2025.05.25-11.05.43:899][  0]LogConfig: Setting CVar [[foliage.DensityScale:1.0]]
[2025.05.25-11.05.43:899][  0]LogConfig: Setting CVar [[grass.DensityScale:1.0]]
[2025.05.25-11.05.43:899][  0]LogConfig: Applying CVar settings from Section [Startup] File [../../../Engine/Config/ConsoleVariables.ini]
[2025.05.25-11.05.43:899][  0]LogConfig: Setting CVar [[net.UseAdaptiveNetUpdateFrequency:0]]
[2025.05.25-11.05.43:899][  0]LogConfig: Setting CVar [[p.chaos.AllowCreatePhysxBodies:1]]
[2025.05.25-11.05.43:899][  0]LogConfig: Applying CVar settings from Section [ConsoleVariables] File [H:/homebound/project file/Saved/Config/Windows/Engine.ini]
[2025.05.25-11.05.43:899][  0]LogInit: Computer: ZCD-PC
[2025.05.25-11.05.43:899][  0]LogInit: User: zack1
[2025.05.25-11.05.43:899][  0]LogInit: CPU Page size=4096, Cores=8
[2025.05.25-11.05.43:899][  0]LogInit: High frequency timer resolution =10.000000 MHz
[2025.05.25-11.05.43:899][  0]LogMemory: Memory total: Physical=31.9GB (32GB approx)
[2025.05.25-11.05.43:901][  0]LogMemory: Platform Memory Stats for Windows
[2025.05.25-11.05.43:901][  0]LogMemory: Process Physical Memory: 109.59 MB used, 109.59 MB peak
[2025.05.25-11.05.43:901][  0]LogMemory: Process Virtual Memory: 101.50 MB used, 101.50 MB peak
[2025.05.25-11.05.43:901][  0]LogMemory: Physical Memory: 13806.51 MB used,  18875.61 MB free, 32682.12 MB total
[2025.05.25-11.05.43:901][  0]LogMemory: Virtual Memory: 4715.45 MB used,  134213016.00 MB free, 134217728.00 MB total
[2025.05.25-11.05.43:910][  0]LogWindows: WindowsPlatformFeatures enabled
[2025.05.25-11.05.44:102][  0]LogInit: Using OS detected language (en-GB).
[2025.05.25-11.05.44:102][  0]LogInit: Using OS detected locale (en-GB).
[2025.05.25-11.05.44:103][  0]LogTextLocalizationManager: No specific localization for 'en-GB' exists, so the 'en' localization will be used.
[2025.05.25-11.05.44:311][  0]LogInit: Setting process to per monitor DPI aware
[2025.05.25-11.05.44:362][  0]LogSlate: New Slate User Created.  User Index 0, Is Virtual User: 0
[2025.05.25-11.05.44:362][  0]LogSlate: Slate User Registered.  User Index 0, Is Virtual User: 0
[2025.05.25-11.05.44:640][  0]LogHMD: Failed to initialize OpenVR with code 110
[2025.05.25-11.05.44:640][  0]LogD3D11RHI: D3D11 adapters:
[2025.05.25-11.05.44:836][  0]LogD3D11RHI:    0. 'NVIDIA GeForce RTX 3060' (Feature Level 11_0)
[2025.05.25-11.05.44:836][  0]LogD3D11RHI:       12115/0/16341 MB DedicatedVideo/DedicatedSystem/SharedSystem, Outputs:3, VendorId:0x10de
[2025.05.25-11.05.44:839][  0]LogD3D11RHI:    1. 'Microsoft Basic Render Driver' (Feature Level 11_0)
[2025.05.25-11.05.44:839][  0]LogD3D11RHI:       0/0/16341 MB DedicatedVideo/DedicatedSystem/SharedSystem, Outputs:0, VendorId:0x1414
[2025.05.25-11.05.44:839][  0]LogD3D11RHI: Chosen D3D11 Adapter: 0
[2025.05.25-11.05.44:845][  0]LogD3D11RHI: Creating new Direct3DDevice
[2025.05.25-11.05.44:845][  0]LogD3D11RHI:     GPU DeviceId: 0x2504 (for the marketing name, search the web for "GPU Device Id")
[2025.05.25-11.05.44:845][  0]LogWindows: EnumDisplayDevices:
[2025.05.25-11.05.44:847][  0]LogWindows:    0. 'NVIDIA GeForce RTX 3060' (P:1 D:1)
[2025.05.25-11.05.44:847][  0]LogWindows:    1. 'NVIDIA GeForce RTX 3060' (P:0 D:1)
[2025.05.25-11.05.44:847][  0]LogWindows:    2. 'NVIDIA GeForce RTX 3060' (P:0 D:1)
[2025.05.25-11.05.44:847][  0]LogWindows:    3. 'NVIDIA GeForce RTX 3060' (P:0 D:0)
[2025.05.25-11.05.44:847][  0]LogWindows: DebugString: FoundDriverCount:4 
[2025.05.25-11.05.44:847][  0]LogD3D11RHI:     Adapter Name: NVIDIA GeForce RTX 3060
[2025.05.25-11.05.44:847][  0]LogD3D11RHI:   Driver Version: 576.40 (internal:32.0.15.7640, unified:576.40)
[2025.05.25-11.05.44:847][  0]LogD3D11RHI:      Driver Date: 5-6-2025
[2025.05.25-11.05.44:847][  0]LogRHI: Texture pool is 8480 MB (70% of 12115 MB)
[2025.05.25-11.05.44:971][  0]LogD3D11RHI: Async texture creation enabled
[2025.05.25-11.05.44:994][  0]LogD3D11RHI: GPU Timing Frequency: 1000.000000 (Debug: 2 2)
[2025.05.25-11.05.45:323][  0]LogTemp: Display: Module 'AllDesktopTargetPlatform' loaded TargetPlatform 'AllDesktop'
[2025.05.25-11.05.45:333][  0]LogTemp: Display: Module 'MacClientTargetPlatform' loaded TargetPlatform 'MacClient'
[2025.05.25-11.05.45:343][  0]LogTemp: Display: Module 'MacNoEditorTargetPlatform' loaded TargetPlatform 'MacNoEditor'
[2025.05.25-11.05.45:355][  0]LogTemp: Display: Module 'MacServerTargetPlatform' loaded TargetPlatform 'MacServer'
[2025.05.25-11.05.45:365][  0]LogTemp: Display: Module 'MacTargetPlatform' loaded TargetPlatform 'Mac'
[2025.05.25-11.05.45:378][  0]LogTemp: Display: Module 'WindowsClientTargetPlatform' loaded TargetPlatform 'WindowsClient'
[2025.05.25-11.05.45:388][  0]LogTemp: Display: Module 'WindowsNoEditorTargetPlatform' loaded TargetPlatform 'WindowsNoEditor'
[2025.05.25-11.05.45:399][  0]LogTemp: Display: Module 'WindowsServerTargetPlatform' loaded TargetPlatform 'WindowsServer'
[2025.05.25-11.05.45:408][  0]LogTemp: Display: Module 'WindowsTargetPlatform' loaded TargetPlatform 'Windows'
[2025.05.25-11.05.45:438][  0]LogTemp: Display: Module 'AndroidTargetPlatform' loaded TargetPlatform 'Android'
[2025.05.25-11.05.45:438][  0]LogTemp: Display: Module 'AndroidTargetPlatform' loaded TargetPlatform 'Android_ASTC'
[2025.05.25-11.05.45:438][  0]LogTemp: Display: Module 'AndroidTargetPlatform' loaded TargetPlatform 'Android_ATC'
[2025.05.25-11.05.45:438][  0]LogTemp: Display: Module 'AndroidTargetPlatform' loaded TargetPlatform 'Android_DXT'
[2025.05.25-11.05.45:438][  0]LogTemp: Display: Module 'AndroidTargetPlatform' loaded TargetPlatform 'Android_ETC1'
[2025.05.25-11.05.45:438][  0]LogTemp: Display: Module 'AndroidTargetPlatform' loaded TargetPlatform 'Android_ETC1a'
[2025.05.25-11.05.45:438][  0]LogTemp: Display: Module 'AndroidTargetPlatform' loaded TargetPlatform 'Android_ETC2'
[2025.05.25-11.05.45:438][  0]LogTemp: Display: Module 'AndroidTargetPlatform' loaded TargetPlatform 'Android_PVRTC'
[2025.05.25-11.05.45:438][  0]LogTemp: Display: Module 'AndroidTargetPlatform' loaded TargetPlatform 'AndroidClient'
[2025.05.25-11.05.45:438][  0]LogTemp: Display: Module 'AndroidTargetPlatform' loaded TargetPlatform 'Android_ASTCClient'
[2025.05.25-11.05.45:438][  0]LogTemp: Display: Module 'AndroidTargetPlatform' loaded TargetPlatform 'Android_ATCClient'
[2025.05.25-11.05.45:438][  0]LogTemp: Display: Module 'AndroidTargetPlatform' loaded TargetPlatform 'Android_DXTClient'
[2025.05.25-11.05.45:438][  0]LogTemp: Display: Module 'AndroidTargetPlatform' loaded TargetPlatform 'Android_ETC1Client'
[2025.05.25-11.05.45:438][  0]LogTemp: Display: Module 'AndroidTargetPlatform' loaded TargetPlatform 'Android_ETC1aClient'
[2025.05.25-11.05.45:438][  0]LogTemp: Display: Module 'AndroidTargetPlatform' loaded TargetPlatform 'Android_ETC2Client'
[2025.05.25-11.05.45:438][  0]LogTemp: Display: Module 'AndroidTargetPlatform' loaded TargetPlatform 'Android_PVRTCClient'
[2025.05.25-11.05.45:438][  0]LogTemp: Display: Module 'AndroidTargetPlatform' loaded TargetPlatform 'Android_Multi'
[2025.05.25-11.05.45:438][  0]LogTemp: Display: Module 'AndroidTargetPlatform' loaded TargetPlatform 'Android_MultiClient'
[2025.05.25-11.05.45:444][  0]LogTemp: Display: Module 'HTML5TargetPlatform' loaded TargetPlatform 'HTML5'
[2025.05.25-11.05.45:470][  0]LogTemp: Display: Module 'IOSTargetPlatform' loaded TargetPlatform 'IOSClient'
[2025.05.25-11.05.45:470][  0]LogTemp: Display: Module 'IOSTargetPlatform' loaded TargetPlatform 'IOS'
[2025.05.25-11.05.45:485][  0]LogTemp: Display: Module 'TVOSTargetPlatform' loaded TargetPlatform 'TVOSClient'
[2025.05.25-11.05.45:485][  0]LogTemp: Display: Module 'TVOSTargetPlatform' loaded TargetPlatform 'TVOS'
[2025.05.25-11.05.45:495][  0]LogTemp: Display: Module 'LinuxClientTargetPlatform' loaded TargetPlatform 'LinuxClient'
[2025.05.25-11.05.45:504][  0]LogTemp: Display: Module 'LinuxNoEditorTargetPlatform' loaded TargetPlatform 'LinuxNoEditor'
[2025.05.25-11.05.45:514][  0]LogTemp: Display: Module 'LinuxServerTargetPlatform' loaded TargetPlatform 'LinuxServer'
[2025.05.25-11.05.45:525][  0]LogTemp: Display: Module 'LinuxTargetPlatform' loaded TargetPlatform 'Linux'
[2025.05.25-11.05.45:548][  0]LogTemp: Display: Module 'LuminTargetPlatform' loaded TargetPlatform 'Lumin'
[2025.05.25-11.05.45:548][  0]LogTemp: Display: Module 'LuminTargetPlatform' loaded TargetPlatform 'LuminClient'
[2025.05.25-11.05.45:548][  0]LogTargetPlatformManager: Display: Building Assets For Windows
[2025.05.25-11.05.45:590][  0]LogAudioDebug: Display: Lib vorbis DLL was dynamically loaded.
[2025.05.25-11.05.45:753][  0]LogShaderCompilers: Guid format shader working directory is 21 characters bigger than the processId version (H:/homebound/project file/Intermediate/Shaders/WorkingDirectory/5304/).
[2025.05.25-11.05.45:753][  0]LogShaderCompilers: Cleaned the shader compiler working directory 'C:/Users/zack1/AppData/Local/Temp/UnrealShaderWorkingDir/B44AD9CF411E6C10E10610B0B069CDCF/'.
[2025.05.25-11.05.45:755][  0]LogXGEController: Cleaning working directory: C:/Users/zack1/AppData/Local/Temp/UnrealXGEWorkingDir/
[2025.05.25-11.05.45:755][  0]LogXGEController: Cannot use XGE Controller as Incredibuild is not installed on this machine.
[2025.05.25-11.05.45:755][  0]LogShaderCompilers: Cannot use XGE Shader Compiler as Incredibuild is not installed on this machine.
[2025.05.25-11.05.45:755][  0]LogShaderCompilers: Display: Using Local Shader Compiler.
[2025.05.25-11.05.46:333][  0]LogDerivedDataCache: Display: Max Cache Size: 512 MB
[2025.05.25-11.05.46:395][  0]LogDerivedDataCache: Loaded boot cache 0.06s 73MB C:/Users/zack1/AppData/Local/UnrealEngine/4.23/DerivedDataCache/Boot.ddc.
[2025.05.25-11.05.46:395][  0]LogDerivedDataCache: Display: Loaded Boot cache: C:/Users/zack1/AppData/Local/UnrealEngine/4.23/DerivedDataCache/Boot.ddc
[2025.05.25-11.05.46:395][  0]LogDerivedDataCache: FDerivedDataBackendGraph:  Pak pak cache file H:/homebound/project file/DerivedDataCache/DDC.ddp not found, will not use a pak cache.
[2025.05.25-11.05.46:395][  0]LogDerivedDataCache: Unable to find inner node Pak for hierarchical cache Hierarchy.
[2025.05.25-11.05.46:395][  0]LogDerivedDataCache: FDerivedDataBackendGraph:  CompressedPak pak cache file H:/homebound/project file/DerivedDataCache/Compressed.ddp not found, will not use a pak cache.
[2025.05.25-11.05.46:395][  0]LogDerivedDataCache: Unable to find inner node CompressedPak for hierarchical cache Hierarchy.
[2025.05.25-11.05.46:406][  0]LogDerivedDataCache: Display: Pak cache opened for reading ../../../Engine/DerivedDataCache/Compressed.ddp.
[2025.05.25-11.05.46:406][  0]LogDerivedDataCache: FDerivedDataBackendGraph:  EnterprisePak pak cache file ../../../Enterprise/DerivedDataCache/Compressed.ddp not found, will not use a pak cache.
[2025.05.25-11.05.46:406][  0]LogDerivedDataCache: Unable to find inner node EnterprisePak for hierarchical cache Hierarchy.
[2025.05.25-11.05.46:407][  0]LogDerivedDataCache: Using Local data cache path C:/Users/zack1/AppData/Local/UnrealEngine/Common/DerivedDataCache: Writable
[2025.05.25-11.05.46:407][  0]LogDerivedDataCache: Shared data cache path not found in *engine.ini, will not use an Shared cache.
[2025.05.25-11.05.46:407][  0]LogDerivedDataCache: Unable to find inner node Shared for hierarchical cache Hierarchy.
[2025.05.25-11.05.46:423][  0]LogMaterial: Verifying Global Shaders for PCD3D_SM5
[2025.05.25-11.05.46:428][  0]LogSlate: Using FreeType 2.6.0
[2025.05.25-11.05.46:429][  0]LogSlate: SlateFontServices - WITH_FREETYPE: 1, WITH_HARFBUZZ: 1
[2025.05.25-11.05.46:531][  0]LogAssetRegistry: FAssetRegistry took 0.0019 seconds to start up
[2025.05.25-11.05.46:820][  0]LogInit: Selected Device Profile: [Windows]
[2025.05.25-11.05.47:034][  0]LogMeshReduction: Using QuadricMeshReduction for automatic static mesh reduction
[2025.05.25-11.05.47:034][  0]LogMeshReduction: Using SimplygonMeshReduction for automatic skeletal mesh reduction
[2025.05.25-11.05.47:034][  0]LogMeshReduction: Using ProxyLODMeshReduction for automatic mesh merging
[2025.05.25-11.05.47:034][  0]LogMeshReduction: No distributed automatic mesh merging module available
[2025.05.25-11.05.47:034][  0]LogMeshMerging: No distributed automatic mesh merging module available
[2025.05.25-11.05.47:052][  0]LogNetVersion: Homebound 1.0.0, NetCL: 8386587, EngineNetVer: 11, GameNetVer: 0 (Checksum: 3787633708)
[2025.05.25-11.05.48:169][  0]LogPackageLocalizationCache: Processed 12 localized package path(s) for 1 prioritized culture(s) in 0.750647 seconds
[2025.05.25-11.05.48:175][  0]LogUObjectArray: 43444 objects as part of root set at end of initial load.
[2025.05.25-11.05.48:175][  0]LogUObjectAllocator: 7548648 out of 0 bytes used by permanent object pool.
[2025.05.25-11.05.48:175][  0]LogUObjectArray: CloseDisregardForGC: 0/0 objects in disregard for GC pool
[2025.05.25-11.05.49:772][  0]LogTcpMessaging: Initializing TcpMessaging bridge
[2025.05.25-11.05.49:781][  0]LogUdpMessaging: Initializing bridge on interface 0.0.0.0:0 to multicast group 230.0.0.1:6666.
[2025.05.25-11.05.49:907][  0]SourceControl: Source control is disabled
[2025.05.25-11.05.49:907][  0]SourceControl: Source control is disabled
[2025.05.25-11.05.49:921][  0]SourceControl: Source control is disabled
[2025.05.25-11.05.49:928][  0]SourceControl: Source control is disabled
[2025.05.25-11.05.49:945][  0]LogVSAccessor: Display: Unable to create Visual Studio setup instance: 80040154
[2025.05.25-11.05.49:945][  0]LogVSAccessor: Display: Unable to create Visual Studio setup instance: 80040154
[2025.05.25-11.05.50:204][  0]LogAndroidPermission: UAndroidPermissionCallbackProxy::GetInstance
[2025.05.25-11.05.50:450][  0]LogOcInput: OculusInput pre-init called
[2025.05.25-11.05.50:467][  0]LogWindows: Failed to load 'OVRPlugin.dll' (GetLastError=126)
[2025.05.25-11.05.50:467][  0]LogWindows: File 'OVRPlugin.dll' does not exist
[2025.05.25-11.05.50:563][  0]LogEngine: Initializing Engine...
[2025.05.25-11.05.50:565][  0]LogHMD: Failed to initialize OpenVR with code 110
[2025.05.25-11.05.50:565][  0]LogStats: UGameplayTagsManager::InitializeManager -  0.000 s
[2025.05.25-11.05.50:743][  0]LogInit: Initializing FReadOnlyCVARCache
[2025.05.25-11.05.50:766][  0]LogAIModule: Creating AISystem for world Untitled
[2025.05.25-11.05.50:795][  0]LogInit: XAudio2 using 'Headphones (Soundcore Q30)' : 2 channels at 48 kHz using 16 bits per sample (channel mask 0x3)
[2025.05.25-11.05.50:815][  0]LogInit: FAudioDevice initialized.
[2025.05.25-11.05.50:815][  0]LogNetVersion: Set ProjectVersion to 1.0.0.0. Version Checksum will be recalculated on next use.
[2025.05.25-11.05.50:850][  0]LogDerivedDataCache: Saved boot cache 0.03s 73MB C:/Users/zack1/AppData/Local/UnrealEngine/4.23/DerivedDataCache/Boot.ddc.
[2025.05.25-11.05.50:851][  0]LogInit: Texture streaming: Enabled
[2025.05.25-11.05.50:883][  0]LogEngineSessionManager: EngineSessionManager initialized
[2025.05.25-11.05.50:883][  0]LogEditorSessionSummary: Verbose: Initializing EditorSessionSummaryWriter for editor session tracking
[2025.05.25-11.05.50:886][  0]LogEditorSessionSummary: EditorSessionSummaryWriter initialized
[2025.05.25-11.05.51:372][  0]LogInit: Transaction tracking system initialized
[2025.05.25-11.05.51:437][  0]BlueprintLog: New page: Editor Load
[2025.05.25-11.05.51:620][  0]LocalizationService: Localization service is disabled
[2025.05.25-11.05.51:781][  0]LogVSAccessor: Display: Unable to create Visual Studio setup instance: 80040154
[2025.05.25-11.05.51:782][  0]LogVSAccessor: Display: Unable to create Visual Studio setup instance: 80040154
[2025.05.25-11.05.51:951][  0]LogFileCache: Scanning file cache for directory 'H:/homebound/project file/Content/' took 0.00s
[2025.05.25-11.05.51:951][  0]LogCook: Display: Max memory allowance for cook 16384mb min free memory 0mb
[2025.05.25-11.05.51:951][  0]LogCook: Display: Mobile HDR setting 1
[2025.05.25-11.05.52:295][  0]SourceControl: Source control is disabled
[2025.05.25-11.05.52:297][  0]Cmd: MAP LOAD FILE="H:/homebound/project file/Content/2DSideScrollerBP/Maps/2DSideScrollerExampleMap.umap" TEMPLATE=0 SHOWPROGRESS=1 FEATURELEVEL=3
[2025.05.25-11.05.52:315][  0]LightingResults: New page: Lighting Build
[2025.05.25-11.05.52:318][  0]LogWorld: UWorld::CleanupWorld for Untitled, bSessionEnded=true, bCleanupResources=true
[2025.05.25-11.05.52:319][  0]MapCheck: New page: Map Check
[2025.05.25-11.05.52:319][  0]LightingResults: New page: Lighting Build
[2025.05.25-11.05.52:347][  0]LogUObjectHash: Compacting FUObjectHashTables data took   1.31ms
[2025.05.25-11.05.53:131][  0]LogAIModule: Creating AISystem for world 2DSideScrollerExampleMap
[2025.05.25-11.05.53:139][  0]LogEditorServer: Finished looking for orphan Actors (0.000 secs)
[2025.05.25-11.05.53:163][  0]LogUObjectHash: Compacting FUObjectHashTables data took   1.63ms
[2025.05.25-11.05.53:163][  0]Cmd: MAP CHECKDEP NOCLEARLOG
[2025.05.25-11.05.53:163][  0]MapCheck: Map check complete: 0 Error(s), 0 Warning(s), took 0.221ms to complete.
[2025.05.25-11.05.53:163][  0]LogFileHelpers: Loading map '2DSideScrollerExampleMap' took 0.867
[2025.05.25-11.05.53:282][  0]LogSlate: Updating window title bar state: overlay mode, drag disabled, window buttons hidden, title bar hidden
[2025.05.25-11.05.53:289][  0]LogSlate: Updating window title bar state: overlay mode, drag disabled, window buttons hidden, title bar hidden
[2025.05.25-11.05.53:295][  0]LogSlate: Updating window title bar state: overlay mode, drag disabled, window buttons hidden, title bar hidden
[2025.05.25-11.05.53:301][  0]LogSlate: Updating window title bar state: overlay mode, drag disabled, window buttons hidden, title bar hidden
[2025.05.25-11.05.53:315][  0]LogCollectionManager: Loaded 0 collections in 0.001414 seconds
[2025.05.25-11.05.53:325][  0]LogFileCache: Scanning file cache for directory 'H:/homebound/project file/Saved/Collections/' took 0.00s
[2025.05.25-11.05.53:325][  0]LogFileCache: Scanning file cache for directory 'H:/homebound/project file/Content/Developers/zack1/Collections/' took 0.00s
[2025.05.25-11.05.53:325][  0]LogFileCache: Scanning file cache for directory 'H:/homebound/project file/Content/Collections/' took 0.00s
[2025.05.25-11.05.53:325][  0]LogCollectionManager: Rebuilt the GUID cache for 0 collections in 0.000001 seconds
[2025.05.25-11.05.53:333][  0]LogContentBrowser: Native class hierarchy populated in 0.0063 seconds. Added 2863 classes and 680 folders.
[2025.05.25-11.05.53:340][  0]LogContentBrowser: Native class hierarchy updated for 'WidgetCarousel' in 0.0002 seconds. Added 0 classes and 0 folders.
[2025.05.25-11.05.53:425][  0]LogContentBrowser: Native class hierarchy updated for 'AddContentDialog' in 0.0002 seconds. Added 0 classes and 0 folders.
[2025.05.25-11.05.53:438][  0]LogContentBrowser: Native class hierarchy updated for 'SceneOutliner' in 0.0002 seconds. Added 1 classes and 2 folders.
[2025.05.25-11.05.54:219][  0]LogSlate: Only BGRA pngs, bmps or icos are supported in by External Image Picker
[2025.05.25-11.05.54:258][  0]LogSlate: Took 0.000612 seconds to synchronously load lazily loaded font '../../../Engine/Content/Slate/Fonts/Roboto-Regular.ttf' (155K)
[2025.05.25-11.05.54:260][  0]LogSlate: Took 0.000531 seconds to synchronously load lazily loaded font '../../../Engine/Content/Slate/Fonts/Roboto-Bold.ttf' (160K)
[2025.05.25-11.05.54:263][  0]LogSlate: Took 0.000440 seconds to synchronously load lazily loaded font '../../../Engine/Content/Editor/Slate/Fonts/FontAwesome.ttf' (139K)
[2025.05.25-11.05.54:320][  0]LogRenderer: Reallocating scene render targets to support 1288x616 Format 10 NumSamples 1 (Frame:1).
[2025.05.25-11.05.54:399][  0]LogContentBrowser: Native class hierarchy updated for 'HierarchicalLODOutliner' in 0.0002 seconds. Added 0 classes and 0 folders.
[2025.05.25-11.05.54:399][  0]LogLoad: (Engine Initialization) Total time: 12.77 seconds
[2025.05.25-11.05.54:399][  0]LogLoad: (Engine Initialization) Total Blueprint compile time: 0.00 seconds
[2025.05.25-11.05.54:463][  0]LogContentStreaming: Texture pool size now 1000 MB
[2025.05.25-11.05.54:936][  8]LogAssetRegistry: Asset discovery search completed in 8.4055 seconds
[2025.05.25-11.05.54:938][  8]LogCollectionManager: Rebuilt the object cache for 0 collections in 0.000004 seconds (found 0 objects)
[2025.05.25-11.05.54:938][  8]LogCollectionManager: Fixed up redirectors for 0 collections in 0.000048 seconds (updated 0 objects)
[2025.05.25-11.06.00:458][510]LogSlate: FSceneViewport::OnFocusLost() reason 0
[2025.05.25-11.06.01:453][629]LogSlate: FSceneViewport::OnFocusLost() reason 0
[2025.05.25-11.06.04:042][938]LogSlate: FSceneViewport::OnFocusLost() reason 0
[2025.05.25-11.06.28:276][487]LogSlate: Took 0.000502 seconds to synchronously load lazily loaded font '../../../Engine/Content/Slate/Fonts/Roboto-Light.ttf' (167K)
[2025.05.25-11.06.28:290][487]LogFactory: FactoryCreateFile: Texture with ReimportTextureFactory (0 0 C:\Users\zack1\Desktop\game jam 2025\game jam 2025 animation\enemy shooter\sprite shooter.png)
[2025.05.25-11.06.28:334][487]LogTexture: Display: Building textures: sprite_shooter (AutoDXT, 1920X1080)
[2025.05.25-11.06.42:578][923]LogAIModule: Creating AISystem for world level-one
[2025.05.25-11.06.42:589][923]LogAssetEditorManager: Opening Asset editor for World /Game/levels/level-one.level-one
[2025.05.25-11.06.42:612][923]LogUObjectHash: Compacting FUObjectHashTables data took   1.66ms
[2025.05.25-11.06.44:200][923]LogSlate: Window 'Save Content' being destroyed
[2025.05.25-11.06.44:376][923]LogSavePackage: Moving 'H:/homebound/project file/Saved/sprite_shooter8A1DB8B942C3AE442F0A56B75188A928.tmp' to 'H:/homebound/project file/Content/2DSideScrollerBP/enemies-sprites/enemy-shooter-three/sprite_shooter.uasset'
[2025.05.25-11.06.44:482][923]Cmd: MAP LOAD FILE="H:/homebound/project file/Content/levels/level-one.umap" TEMPLATE=0 SHOWPROGRESS=1 FEATURELEVEL=3
[2025.05.25-11.06.44:482][923]LightingResults: New page: Lighting Build
[2025.05.25-11.06.44:482][923]LoadErrors: New page: Loading map: level-one.umap
[2025.05.25-11.06.44:483][923]LogWorld: UWorld::CleanupWorld for 2DSideScrollerExampleMap, bSessionEnded=true, bCleanupResources=true
[2025.05.25-11.06.44:483][923]MapCheck: New page: Map Check
[2025.05.25-11.06.44:483][923]LightingResults: New page: Lighting Build
[2025.05.25-11.06.44:507][923]LogUObjectHash: Compacting FUObjectHashTables data took   1.40ms
[2025.05.25-11.06.44:510][923]LogEditorServer: Finished looking for orphan Actors (0.000 secs)
[2025.05.25-11.06.44:534][923]LogUObjectHash: Compacting FUObjectHashTables data took   1.17ms
[2025.05.25-11.06.44:553][923]Cmd: MAP CHECKDEP NOCLEARLOG
[2025.05.25-11.06.44:554][923]MapCheck: Map check complete: 0 Error(s), 0 Warning(s), took 0.052ms to complete.
[2025.05.25-11.06.44:554][923]LogFileHelpers: Loading map 'level-one' took 0.072
[2025.05.25-11.06.54:402][ 97]LogEditorSessionSummary: EditorSessionSummary sent report. Type=Shutdown, SessionId={C0408BCD-46A3-BD94-717E-E3B2F30D5691}
[2025.05.25-11.07.55:777][431]LogSlate: Took 0.000917 seconds to synchronously load lazily loaded font '../../../Engine/Content/Slate/Fonts/Roboto-BoldCondensed.ttf' (158K)
[2025.05.25-11.08.05:065][515]LogSlate: Window 'Extract sprites' being destroyed
[2025.05.25-11.08.13:691][488]LogAssetEditorManager: Opening Asset editor for Texture2D /Game/2DSideScrollerBP/enemies-sprites/enemy-one-fungi/0000.0000
[2025.05.25-11.08.13:703][488]LogContentBrowser: Native class hierarchy updated for 'TextureEditor' in 0.0002 seconds. Added 1 classes and 2 folders.
[2025.05.25-11.08.15:423][676]LogSlate: Window '0000' being destroyed
[2025.05.25-11.08.15:428][676]LogSlate: Window '0000' being destroyed
[2025.05.25-11.08.24:151][706]LogUObjectHash: Compacting FUObjectHashTables data took   1.25ms
[2025.05.25-11.08.30:875][706]LogSlate: Window 'Delete Assets' being destroyed
[2025.05.25-11.08.40:187][706]LogUObjectHash: Compacting FUObjectHashTables data took   1.22ms
[2025.05.25-11.08.40:213][706]LogUObjectHash: Compacting FUObjectHashTables data took   0.62ms
[2025.05.25-11.08.40:237][706]LogUObjectHash: Compacting FUObjectHashTables data took   0.47ms
[2025.05.25-11.08.40:262][706]LogUObjectHash: Compacting FUObjectHashTables data took   0.50ms
[2025.05.25-11.08.40:286][706]LogUObjectHash: Compacting FUObjectHashTables data took   0.49ms
[2025.05.25-11.08.40:309][706]LogUObjectHash: Compacting FUObjectHashTables data took   0.47ms
[2025.05.25-11.08.40:332][706]LogUObjectHash: Compacting FUObjectHashTables data took   0.48ms
[2025.05.25-11.08.40:355][706]LogUObjectHash: Compacting FUObjectHashTables data took   0.48ms
[2025.05.25-11.08.40:381][706]LogUObjectHash: Compacting FUObjectHashTables data took   0.48ms
[2025.05.25-11.08.40:405][706]LogUObjectHash: Compacting FUObjectHashTables data took   0.48ms
[2025.05.25-11.08.40:430][706]LogUObjectHash: Compacting FUObjectHashTables data took   0.48ms
[2025.05.25-11.08.40:452][706]LogUObjectHash: Compacting FUObjectHashTables data took   0.52ms
[2025.05.25-11.08.40:473][706]LogUObjectHash: Compacting FUObjectHashTables data took   0.48ms
[2025.05.25-11.08.40:497][706]LogUObjectHash: Compacting FUObjectHashTables data took   0.49ms
[2025.05.25-11.08.40:521][706]LogUObjectHash: Compacting FUObjectHashTables data took   0.51ms
[2025.05.25-11.08.40:543][706]LogUObjectHash: Compacting FUObjectHashTables data took   0.49ms
[2025.05.25-11.08.40:567][706]LogUObjectHash: Compacting FUObjectHashTables data took   0.49ms
[2025.05.25-11.08.40:589][706]LogUObjectHash: Compacting FUObjectHashTables data took   0.48ms
[2025.05.25-11.08.40:615][706]LogUObjectHash: Compacting FUObjectHashTables data took   0.48ms
[2025.05.25-11.08.40:638][706]LogUObjectHash: Compacting FUObjectHashTables data took   0.48ms
[2025.05.25-11.08.40:660][706]LogUObjectHash: Compacting FUObjectHashTables data took   0.48ms
[2025.05.25-11.08.40:683][706]LogUObjectHash: Compacting FUObjectHashTables data took   0.49ms
[2025.05.25-11.08.40:707][706]LogUObjectHash: Compacting FUObjectHashTables data took   0.50ms
[2025.05.25-11.08.40:728][706]LogUObjectHash: Compacting FUObjectHashTables data took   0.48ms
[2025.05.25-11.08.40:751][706]LogUObjectHash: Compacting FUObjectHashTables data took   0.65ms
[2025.05.25-11.08.40:773][706]LogUObjectHash: Compacting FUObjectHashTables data took   0.48ms
[2025.05.25-11.08.40:797][706]LogUObjectHash: Compacting FUObjectHashTables data took   0.50ms
[2025.05.25-11.08.40:824][706]LogUObjectHash: Compacting FUObjectHashTables data took   0.52ms
[2025.05.25-11.08.40:848][706]LogUObjectHash: Compacting FUObjectHashTables data took   0.49ms
[2025.05.25-11.08.40:870][706]LogUObjectHash: Compacting FUObjectHashTables data took   0.50ms
[2025.05.25-11.08.40:895][706]LogUObjectHash: Compacting FUObjectHashTables data took   0.49ms
[2025.05.25-11.08.40:918][706]LogUObjectHash: Compacting FUObjectHashTables data took   0.53ms
[2025.05.25-11.08.40:942][706]LogUObjectHash: Compacting FUObjectHashTables data took   0.48ms
[2025.05.25-11.08.40:965][706]LogUObjectHash: Compacting FUObjectHashTables data took   0.48ms
[2025.05.25-11.08.40:987][706]LogUObjectHash: Compacting FUObjectHashTables data took   0.48ms
[2025.05.25-11.08.41:010][706]LogUObjectHash: Compacting FUObjectHashTables data took   0.49ms
[2025.05.25-11.08.41:033][706]LogUObjectHash: Compacting FUObjectHashTables data took   0.48ms
[2025.05.25-11.08.41:058][706]LogUObjectHash: Compacting FUObjectHashTables data took   0.53ms
[2025.05.25-11.08.41:083][706]LogUObjectHash: Compacting FUObjectHashTables data took   0.49ms
[2025.05.25-11.08.41:106][706]LogUObjectHash: Compacting FUObjectHashTables data took   0.50ms
[2025.05.25-11.08.41:130][706]LogUObjectHash: Compacting FUObjectHashTables data took   0.49ms
[2025.05.25-11.08.41:153][706]LogUObjectHash: Compacting FUObjectHashTables data took   0.48ms
[2025.05.25-11.08.41:175][706]LogUObjectHash: Compacting FUObjectHashTables data took   0.48ms
[2025.05.25-11.08.41:195][706]LogUObjectHash: Compacting FUObjectHashTables data took   0.48ms
[2025.05.25-11.08.41:221][706]LogUObjectHash: Compacting FUObjectHashTables data took   0.49ms
[2025.05.25-11.08.41:245][706]LogUObjectHash: Compacting FUObjectHashTables data took   0.50ms
[2025.05.25-11.08.41:267][706]LogUObjectHash: Compacting FUObjectHashTables data took   0.48ms
[2025.05.25-11.08.41:290][706]LogUObjectHash: Compacting FUObjectHashTables data took   0.48ms
[2025.05.25-11.08.41:313][706]LogUObjectHash: Compacting FUObjectHashTables data took   0.48ms
[2025.05.25-11.08.41:335][706]LogUObjectHash: Compacting FUObjectHashTables data took   0.51ms
[2025.05.25-11.08.41:358][706]LogUObjectHash: Compacting FUObjectHashTables data took   0.49ms
[2025.05.25-11.08.41:382][706]LogUObjectHash: Compacting FUObjectHashTables data took   0.49ms
[2025.05.25-11.08.41:403][706]LogUObjectHash: Compacting FUObjectHashTables data took   0.49ms
[2025.05.25-11.08.41:427][706]LogUObjectHash: Compacting FUObjectHashTables data took   0.51ms
[2025.05.25-11.08.41:450][706]LogUObjectHash: Compacting FUObjectHashTables data took   0.48ms
[2025.05.25-11.08.41:473][706]LogUObjectHash: Compacting FUObjectHashTables data took   0.60ms
[2025.05.25-11.08.41:498][706]LogUObjectHash: Compacting FUObjectHashTables data took   0.52ms
[2025.05.25-11.08.41:521][706]LogUObjectHash: Compacting FUObjectHashTables data took   0.48ms
[2025.05.25-11.08.41:546][706]LogUObjectHash: Compacting FUObjectHashTables data took   0.48ms
[2025.05.25-11.08.41:568][706]LogUObjectHash: Compacting FUObjectHashTables data took   0.50ms
[2025.05.25-11.08.41:592][706]LogUObjectHash: Compacting FUObjectHashTables data took   0.49ms
[2025.05.25-11.08.41:615][706]LogUObjectHash: Compacting FUObjectHashTables data took   0.49ms
[2025.05.25-11.08.41:639][706]LogUObjectHash: Compacting FUObjectHashTables data took   0.48ms
[2025.05.25-11.08.41:664][706]LogUObjectHash: Compacting FUObjectHashTables data took   0.49ms
[2025.05.25-11.08.41:688][706]LogUObjectHash: Compacting FUObjectHashTables data took   0.48ms
[2025.05.25-11.08.41:712][706]LogUObjectHash: Compacting FUObjectHashTables data took   0.48ms
[2025.05.25-11.08.41:734][706]LogUObjectHash: Compacting FUObjectHashTables data took   0.48ms
[2025.05.25-11.08.41:763][706]LogUObjectHash: Compacting FUObjectHashTables data took   1.22ms
[2025.05.25-11.08.41:787][706]LogUObjectHash: Compacting FUObjectHashTables data took   0.54ms
[2025.05.25-11.08.55:982][129]LogFactory: FactoryCreateFile: Texture with ReimportTextureFactory (0 0 C:\Users\zack1\Desktop\game jam 2025\game jam 2025 animation\v.2\0052.png)
[2025.05.25-11.08.56:017][129]LogTexture: Display: Building textures: 0052 (AutoDXT, 1920X1080)
[2025.05.25-11.08.57:655][129]LogFactory: FactoryCreateFile: Texture with ReimportTextureFactory (0 0 C:\Users\zack1\Desktop\game jam 2025\game jam 2025 animation\v.2\0053.png)
[2025.05.25-11.08.57:688][129]LogTexture: Display: Building textures: 0053 (AutoDXT, 1920X1080)
[2025.05.25-11.08.59:307][129]LogFactory: FactoryCreateFile: Texture with ReimportTextureFactory (0 0 C:\Users\zack1\Desktop\game jam 2025\game jam 2025 animation\v.2\0054.png)
[2025.05.25-11.08.59:340][129]LogTexture: Display: Building textures: 0054 (AutoDXT, 1920X1080)
[2025.05.25-11.09.00:957][129]LogFactory: FactoryCreateFile: Texture with ReimportTextureFactory (0 0 C:\Users\zack1\Desktop\game jam 2025\game jam 2025 animation\v.2\0055.png)
[2025.05.25-11.09.00:990][129]LogTexture: Display: Building textures: 0055 (AutoDXT, 1920X1080)
[2025.05.25-11.09.02:603][129]LogFactory: FactoryCreateFile: Texture with ReimportTextureFactory (0 0 C:\Users\zack1\Desktop\game jam 2025\game jam 2025 animation\v.2\0056.png)
[2025.05.25-11.09.02:635][129]LogTexture: Display: Building textures: 0056 (AutoDXT, 1920X1080)
[2025.05.25-11.09.04:249][129]LogFactory: FactoryCreateFile: Texture with ReimportTextureFactory (0 0 C:\Users\zack1\Desktop\game jam 2025\game jam 2025 animation\v.2\0057.png)
[2025.05.25-11.09.04:281][129]LogTexture: Display: Building textures: 0057 (AutoDXT, 1920X1080)
[2025.05.25-11.09.05:902][129]LogFactory: FactoryCreateFile: Texture with ReimportTextureFactory (0 0 C:\Users\zack1\Desktop\game jam 2025\game jam 2025 animation\v.2\0058.png)
[2025.05.25-11.09.05:933][129]LogTexture: Display: Building textures: 0058 (AutoDXT, 1920X1080)
[2025.05.25-11.09.07:554][129]LogFactory: FactoryCreateFile: Texture with ReimportTextureFactory (0 0 C:\Users\zack1\Desktop\game jam 2025\game jam 2025 animation\v.2\0059.png)
[2025.05.25-11.09.07:587][129]LogTexture: Display: Building textures: 0059 (AutoDXT, 1920X1080)
[2025.05.25-11.09.09:200][129]LogFactory: FactoryCreateFile: Texture with ReimportTextureFactory (0 0 C:\Users\zack1\Desktop\game jam 2025\game jam 2025 animation\v.2\0060.png)
[2025.05.25-11.09.09:231][129]LogTexture: Display: Building textures: 0060 (AutoDXT, 1920X1080)
[2025.05.25-11.09.10:843][129]LogFactory: FactoryCreateFile: Texture with ReimportTextureFactory (0 0 C:\Users\zack1\Desktop\game jam 2025\game jam 2025 animation\v.2\0061.png)
[2025.05.25-11.09.10:873][129]LogTexture: Display: Building textures: 0061 (AutoDXT, 1920X1080)
[2025.05.25-11.09.12:493][129]LogFactory: FactoryCreateFile: Texture with ReimportTextureFactory (0 0 C:\Users\zack1\Desktop\game jam 2025\game jam 2025 animation\v.2\0062.png)
[2025.05.25-11.09.12:524][129]LogTexture: Display: Building textures: 0062 (AutoDXT, 1920X1080)
[2025.05.25-11.09.14:146][129]LogFactory: FactoryCreateFile: Texture with ReimportTextureFactory (0 0 C:\Users\zack1\Desktop\game jam 2025\game jam 2025 animation\v.2\0063.png)
[2025.05.25-11.09.14:175][129]LogTexture: Display: Building textures: 0063 (AutoDXT, 1920X1080)
[2025.05.25-11.09.15:795][129]LogFactory: FactoryCreateFile: Texture with ReimportTextureFactory (0 0 C:\Users\zack1\Desktop\game jam 2025\game jam 2025 animation\v.2\0064.png)
[2025.05.25-11.09.15:825][129]LogTexture: Display: Building textures: 0064 (AutoDXT, 1920X1080)
[2025.05.25-11.09.17:449][129]LogFactory: FactoryCreateFile: Texture with ReimportTextureFactory (0 0 C:\Users\zack1\Desktop\game jam 2025\game jam 2025 animation\v.2\0000.png)
[2025.05.25-11.09.17:479][129]LogTexture: Display: Building textures: 0000 (AutoDXT, 1920X1080)
[2025.05.25-11.09.19:090][129]LogFactory: FactoryCreateFile: Texture with ReimportTextureFactory (0 0 C:\Users\zack1\Desktop\game jam 2025\game jam 2025 animation\v.2\0001.png)
[2025.05.25-11.09.19:121][129]LogTexture: Display: Building textures: 0001 (AutoDXT, 1920X1080)
[2025.05.25-11.09.20:738][129]LogFactory: FactoryCreateFile: Texture with ReimportTextureFactory (0 0 C:\Users\zack1\Desktop\game jam 2025\game jam 2025 animation\v.2\0002.png)
[2025.05.25-11.09.20:768][129]LogTexture: Display: Building textures: 0002 (AutoDXT, 1920X1080)
[2025.05.25-11.09.22:376][129]LogFactory: FactoryCreateFile: Texture with ReimportTextureFactory (0 0 C:\Users\zack1\Desktop\game jam 2025\game jam 2025 animation\v.2\0003.png)
[2025.05.25-11.09.22:405][129]LogTexture: Display: Building textures: 0003 (AutoDXT, 1920X1080)
[2025.05.25-11.09.24:018][129]LogFactory: FactoryCreateFile: Texture with ReimportTextureFactory (0 0 C:\Users\zack1\Desktop\game jam 2025\game jam 2025 animation\v.2\0004.png)
[2025.05.25-11.09.24:048][129]LogTexture: Display: Building textures: 0004 (AutoDXT, 1920X1080)
[2025.05.25-11.09.25:658][129]LogFactory: FactoryCreateFile: Texture with ReimportTextureFactory (0 0 C:\Users\zack1\Desktop\game jam 2025\game jam 2025 animation\v.2\0005.png)
[2025.05.25-11.09.25:689][129]LogTexture: Display: Building textures: 0005 (AutoDXT, 1920X1080)
[2025.05.25-11.09.27:303][129]LogFactory: FactoryCreateFile: Texture with ReimportTextureFactory (0 0 C:\Users\zack1\Desktop\game jam 2025\game jam 2025 animation\v.2\0006.png)
[2025.05.25-11.09.27:334][129]LogTexture: Display: Building textures: 0006 (AutoDXT, 1920X1080)
[2025.05.25-11.09.28:947][129]LogFactory: FactoryCreateFile: Texture with ReimportTextureFactory (0 0 C:\Users\zack1\Desktop\game jam 2025\game jam 2025 animation\v.2\0007.png)
[2025.05.25-11.09.28:978][129]LogTexture: Display: Building textures: 0007 (AutoDXT, 1920X1080)
[2025.05.25-11.09.30:593][129]LogFactory: FactoryCreateFile: Texture with ReimportTextureFactory (0 0 C:\Users\zack1\Desktop\game jam 2025\game jam 2025 animation\v.2\0008.png)
[2025.05.25-11.09.30:625][129]LogTexture: Display: Building textures: 0008 (AutoDXT, 1920X1080)
[2025.05.25-11.09.32:239][129]LogFactory: FactoryCreateFile: Texture with ReimportTextureFactory (0 0 C:\Users\zack1\Desktop\game jam 2025\game jam 2025 animation\v.2\0009.png)
[2025.05.25-11.09.32:272][129]LogTexture: Display: Building textures: 0009 (AutoDXT, 1920X1080)
[2025.05.25-11.09.33:884][129]LogFactory: FactoryCreateFile: Texture with ReimportTextureFactory (0 0 C:\Users\zack1\Desktop\game jam 2025\game jam 2025 animation\v.2\0010.png)
[2025.05.25-11.09.33:915][129]LogTexture: Display: Building textures: 0010 (AutoDXT, 1920X1080)
[2025.05.25-11.09.35:530][129]LogFactory: FactoryCreateFile: Texture with ReimportTextureFactory (0 0 C:\Users\zack1\Desktop\game jam 2025\game jam 2025 animation\v.2\0011.png)
[2025.05.25-11.09.35:562][129]LogTexture: Display: Building textures: 0011 (AutoDXT, 1920X1080)
[2025.05.25-11.09.37:175][129]LogFactory: FactoryCreateFile: Texture with ReimportTextureFactory (0 0 C:\Users\zack1\Desktop\game jam 2025\game jam 2025 animation\v.2\0012.png)
[2025.05.25-11.09.37:207][129]LogTexture: Display: Building textures: 0012 (AutoDXT, 1920X1080)
[2025.05.25-11.09.38:827][129]LogFactory: FactoryCreateFile: Texture with ReimportTextureFactory (0 0 C:\Users\zack1\Desktop\game jam 2025\game jam 2025 animation\v.2\0013.png)
[2025.05.25-11.09.38:860][129]LogTexture: Display: Building textures: 0013 (AutoDXT, 1920X1080)
[2025.05.25-11.09.40:471][129]LogFactory: FactoryCreateFile: Texture with ReimportTextureFactory (0 0 C:\Users\zack1\Desktop\game jam 2025\game jam 2025 animation\v.2\0014.png)
[2025.05.25-11.09.40:504][129]LogTexture: Display: Building textures: 0014 (AutoDXT, 1920X1080)
[2025.05.25-11.09.42:118][129]LogFactory: FactoryCreateFile: Texture with ReimportTextureFactory (0 0 C:\Users\zack1\Desktop\game jam 2025\game jam 2025 animation\v.2\0015.png)
[2025.05.25-11.09.42:151][129]LogTexture: Display: Building textures: 0015 (AutoDXT, 1920X1080)
[2025.05.25-11.09.43:765][129]LogFactory: FactoryCreateFile: Texture with ReimportTextureFactory (0 0 C:\Users\zack1\Desktop\game jam 2025\game jam 2025 animation\v.2\0016.png)
[2025.05.25-11.09.43:798][129]LogTexture: Display: Building textures: 0016 (AutoDXT, 1920X1080)
[2025.05.25-11.09.45:411][129]LogFactory: FactoryCreateFile: Texture with ReimportTextureFactory (0 0 C:\Users\zack1\Desktop\game jam 2025\game jam 2025 animation\v.2\0017.png)
[2025.05.25-11.09.45:442][129]LogTexture: Display: Building textures: 0017 (AutoDXT, 1920X1080)
[2025.05.25-11.09.47:051][129]LogFactory: FactoryCreateFile: Texture with ReimportTextureFactory (0 0 C:\Users\zack1\Desktop\game jam 2025\game jam 2025 animation\v.2\0018.png)
[2025.05.25-11.09.47:084][129]LogTexture: Display: Building textures: 0018 (AutoDXT, 1920X1080)
[2025.05.25-11.09.48:729][129]LogFactory: FactoryCreateFile: Texture with ReimportTextureFactory (0 0 C:\Users\zack1\Desktop\game jam 2025\game jam 2025 animation\v.2\0019.png)
[2025.05.25-11.09.48:762][129]LogTexture: Display: Building textures: 0019 (AutoDXT, 1920X1080)
[2025.05.25-11.09.50:372][129]LogFactory: FactoryCreateFile: Texture with ReimportTextureFactory (0 0 C:\Users\zack1\Desktop\game jam 2025\game jam 2025 animation\v.2\0020.png)
[2025.05.25-11.09.50:404][129]LogTexture: Display: Building textures: 0020 (AutoDXT, 1920X1080)
[2025.05.25-11.09.52:024][129]LogFactory: FactoryCreateFile: Texture with ReimportTextureFactory (0 0 C:\Users\zack1\Desktop\game jam 2025\game jam 2025 animation\v.2\0021.png)
[2025.05.25-11.09.52:055][129]LogTexture: Display: Building textures: 0021 (AutoDXT, 1920X1080)
[2025.05.25-11.09.53:672][129]LogFactory: FactoryCreateFile: Texture with ReimportTextureFactory (0 0 C:\Users\zack1\Desktop\game jam 2025\game jam 2025 animation\v.2\0022.png)
[2025.05.25-11.09.53:703][129]LogTexture: Display: Building textures: 0022 (AutoDXT, 1920X1080)
[2025.05.25-11.09.55:318][129]LogFactory: FactoryCreateFile: Texture with ReimportTextureFactory (0 0 C:\Users\zack1\Desktop\game jam 2025\game jam 2025 animation\v.2\0023.png)
[2025.05.25-11.09.55:350][129]LogTexture: Display: Building textures: 0023 (AutoDXT, 1920X1080)
[2025.05.25-11.09.56:967][129]LogFactory: FactoryCreateFile: Texture with ReimportTextureFactory (0 0 C:\Users\zack1\Desktop\game jam 2025\game jam 2025 animation\v.2\0024.png)
[2025.05.25-11.09.57:000][129]LogTexture: Display: Building textures: 0024 (AutoDXT, 1920X1080)
[2025.05.25-11.09.58:614][129]LogFactory: FactoryCreateFile: Texture with ReimportTextureFactory (0 0 C:\Users\zack1\Desktop\game jam 2025\game jam 2025 animation\v.2\0025.png)
[2025.05.25-11.09.58:647][129]LogTexture: Display: Building textures: 0025 (AutoDXT, 1920X1080)
[2025.05.25-11.10.00:259][129]LogFactory: FactoryCreateFile: Texture with ReimportTextureFactory (0 0 C:\Users\zack1\Desktop\game jam 2025\game jam 2025 animation\v.2\0026.png)
[2025.05.25-11.10.00:290][129]LogTexture: Display: Building textures: 0026 (AutoDXT, 1920X1080)
[2025.05.25-11.10.01:901][129]LogFactory: FactoryCreateFile: Texture with ReimportTextureFactory (0 0 C:\Users\zack1\Desktop\game jam 2025\game jam 2025 animation\v.2\0027.png)
[2025.05.25-11.10.01:933][129]LogTexture: Display: Building textures: 0027 (AutoDXT, 1920X1080)
[2025.05.25-11.10.03:543][129]LogFactory: FactoryCreateFile: Texture with ReimportTextureFactory (0 0 C:\Users\zack1\Desktop\game jam 2025\game jam 2025 animation\v.2\0028.png)
[2025.05.25-11.10.03:574][129]LogTexture: Display: Building textures: 0028 (AutoDXT, 1920X1080)
[2025.05.25-11.10.05:184][129]LogFactory: FactoryCreateFile: Texture with ReimportTextureFactory (0 0 C:\Users\zack1\Desktop\game jam 2025\game jam 2025 animation\v.2\0029.png)
[2025.05.25-11.10.05:215][129]LogTexture: Display: Building textures: 0029 (AutoDXT, 1920X1080)
[2025.05.25-11.10.06:829][129]LogFactory: FactoryCreateFile: Texture with ReimportTextureFactory (0 0 C:\Users\zack1\Desktop\game jam 2025\game jam 2025 animation\v.2\0030.png)
[2025.05.25-11.10.06:861][129]LogTexture: Display: Building textures: 0030 (AutoDXT, 1920X1080)
[2025.05.25-11.10.08:471][129]LogFactory: FactoryCreateFile: Texture with ReimportTextureFactory (0 0 C:\Users\zack1\Desktop\game jam 2025\game jam 2025 animation\v.2\0031.png)
[2025.05.25-11.10.08:503][129]LogTexture: Display: Building textures: 0031 (AutoDXT, 1920X1080)
[2025.05.25-11.10.10:108][129]LogFactory: FactoryCreateFile: Texture with ReimportTextureFactory (0 0 C:\Users\zack1\Desktop\game jam 2025\game jam 2025 animation\v.2\0032.png)
[2025.05.25-11.10.10:138][129]LogTexture: Display: Building textures: 0032 (AutoDXT, 1920X1080)
[2025.05.25-11.10.11:751][129]LogFactory: FactoryCreateFile: Texture with ReimportTextureFactory (0 0 C:\Users\zack1\Desktop\game jam 2025\game jam 2025 animation\v.2\0033.png)
[2025.05.25-11.10.11:782][129]LogTexture: Display: Building textures: 0033 (AutoDXT, 1920X1080)
[2025.05.25-11.10.13:394][129]LogFactory: FactoryCreateFile: Texture with ReimportTextureFactory (0 0 C:\Users\zack1\Desktop\game jam 2025\game jam 2025 animation\v.2\0034.png)
[2025.05.25-11.10.13:424][129]LogTexture: Display: Building textures: 0034 (AutoDXT, 1920X1080)
[2025.05.25-11.10.15:034][129]LogFactory: FactoryCreateFile: Texture with ReimportTextureFactory (0 0 C:\Users\zack1\Desktop\game jam 2025\game jam 2025 animation\v.2\0035.png)
[2025.05.25-11.10.15:065][129]LogTexture: Display: Building textures: 0035 (AutoDXT, 1920X1080)
[2025.05.25-11.10.16:684][129]LogFactory: FactoryCreateFile: Texture with ReimportTextureFactory (0 0 C:\Users\zack1\Desktop\game jam 2025\game jam 2025 animation\v.2\0036.png)
[2025.05.25-11.10.16:716][129]LogTexture: Display: Building textures: 0036 (AutoDXT, 1920X1080)
[2025.05.25-11.10.18:322][129]LogFactory: FactoryCreateFile: Texture with ReimportTextureFactory (0 0 C:\Users\zack1\Desktop\game jam 2025\game jam 2025 animation\v.2\0037.png)
[2025.05.25-11.10.18:353][129]LogTexture: Display: Building textures: 0037 (AutoDXT, 1920X1080)
[2025.05.25-11.10.19:966][129]LogFactory: FactoryCreateFile: Texture with ReimportTextureFactory (0 0 C:\Users\zack1\Desktop\game jam 2025\game jam 2025 animation\v.2\0038.png)
[2025.05.25-11.10.19:997][129]LogTexture: Display: Building textures: 0038 (AutoDXT, 1920X1080)
[2025.05.25-11.10.21:612][129]LogFactory: FactoryCreateFile: Texture with ReimportTextureFactory (0 0 C:\Users\zack1\Desktop\game jam 2025\game jam 2025 animation\v.2\0039.png)
[2025.05.25-11.10.21:643][129]LogTexture: Display: Building textures: 0039 (AutoDXT, 1920X1080)
[2025.05.25-11.10.23:259][129]LogFactory: FactoryCreateFile: Texture with ReimportTextureFactory (0 0 C:\Users\zack1\Desktop\game jam 2025\game jam 2025 animation\v.2\0040.png)
[2025.05.25-11.10.23:291][129]LogTexture: Display: Building textures: 0040 (AutoDXT, 1920X1080)
[2025.05.25-11.10.24:912][129]LogFactory: FactoryCreateFile: Texture with ReimportTextureFactory (0 0 C:\Users\zack1\Desktop\game jam 2025\game jam 2025 animation\v.2\0041.png)
[2025.05.25-11.10.24:944][129]LogTexture: Display: Building textures: 0041 (AutoDXT, 1920X1080)
[2025.05.25-11.10.26:556][129]LogFactory: FactoryCreateFile: Texture with ReimportTextureFactory (0 0 C:\Users\zack1\Desktop\game jam 2025\game jam 2025 animation\v.2\0042.png)
[2025.05.25-11.10.26:588][129]LogTexture: Display: Building textures: 0042 (AutoDXT, 1920X1080)
[2025.05.25-11.10.28:210][129]LogFactory: FactoryCreateFile: Texture with ReimportTextureFactory (0 0 C:\Users\zack1\Desktop\game jam 2025\game jam 2025 animation\v.2\0043.png)
[2025.05.25-11.10.28:242][129]LogTexture: Display: Building textures: 0043 (AutoDXT, 1920X1080)
[2025.05.25-11.10.29:885][129]LogFactory: FactoryCreateFile: Texture with ReimportTextureFactory (0 0 C:\Users\zack1\Desktop\game jam 2025\game jam 2025 animation\v.2\0044.png)
[2025.05.25-11.10.29:918][129]LogTexture: Display: Building textures: 0044 (AutoDXT, 1920X1080)
[2025.05.25-11.10.31:533][129]LogFactory: FactoryCreateFile: Texture with ReimportTextureFactory (0 0 C:\Users\zack1\Desktop\game jam 2025\game jam 2025 animation\v.2\0045.png)
[2025.05.25-11.10.31:565][129]LogTexture: Display: Building textures: 0045 (AutoDXT, 1920X1080)
[2025.05.25-11.10.33:176][129]LogFactory: FactoryCreateFile: Texture with ReimportTextureFactory (0 0 C:\Users\zack1\Desktop\game jam 2025\game jam 2025 animation\v.2\0046.png)
[2025.05.25-11.10.33:208][129]LogTexture: Display: Building textures: 0046 (AutoDXT, 1920X1080)
[2025.05.25-11.10.34:811][129]LogFactory: FactoryCreateFile: Texture with ReimportTextureFactory (0 0 C:\Users\zack1\Desktop\game jam 2025\game jam 2025 animation\v.2\0047.png)
[2025.05.25-11.10.34:843][129]LogTexture: Display: Building textures: 0047 (AutoDXT, 1920X1080)
[2025.05.25-11.10.36:457][129]LogFactory: FactoryCreateFile: Texture with ReimportTextureFactory (0 0 C:\Users\zack1\Desktop\game jam 2025\game jam 2025 animation\v.2\0048.png)
[2025.05.25-11.10.36:489][129]LogTexture: Display: Building textures: 0048 (AutoDXT, 1920X1080)
[2025.05.25-11.10.38:106][129]LogFactory: FactoryCreateFile: Texture with ReimportTextureFactory (0 0 C:\Users\zack1\Desktop\game jam 2025\game jam 2025 animation\v.2\0049.png)
[2025.05.25-11.10.38:139][129]LogTexture: Display: Building textures: 0049 (AutoDXT, 1920X1080)
[2025.05.25-11.10.39:752][129]LogFactory: FactoryCreateFile: Texture with ReimportTextureFactory (0 0 C:\Users\zack1\Desktop\game jam 2025\game jam 2025 animation\v.2\0050.png)
[2025.05.25-11.10.39:785][129]LogTexture: Display: Building textures: 0050 (AutoDXT, 1920X1080)
[2025.05.25-11.10.41:393][129]LogFactory: FactoryCreateFile: Texture with ReimportTextureFactory (0 0 C:\Users\zack1\Desktop\game jam 2025\game jam 2025 animation\v.2\0051.png)
[2025.05.25-11.10.41:424][129]LogTexture: Display: Building textures: 0051 (AutoDXT, 1920X1080)
[2025.05.25-11.11.02:515][607]LogSavePackage: Moving 'H:/homebound/project file/Saved/0000_Sprite26DBC5C444C5987E4DFDEB8626706EA3.tmp' to 'H:/homebound/project file/Content/2DSideScrollerBP/enemies-sprites/enemy-one-fungi/enemy-one-sprite/0000_Sprite.uasset'
[2025.05.25-11.11.02:663][607]LogSavePackage: Moving 'H:/homebound/project file/Saved/0001_SpriteF909EA644C89AAD113BC9B9F5E36C19D.tmp' to 'H:/homebound/project file/Content/2DSideScrollerBP/enemies-sprites/enemy-one-fungi/enemy-one-sprite/0001_Sprite.uasset'
[2025.05.25-11.11.02:828][607]LogSavePackage: Moving 'H:/homebound/project file/Saved/0002_Sprite3AE609DF4EE4C8B4A9D1A4A00A34F125.tmp' to 'H:/homebound/project file/Content/2DSideScrollerBP/enemies-sprites/enemy-one-fungi/enemy-one-sprite/0002_Sprite.uasset'
[2025.05.25-11.11.02:968][607]LogSavePackage: Moving 'H:/homebound/project file/Saved/0003_SpriteCCA1DC6848BD7E5FEA307596C288D98C.tmp' to 'H:/homebound/project file/Content/2DSideScrollerBP/enemies-sprites/enemy-one-fungi/enemy-one-sprite/0003_Sprite.uasset'
[2025.05.25-11.11.03:147][607]LogSavePackage: Moving 'H:/homebound/project file/Saved/0004_Sprite5995A5AA4659902A9A9BF6AFEF01A238.tmp' to 'H:/homebound/project file/Content/2DSideScrollerBP/enemies-sprites/enemy-one-fungi/enemy-one-sprite/0004_Sprite.uasset'
[2025.05.25-11.11.03:275][607]LogSavePackage: Moving 'H:/homebound/project file/Saved/0005_Sprite72223A5142D210EFD5A13AAC1363977E.tmp' to 'H:/homebound/project file/Content/2DSideScrollerBP/enemies-sprites/enemy-one-fungi/enemy-one-sprite/0005_Sprite.uasset'
[2025.05.25-11.11.03:418][607]LogSavePackage: Moving 'H:/homebound/project file/Saved/0006_Sprite515B9DE84A7F26FE9766DDAE370156B6.tmp' to 'H:/homebound/project file/Content/2DSideScrollerBP/enemies-sprites/enemy-one-fungi/enemy-one-sprite/0006_Sprite.uasset'
[2025.05.25-11.11.03:624][607]LogSavePackage: Moving 'H:/homebound/project file/Saved/0007_Sprite0B9FB47A479BE3D9D74C4FA22249D44C.tmp' to 'H:/homebound/project file/Content/2DSideScrollerBP/enemies-sprites/enemy-one-fungi/enemy-one-sprite/0007_Sprite.uasset'
[2025.05.25-11.11.03:753][607]LogSavePackage: Moving 'H:/homebound/project file/Saved/0008_SpriteB85027E34503B2C5F7542EAE1DA89FBB.tmp' to 'H:/homebound/project file/Content/2DSideScrollerBP/enemies-sprites/enemy-one-fungi/enemy-one-sprite/0008_Sprite.uasset'
[2025.05.25-11.11.03:943][607]LogSavePackage: Moving 'H:/homebound/project file/Saved/0009_Sprite12EAE2D147538562473EC0930C6C8C08.tmp' to 'H:/homebound/project file/Content/2DSideScrollerBP/enemies-sprites/enemy-one-fungi/enemy-one-sprite/0009_Sprite.uasset'
[2025.05.25-11.11.04:083][607]LogSavePackage: Moving 'H:/homebound/project file/Saved/0010_Sprite6F707E9442FE7944F1CEE5BDFF1AE435.tmp' to 'H:/homebound/project file/Content/2DSideScrollerBP/enemies-sprites/enemy-one-fungi/enemy-one-sprite/0010_Sprite.uasset'
[2025.05.25-11.11.04:245][607]LogSavePackage: Moving 'H:/homebound/project file/Saved/0011_SpriteA06B8E414335624ADDD2A49FF956657E.tmp' to 'H:/homebound/project file/Content/2DSideScrollerBP/enemies-sprites/enemy-one-fungi/enemy-one-sprite/0011_Sprite.uasset'
[2025.05.25-11.11.04:447][607]LogSavePackage: Moving 'H:/homebound/project file/Saved/0012_Sprite94B40E3140D054C8F7581E94E21090F4.tmp' to 'H:/homebound/project file/Content/2DSideScrollerBP/enemies-sprites/enemy-one-fungi/enemy-one-sprite/0012_Sprite.uasset'
[2025.05.25-11.11.04:709][607]LogSavePackage: Moving 'H:/homebound/project file/Saved/0013_SpriteC98ADA0F462006795828F3BB156CABB7.tmp' to 'H:/homebound/project file/Content/2DSideScrollerBP/enemies-sprites/enemy-one-fungi/enemy-one-sprite/0013_Sprite.uasset'
[2025.05.25-11.11.04:894][607]LogSavePackage: Moving 'H:/homebound/project file/Saved/0014_Sprite14D19874411F65A64975F9826D83F8C0.tmp' to 'H:/homebound/project file/Content/2DSideScrollerBP/enemies-sprites/enemy-one-fungi/enemy-one-sprite/0014_Sprite.uasset'
[2025.05.25-11.11.05:045][607]LogSavePackage: Moving 'H:/homebound/project file/Saved/0015_Sprite2F390BAF4FD77FD930A2C1B91112CF24.tmp' to 'H:/homebound/project file/Content/2DSideScrollerBP/enemies-sprites/enemy-one-fungi/enemy-one-sprite/0015_Sprite.uasset'
[2025.05.25-11.11.05:255][607]LogSavePackage: Moving 'H:/homebound/project file/Saved/0016_SpriteC0EB1D594F3309C4B18A1FA34F1E3355.tmp' to 'H:/homebound/project file/Content/2DSideScrollerBP/enemies-sprites/enemy-one-fungi/enemy-one-sprite/0016_Sprite.uasset'
[2025.05.25-11.11.05:463][607]LogSavePackage: Moving 'H:/homebound/project file/Saved/0017_SpriteAF547FC844C3E9B3C58636A07E8BDE39.tmp' to 'H:/homebound/project file/Content/2DSideScrollerBP/enemies-sprites/enemy-one-fungi/enemy-one-sprite/0017_Sprite.uasset'
[2025.05.25-11.11.05:592][607]LogSavePackage: Moving 'H:/homebound/project file/Saved/0018_SpriteC4C57F674E9A12784AA0ACA093257CF4.tmp' to 'H:/homebound/project file/Content/2DSideScrollerBP/enemies-sprites/enemy-one-fungi/enemy-one-sprite/0018_Sprite.uasset'
[2025.05.25-11.11.05:779][607]LogSavePackage: Moving 'H:/homebound/project file/Saved/0019_Sprite1AE8503744B1187A00A796B61B8C7CFC.tmp' to 'H:/homebound/project file/Content/2DSideScrollerBP/enemies-sprites/enemy-one-fungi/enemy-one-sprite/0019_Sprite.uasset'
[2025.05.25-11.11.06:656][607]LogSavePackage: Moving 'H:/homebound/project file/Saved/0020_Sprite59C0A0904BE4F14A2BB033A06B4D6EDD.tmp' to 'H:/homebound/project file/Content/2DSideScrollerBP/enemies-sprites/enemy-one-fungi/enemy-one-sprite/0020_Sprite.uasset'
[2025.05.25-11.11.06:816][607]LogSavePackage: Moving 'H:/homebound/project file/Saved/0021_Sprite1BBE91E843EC05CFFCB483B8D09E5963.tmp' to 'H:/homebound/project file/Content/2DSideScrollerBP/enemies-sprites/enemy-one-fungi/enemy-one-sprite/0021_Sprite.uasset'
[2025.05.25-11.11.06:997][607]LogSavePackage: Moving 'H:/homebound/project file/Saved/0022_Sprite1078991C4B4375FC1CC2FE951D730D3F.tmp' to 'H:/homebound/project file/Content/2DSideScrollerBP/enemies-sprites/enemy-one-fungi/enemy-one-sprite/0022_Sprite.uasset'
[2025.05.25-11.11.07:171][607]LogSavePackage: Moving 'H:/homebound/project file/Saved/0023_Sprite6A9476C247F78C1FABD2C0BCBFD49EF9.tmp' to 'H:/homebound/project file/Content/2DSideScrollerBP/enemies-sprites/enemy-one-fungi/enemy-one-sprite/0023_Sprite.uasset'
[2025.05.25-11.11.07:352][607]LogSavePackage: Moving 'H:/homebound/project file/Saved/0024_Sprite07889A8246E0DCD10954ADA766FB93B7.tmp' to 'H:/homebound/project file/Content/2DSideScrollerBP/enemies-sprites/enemy-one-fungi/enemy-one-sprite/0024_Sprite.uasset'
[2025.05.25-11.11.07:537][607]LogSavePackage: Moving 'H:/homebound/project file/Saved/0025_Sprite1C20FA594597DBDECE04A1B79A2FDBCA.tmp' to 'H:/homebound/project file/Content/2DSideScrollerBP/enemies-sprites/enemy-one-fungi/enemy-one-sprite/0025_Sprite.uasset'
[2025.05.25-11.11.07:717][607]LogSavePackage: Moving 'H:/homebound/project file/Saved/0026_Sprite2CA0D8CC4073AA0D18DDCCB5083B16C9.tmp' to 'H:/homebound/project file/Content/2DSideScrollerBP/enemies-sprites/enemy-one-fungi/enemy-one-sprite/0026_Sprite.uasset'
[2025.05.25-11.11.07:896][607]LogSavePackage: Moving 'H:/homebound/project file/Saved/0027_Sprite520E056842393D70C5976B92854D672B.tmp' to 'H:/homebound/project file/Content/2DSideScrollerBP/enemies-sprites/enemy-one-fungi/enemy-one-sprite/0027_Sprite.uasset'
[2025.05.25-11.11.08:052][607]LogSavePackage: Moving 'H:/homebound/project file/Saved/0028_Sprite657BD47646505D6BFC76FE8182EAC79E.tmp' to 'H:/homebound/project file/Content/2DSideScrollerBP/enemies-sprites/enemy-one-fungi/enemy-one-sprite/0028_Sprite.uasset'
[2025.05.25-11.11.08:221][607]LogSavePackage: Moving 'H:/homebound/project file/Saved/0029_Sprite9EE204CD4A8A3A83BF1A81BB098ED4E8.tmp' to 'H:/homebound/project file/Content/2DSideScrollerBP/enemies-sprites/enemy-one-fungi/enemy-one-sprite/0029_Sprite.uasset'
[2025.05.25-11.11.08:452][607]LogSavePackage: Moving 'H:/homebound/project file/Saved/0030_Sprite962CE1694632E15AC6B55C8C46D1207C.tmp' to 'H:/homebound/project file/Content/2DSideScrollerBP/enemies-sprites/enemy-one-fungi/enemy-one-sprite/0030_Sprite.uasset'
[2025.05.25-11.11.08:581][607]LogSavePackage: Moving 'H:/homebound/project file/Saved/0031_SpriteA162C63042DA3F4AC45C57BF9DA78835.tmp' to 'H:/homebound/project file/Content/2DSideScrollerBP/enemies-sprites/enemy-one-fungi/enemy-one-sprite/0031_Sprite.uasset'
[2025.05.25-11.11.08:743][607]LogSavePackage: Moving 'H:/homebound/project file/Saved/0032_SpriteBB1495D14840EB5B1194F6A2F637A0A6.tmp' to 'H:/homebound/project file/Content/2DSideScrollerBP/enemies-sprites/enemy-one-fungi/enemy-one-sprite/0032_Sprite.uasset'
[2025.05.25-11.11.08:883][607]LogSavePackage: Moving 'H:/homebound/project file/Saved/0033_SpriteBD39D6054DACE52294DF5AA265862DEF.tmp' to 'H:/homebound/project file/Content/2DSideScrollerBP/enemies-sprites/enemy-one-fungi/enemy-one-sprite/0033_Sprite.uasset'
[2025.05.25-11.11.09:041][607]LogSavePackage: Moving 'H:/homebound/project file/Saved/0034_SpriteD8004E9F4993ADE3C8DF5F8C96D7AAF9.tmp' to 'H:/homebound/project file/Content/2DSideScrollerBP/enemies-sprites/enemy-one-fungi/enemy-one-sprite/0034_Sprite.uasset'
[2025.05.25-11.11.09:249][607]LogSavePackage: Moving 'H:/homebound/project file/Saved/0035_Sprite57F4EAF745C1C13EED698094EFAA0E35.tmp' to 'H:/homebound/project file/Content/2DSideScrollerBP/enemies-sprites/enemy-one-fungi/enemy-one-sprite/0035_Sprite.uasset'
[2025.05.25-11.11.09:419][607]LogSavePackage: Moving 'H:/homebound/project file/Saved/0036_Sprite8363C2D64DD15B4FC54E83A5BDED20C6.tmp' to 'H:/homebound/project file/Content/2DSideScrollerBP/enemies-sprites/enemy-one-fungi/enemy-one-sprite/0036_Sprite.uasset'
[2025.05.25-11.11.09:581][607]LogSavePackage: Moving 'H:/homebound/project file/Saved/0037_Sprite39273FD24527B3C5F65ED888482D5991.tmp' to 'H:/homebound/project file/Content/2DSideScrollerBP/enemies-sprites/enemy-one-fungi/enemy-one-sprite/0037_Sprite.uasset'
[2025.05.25-11.11.09:765][607]LogSavePackage: Moving 'H:/homebound/project file/Saved/0038_Sprite786ECB58494BE4881F9BDEAD5971F4A8.tmp' to 'H:/homebound/project file/Content/2DSideScrollerBP/enemies-sprites/enemy-one-fungi/enemy-one-sprite/0038_Sprite.uasset'
[2025.05.25-11.11.09:970][607]LogSavePackage: Moving 'H:/homebound/project file/Saved/0039_Sprite14A6D93D4F6EB2C684949D897FF3F392.tmp' to 'H:/homebound/project file/Content/2DSideScrollerBP/enemies-sprites/enemy-one-fungi/enemy-one-sprite/0039_Sprite.uasset'
[2025.05.25-11.11.10:104][607]LogSavePackage: Moving 'H:/homebound/project file/Saved/0040_Sprite5AC04FD546CFC1B5CCFCBA94AB754B43.tmp' to 'H:/homebound/project file/Content/2DSideScrollerBP/enemies-sprites/enemy-one-fungi/enemy-one-sprite/0040_Sprite.uasset'
[2025.05.25-11.11.10:325][607]LogSavePackage: Moving 'H:/homebound/project file/Saved/0041_Sprite140684D8424541AF2D6068986EFC3C0A.tmp' to 'H:/homebound/project file/Content/2DSideScrollerBP/enemies-sprites/enemy-one-fungi/enemy-one-sprite/0041_Sprite.uasset'
[2025.05.25-11.11.10:458][607]LogSavePackage: Moving 'H:/homebound/project file/Saved/0042_Sprite101B7717476CE38480F297A2E50FD037.tmp' to 'H:/homebound/project file/Content/2DSideScrollerBP/enemies-sprites/enemy-one-fungi/enemy-one-sprite/0042_Sprite.uasset'
[2025.05.25-11.11.10:621][607]LogSavePackage: Moving 'H:/homebound/project file/Saved/0043_SpriteD437CDF34C5013D733347D8839DFF40D.tmp' to 'H:/homebound/project file/Content/2DSideScrollerBP/enemies-sprites/enemy-one-fungi/enemy-one-sprite/0043_Sprite.uasset'
[2025.05.25-11.11.10:811][607]LogSavePackage: Moving 'H:/homebound/project file/Saved/0044_Sprite6E96C8B845ED25F6BCB1AB80CF00B706.tmp' to 'H:/homebound/project file/Content/2DSideScrollerBP/enemies-sprites/enemy-one-fungi/enemy-one-sprite/0044_Sprite.uasset'
[2025.05.25-11.11.10:930][607]LogSavePackage: Moving 'H:/homebound/project file/Saved/0045_Sprite3266F77046BA03BC6642E89E002169CC.tmp' to 'H:/homebound/project file/Content/2DSideScrollerBP/enemies-sprites/enemy-one-fungi/enemy-one-sprite/0045_Sprite.uasset'
[2025.05.25-11.11.11:073][607]LogSavePackage: Moving 'H:/homebound/project file/Saved/0046_Sprite25DB605447018F6FF81A91921CE24B1E.tmp' to 'H:/homebound/project file/Content/2DSideScrollerBP/enemies-sprites/enemy-one-fungi/enemy-one-sprite/0046_Sprite.uasset'
[2025.05.25-11.11.11:245][607]LogSavePackage: Moving 'H:/homebound/project file/Saved/0047_SpriteCC80A815458BED4BB66C1891A2E71EEB.tmp' to 'H:/homebound/project file/Content/2DSideScrollerBP/enemies-sprites/enemy-one-fungi/enemy-one-sprite/0047_Sprite.uasset'
[2025.05.25-11.11.11:403][607]LogSavePackage: Moving 'H:/homebound/project file/Saved/0048_SpriteA499E52249D1229C15A86F9256A36725.tmp' to 'H:/homebound/project file/Content/2DSideScrollerBP/enemies-sprites/enemy-one-fungi/enemy-one-sprite/0048_Sprite.uasset'
[2025.05.25-11.11.11:610][607]LogSavePackage: Moving 'H:/homebound/project file/Saved/0049_SpriteC19598BB4EBDF8D8C3FFF68E7165CDFA.tmp' to 'H:/homebound/project file/Content/2DSideScrollerBP/enemies-sprites/enemy-one-fungi/enemy-one-sprite/0049_Sprite.uasset'
[2025.05.25-11.11.12:066][607]LogSavePackage: Moving 'H:/homebound/project file/Saved/0050_Sprite0868050945B379E4C48147B3192CA386.tmp' to 'H:/homebound/project file/Content/2DSideScrollerBP/enemies-sprites/enemy-one-fungi/enemy-one-sprite/0050_Sprite.uasset'
[2025.05.25-11.11.12:770][607]LogSavePackage: Moving 'H:/homebound/project file/Saved/0051_SpriteE42355BC4018F439900309A70826FA50.tmp' to 'H:/homebound/project file/Content/2DSideScrollerBP/enemies-sprites/enemy-one-fungi/enemy-one-sprite/0051_Sprite.uasset'
[2025.05.25-11.11.12:978][607]LogSavePackage: Moving 'H:/homebound/project file/Saved/0052_Sprite069C3F2048F15D329184708343DDBA22.tmp' to 'H:/homebound/project file/Content/2DSideScrollerBP/enemies-sprites/enemy-one-fungi/enemy-one-sprite/0052_Sprite.uasset'
[2025.05.25-11.11.13:171][607]LogSavePackage: Moving 'H:/homebound/project file/Saved/0053_SpriteEC76844B4C52EC20BFCBB2BE3C8E9306.tmp' to 'H:/homebound/project file/Content/2DSideScrollerBP/enemies-sprites/enemy-one-fungi/enemy-one-sprite/0053_Sprite.uasset'
[2025.05.25-11.11.13:357][607]LogSavePackage: Moving 'H:/homebound/project file/Saved/0054_SpriteC0BFB7D34F1031B05CE2698BC57AE3AA.tmp' to 'H:/homebound/project file/Content/2DSideScrollerBP/enemies-sprites/enemy-one-fungi/enemy-one-sprite/0054_Sprite.uasset'
[2025.05.25-11.11.13:577][607]LogSavePackage: Moving 'H:/homebound/project file/Saved/0055_Sprite306D17C1406B325F6A6B0890D2FC7C67.tmp' to 'H:/homebound/project file/Content/2DSideScrollerBP/enemies-sprites/enemy-one-fungi/enemy-one-sprite/0055_Sprite.uasset'
[2025.05.25-11.11.13:674][607]LogSavePackage: Moving 'H:/homebound/project file/Saved/0056_Sprite37A257C5424CA1F609CAE78412C2C5FB.tmp' to 'H:/homebound/project file/Content/2DSideScrollerBP/enemies-sprites/enemy-one-fungi/enemy-one-sprite/0056_Sprite.uasset'
[2025.05.25-11.11.13:836][607]LogSavePackage: Moving 'H:/homebound/project file/Saved/0057_SpriteD279755F49E143D7DB8CA8B5BCAD32FB.tmp' to 'H:/homebound/project file/Content/2DSideScrollerBP/enemies-sprites/enemy-one-fungi/enemy-one-sprite/0057_Sprite.uasset'
[2025.05.25-11.11.13:955][607]LogSavePackage: Moving 'H:/homebound/project file/Saved/0058_Sprite2441760948471A93BC6A839BC1642760.tmp' to 'H:/homebound/project file/Content/2DSideScrollerBP/enemies-sprites/enemy-one-fungi/enemy-one-sprite/0058_Sprite.uasset'
[2025.05.25-11.11.14:114][607]LogSavePackage: Moving 'H:/homebound/project file/Saved/0059_Sprite2B5A2FC144A8E95D346ACBB520AF7683.tmp' to 'H:/homebound/project file/Content/2DSideScrollerBP/enemies-sprites/enemy-one-fungi/enemy-one-sprite/0059_Sprite.uasset'
[2025.05.25-11.11.14:241][607]LogSavePackage: Moving 'H:/homebound/project file/Saved/0060_Sprite3120B0E74C477BD9AC8848B259029453.tmp' to 'H:/homebound/project file/Content/2DSideScrollerBP/enemies-sprites/enemy-one-fungi/enemy-one-sprite/0060_Sprite.uasset'
[2025.05.25-11.11.14:430][607]LogSavePackage: Moving 'H:/homebound/project file/Saved/0061_SpriteB80DAF934DB4F00E103B4D9701A60AD6.tmp' to 'H:/homebound/project file/Content/2DSideScrollerBP/enemies-sprites/enemy-one-fungi/enemy-one-sprite/0061_Sprite.uasset'
[2025.05.25-11.11.14:622][607]LogSavePackage: Moving 'H:/homebound/project file/Saved/0062_Sprite0DDD4930405C07558FB70A816C29270D.tmp' to 'H:/homebound/project file/Content/2DSideScrollerBP/enemies-sprites/enemy-one-fungi/enemy-one-sprite/0062_Sprite.uasset'
[2025.05.25-11.11.14:789][607]LogSavePackage: Moving 'H:/homebound/project file/Saved/0063_Sprite4879D76A402A8681255B3BAF5C53A9BA.tmp' to 'H:/homebound/project file/Content/2DSideScrollerBP/enemies-sprites/enemy-one-fungi/enemy-one-sprite/0063_Sprite.uasset'
[2025.05.25-11.11.14:955][607]LogSavePackage: Moving 'H:/homebound/project file/Saved/0064_SpriteE12D6C3D4E3F726AA0C46CA7F76FD238.tmp' to 'H:/homebound/project file/Content/2DSideScrollerBP/enemies-sprites/enemy-one-fungi/enemy-one-sprite/0064_Sprite.uasset'
[2025.05.25-11.11.23:604][607]LogUObjectHash: Compacting FUObjectHashTables data took   1.08ms
[2025.05.25-11.11.23:626][607]LogUObjectHash: Compacting FUObjectHashTables data took   0.50ms
[2025.05.25-11.11.23:652][607]LogUObjectHash: Compacting FUObjectHashTables data took   0.48ms
[2025.05.25-11.11.23:674][607]LogUObjectHash: Compacting FUObjectHashTables data took   0.50ms
[2025.05.25-11.11.23:695][607]LogUObjectHash: Compacting FUObjectHashTables data took   0.49ms
[2025.05.25-11.11.23:717][607]LogUObjectHash: Compacting FUObjectHashTables data took   0.51ms
[2025.05.25-11.11.23:738][607]LogUObjectHash: Compacting FUObjectHashTables data took   0.50ms
[2025.05.25-11.11.23:761][607]LogUObjectHash: Compacting FUObjectHashTables data took   0.49ms
[2025.05.25-11.11.23:782][607]LogUObjectHash: Compacting FUObjectHashTables data took   0.49ms
[2025.05.25-11.11.23:805][607]LogUObjectHash: Compacting FUObjectHashTables data took   0.71ms
[2025.05.25-11.11.23:828][607]LogUObjectHash: Compacting FUObjectHashTables data took   0.51ms
[2025.05.25-11.11.23:851][607]LogUObjectHash: Compacting FUObjectHashTables data took   0.49ms
[2025.05.25-11.11.23:873][607]LogUObjectHash: Compacting FUObjectHashTables data took   0.49ms
[2025.05.25-11.11.23:895][607]LogUObjectHash: Compacting FUObjectHashTables data took   0.60ms
[2025.05.25-11.11.23:917][607]LogUObjectHash: Compacting FUObjectHashTables data took   0.48ms
[2025.05.25-11.11.23:939][607]LogUObjectHash: Compacting FUObjectHashTables data took   0.51ms
[2025.05.25-11.11.23:960][607]LogUObjectHash: Compacting FUObjectHashTables data took   0.48ms
[2025.05.25-11.11.23:982][607]LogUObjectHash: Compacting FUObjectHashTables data took   0.49ms
[2025.05.25-11.11.24:004][607]LogUObjectHash: Compacting FUObjectHashTables data took   0.52ms
[2025.05.25-11.11.24:025][607]LogUObjectHash: Compacting FUObjectHashTables data took   0.49ms
[2025.05.25-11.11.24:047][607]LogUObjectHash: Compacting FUObjectHashTables data took   0.49ms
[2025.05.25-11.11.24:070][607]LogUObjectHash: Compacting FUObjectHashTables data took   0.49ms
[2025.05.25-11.11.24:091][607]LogUObjectHash: Compacting FUObjectHashTables data took   0.49ms
[2025.05.25-11.11.24:113][607]LogUObjectHash: Compacting FUObjectHashTables data took   0.51ms
[2025.05.25-11.11.24:135][607]LogUObjectHash: Compacting FUObjectHashTables data took   0.49ms
[2025.05.25-11.11.24:157][607]LogUObjectHash: Compacting FUObjectHashTables data took   0.52ms
[2025.05.25-11.11.24:178][607]LogUObjectHash: Compacting FUObjectHashTables data took   0.49ms
[2025.05.25-11.11.24:200][607]LogUObjectHash: Compacting FUObjectHashTables data took   0.49ms
[2025.05.25-11.11.24:222][607]LogUObjectHash: Compacting FUObjectHashTables data took   0.51ms
[2025.05.25-11.11.24:243][607]LogUObjectHash: Compacting FUObjectHashTables data took   0.48ms
[2025.05.25-11.11.24:265][607]LogUObjectHash: Compacting FUObjectHashTables data took   0.51ms
[2025.05.25-11.11.24:288][607]LogUObjectHash: Compacting FUObjectHashTables data took   0.51ms
[2025.05.25-11.11.24:308][607]LogUObjectHash: Compacting FUObjectHashTables data took   0.49ms
[2025.05.25-11.11.24:331][607]LogUObjectHash: Compacting FUObjectHashTables data took   0.49ms
[2025.05.25-11.11.24:353][607]LogUObjectHash: Compacting FUObjectHashTables data took   0.49ms
[2025.05.25-11.11.24:375][607]LogUObjectHash: Compacting FUObjectHashTables data took   0.49ms
[2025.05.25-11.11.24:397][607]LogUObjectHash: Compacting FUObjectHashTables data took   0.50ms
[2025.05.25-11.11.24:419][607]LogUObjectHash: Compacting FUObjectHashTables data took   0.48ms
[2025.05.25-11.11.24:441][607]LogUObjectHash: Compacting FUObjectHashTables data took   0.49ms
[2025.05.25-11.11.24:463][607]LogUObjectHash: Compacting FUObjectHashTables data took   0.49ms
[2025.05.25-11.11.24:484][607]LogUObjectHash: Compacting FUObjectHashTables data took   0.49ms
[2025.05.25-11.11.24:507][607]LogUObjectHash: Compacting FUObjectHashTables data took   0.52ms
[2025.05.25-11.11.24:528][607]LogUObjectHash: Compacting FUObjectHashTables data took   0.54ms
[2025.05.25-11.11.24:550][607]LogUObjectHash: Compacting FUObjectHashTables data took   0.49ms
[2025.05.25-11.11.24:571][607]LogUObjectHash: Compacting FUObjectHashTables data took   0.51ms
[2025.05.25-11.11.24:593][607]LogUObjectHash: Compacting FUObjectHashTables data took   0.49ms
[2025.05.25-11.11.24:613][607]LogUObjectHash: Compacting FUObjectHashTables data took   0.50ms
[2025.05.25-11.11.24:635][607]LogUObjectHash: Compacting FUObjectHashTables data took   0.49ms
[2025.05.25-11.11.24:658][607]LogUObjectHash: Compacting FUObjectHashTables data took   0.49ms
[2025.05.25-11.11.24:679][607]LogUObjectHash: Compacting FUObjectHashTables data took   0.49ms
[2025.05.25-11.11.24:701][607]LogUObjectHash: Compacting FUObjectHashTables data took   0.50ms
[2025.05.25-11.11.24:724][607]LogUObjectHash: Compacting FUObjectHashTables data took   0.50ms
[2025.05.25-11.11.24:744][607]LogUObjectHash: Compacting FUObjectHashTables data took   0.49ms
[2025.05.25-11.11.24:768][607]LogUObjectHash: Compacting FUObjectHashTables data took   0.51ms
[2025.05.25-11.11.24:789][607]LogUObjectHash: Compacting FUObjectHashTables data took   0.51ms
[2025.05.25-11.11.24:811][607]LogUObjectHash: Compacting FUObjectHashTables data took   0.49ms
[2025.05.25-11.11.24:833][607]LogUObjectHash: Compacting FUObjectHashTables data took   0.49ms
[2025.05.25-11.11.24:855][607]LogUObjectHash: Compacting FUObjectHashTables data took   0.51ms
[2025.05.25-11.11.24:876][607]LogUObjectHash: Compacting FUObjectHashTables data took   0.49ms
[2025.05.25-11.11.24:898][607]LogUObjectHash: Compacting FUObjectHashTables data took   0.49ms
[2025.05.25-11.11.24:919][607]LogUObjectHash: Compacting FUObjectHashTables data took   0.49ms
[2025.05.25-11.11.24:941][607]LogUObjectHash: Compacting FUObjectHashTables data took   0.49ms
[2025.05.25-11.11.24:963][607]LogUObjectHash: Compacting FUObjectHashTables data took   0.54ms
[2025.05.25-11.11.24:986][607]LogUObjectHash: Compacting FUObjectHashTables data took   0.49ms
[2025.05.25-11.11.25:008][607]LogUObjectHash: Compacting FUObjectHashTables data took   0.50ms
[2025.05.25-11.11.25:032][607]LogUObjectHash: Compacting FUObjectHashTables data took   1.08ms
[2025.05.25-11.11.25:055][607]LogUObjectHash: Compacting FUObjectHashTables data took   0.50ms
[2025.05.25-11.11.31:650][370]LogUObjectHash: Compacting FUObjectHashTables data took   0.49ms
[2025.05.25-11.11.33:117][370]LogSlate: Window 'Save Content' being destroyed
[2025.05.25-11.11.33:140][370]Cmd: OBJ SAVEPACKAGE PACKAGE="/Game/2DSideScrollerBP/enemies-sprites/enemy-one-fungi/0000" FILE="H:/homebound/project file/Content/2DSideScrollerBP/enemies-sprites/enemy-one-fungi/0000.uasset" SILENT=true
[2025.05.25-11.11.33:278][370]LogSavePackage: Moving 'H:/homebound/project file/Saved/000091164CF34E5446187D8EC288873E64A5.tmp' to 'H:/homebound/project file/Content/2DSideScrollerBP/enemies-sprites/enemy-one-fungi/0000.uasset'
[2025.05.25-11.11.33:372][370]Cmd: OBJ SAVEPACKAGE PACKAGE="/Game/2DSideScrollerBP/enemies-sprites/enemy-one-fungi/0001" FILE="H:/homebound/project file/Content/2DSideScrollerBP/enemies-sprites/enemy-one-fungi/0001.uasset" SILENT=true
[2025.05.25-11.11.33:565][370]LogSavePackage: Moving 'H:/homebound/project file/Saved/0001D8A2A4184176DFAA5C1A33820E265647.tmp' to 'H:/homebound/project file/Content/2DSideScrollerBP/enemies-sprites/enemy-one-fungi/0001.uasset'
[2025.05.25-11.11.33:645][370]Cmd: OBJ SAVEPACKAGE PACKAGE="/Game/2DSideScrollerBP/enemies-sprites/enemy-one-fungi/0002" FILE="H:/homebound/project file/Content/2DSideScrollerBP/enemies-sprites/enemy-one-fungi/0002.uasset" SILENT=true
[2025.05.25-11.11.33:839][370]LogSavePackage: Moving 'H:/homebound/project file/Saved/00024CC37DA7438EA63919094AACC3756F63.tmp' to 'H:/homebound/project file/Content/2DSideScrollerBP/enemies-sprites/enemy-one-fungi/0002.uasset'
[2025.05.25-11.11.33:919][370]Cmd: OBJ SAVEPACKAGE PACKAGE="/Game/2DSideScrollerBP/enemies-sprites/enemy-one-fungi/0003" FILE="H:/homebound/project file/Content/2DSideScrollerBP/enemies-sprites/enemy-one-fungi/0003.uasset" SILENT=true
[2025.05.25-11.11.34:104][370]LogSavePackage: Moving 'H:/homebound/project file/Saved/0003F30F40DE438171EFD09EE48EA7A7F2C7.tmp' to 'H:/homebound/project file/Content/2DSideScrollerBP/enemies-sprites/enemy-one-fungi/0003.uasset'
[2025.05.25-11.11.34:187][370]Cmd: OBJ SAVEPACKAGE PACKAGE="/Game/2DSideScrollerBP/enemies-sprites/enemy-one-fungi/0004" FILE="H:/homebound/project file/Content/2DSideScrollerBP/enemies-sprites/enemy-one-fungi/0004.uasset" SILENT=true
[2025.05.25-11.11.34:359][370]LogSavePackage: Moving 'H:/homebound/project file/Saved/0004468A8EED4A4176743AC8879B4C63E613.tmp' to 'H:/homebound/project file/Content/2DSideScrollerBP/enemies-sprites/enemy-one-fungi/0004.uasset'
[2025.05.25-11.11.34:454][370]Cmd: OBJ SAVEPACKAGE PACKAGE="/Game/2DSideScrollerBP/enemies-sprites/enemy-one-fungi/0005" FILE="H:/homebound/project file/Content/2DSideScrollerBP/enemies-sprites/enemy-one-fungi/0005.uasset" SILENT=true
[2025.05.25-11.11.34:624][370]LogSavePackage: Moving 'H:/homebound/project file/Saved/0005EB6A92C5417F6C43F71BC294AFC342C8.tmp' to 'H:/homebound/project file/Content/2DSideScrollerBP/enemies-sprites/enemy-one-fungi/0005.uasset'
[2025.05.25-11.11.34:711][370]Cmd: OBJ SAVEPACKAGE PACKAGE="/Game/2DSideScrollerBP/enemies-sprites/enemy-one-fungi/0006" FILE="H:/homebound/project file/Content/2DSideScrollerBP/enemies-sprites/enemy-one-fungi/0006.uasset" SILENT=true
[2025.05.25-11.11.34:894][370]LogSavePackage: Moving 'H:/homebound/project file/Saved/00067626460A4A027E98494C77A9866EEA2C.tmp' to 'H:/homebound/project file/Content/2DSideScrollerBP/enemies-sprites/enemy-one-fungi/0006.uasset'
[2025.05.25-11.11.34:980][370]Cmd: OBJ SAVEPACKAGE PACKAGE="/Game/2DSideScrollerBP/enemies-sprites/enemy-one-fungi/0007" FILE="H:/homebound/project file/Content/2DSideScrollerBP/enemies-sprites/enemy-one-fungi/0007.uasset" SILENT=true
[2025.05.25-11.11.35:150][370]LogSavePackage: Moving 'H:/homebound/project file/Saved/000725929A314C55B607D24CC98C65070E98.tmp' to 'H:/homebound/project file/Content/2DSideScrollerBP/enemies-sprites/enemy-one-fungi/0007.uasset'
[2025.05.25-11.11.35:225][370]Cmd: OBJ SAVEPACKAGE PACKAGE="/Game/2DSideScrollerBP/enemies-sprites/enemy-one-fungi/0008" FILE="H:/homebound/project file/Content/2DSideScrollerBP/enemies-sprites/enemy-one-fungi/0008.uasset" SILENT=true
[2025.05.25-11.11.36:220][370]LogSavePackage: Moving 'H:/homebound/project file/Saved/000898E6EBD44566423B074FA3984D7DE26E.tmp' to 'H:/homebound/project file/Content/2DSideScrollerBP/enemies-sprites/enemy-one-fungi/0008.uasset'
[2025.05.25-11.11.36:302][370]Cmd: OBJ SAVEPACKAGE PACKAGE="/Game/2DSideScrollerBP/enemies-sprites/enemy-one-fungi/0009" FILE="H:/homebound/project file/Content/2DSideScrollerBP/enemies-sprites/enemy-one-fungi/0009.uasset" SILENT=true
[2025.05.25-11.11.36:478][370]LogSavePackage: Moving 'H:/homebound/project file/Saved/00098BC470F14D523B215487B5B85244907A.tmp' to 'H:/homebound/project file/Content/2DSideScrollerBP/enemies-sprites/enemy-one-fungi/0009.uasset'
[2025.05.25-11.11.36:570][370]Cmd: OBJ SAVEPACKAGE PACKAGE="/Game/2DSideScrollerBP/enemies-sprites/enemy-one-fungi/0010" FILE="H:/homebound/project file/Content/2DSideScrollerBP/enemies-sprites/enemy-one-fungi/0010.uasset" SILENT=true
[2025.05.25-11.11.36:744][370]LogSavePackage: Moving 'H:/homebound/project file/Saved/00103BE43AC448E5C89735D697A702485658.tmp' to 'H:/homebound/project file/Content/2DSideScrollerBP/enemies-sprites/enemy-one-fungi/0010.uasset'
[2025.05.25-11.11.36:827][370]Cmd: OBJ SAVEPACKAGE PACKAGE="/Game/2DSideScrollerBP/enemies-sprites/enemy-one-fungi/0011" FILE="H:/homebound/project file/Content/2DSideScrollerBP/enemies-sprites/enemy-one-fungi/0011.uasset" SILENT=true
[2025.05.25-11.11.37:007][370]LogSavePackage: Moving 'H:/homebound/project file/Saved/0011D42F23ED45517BCC688CEC9C5EE732BD.tmp' to 'H:/homebound/project file/Content/2DSideScrollerBP/enemies-sprites/enemy-one-fungi/0011.uasset'
[2025.05.25-11.11.37:083][370]Cmd: OBJ SAVEPACKAGE PACKAGE="/Game/2DSideScrollerBP/enemies-sprites/enemy-one-fungi/0012" FILE="H:/homebound/project file/Content/2DSideScrollerBP/enemies-sprites/enemy-one-fungi/0012.uasset" SILENT=true
[2025.05.25-11.11.37:247][370]LogSavePackage: Moving 'H:/homebound/project file/Saved/0012917894304060FF2B971852BFE9B86429.tmp' to 'H:/homebound/project file/Content/2DSideScrollerBP/enemies-sprites/enemy-one-fungi/0012.uasset'
[2025.05.25-11.11.37:329][370]Cmd: OBJ SAVEPACKAGE PACKAGE="/Game/2DSideScrollerBP/enemies-sprites/enemy-one-fungi/0013" FILE="H:/homebound/project file/Content/2DSideScrollerBP/enemies-sprites/enemy-one-fungi/0013.uasset" SILENT=true
[2025.05.25-11.11.37:491][370]LogSavePackage: Moving 'H:/homebound/project file/Saved/0013418B52B047723A0E28DBDF836731D887.tmp' to 'H:/homebound/project file/Content/2DSideScrollerBP/enemies-sprites/enemy-one-fungi/0013.uasset'
[2025.05.25-11.11.37:586][370]Cmd: OBJ SAVEPACKAGE PACKAGE="/Game/2DSideScrollerBP/enemies-sprites/enemy-one-fungi/0014" FILE="H:/homebound/project file/Content/2DSideScrollerBP/enemies-sprites/enemy-one-fungi/0014.uasset" SILENT=true
[2025.05.25-11.11.37:762][370]LogSavePackage: Moving 'H:/homebound/project file/Saved/001454445B6A4B3A58D6355259A7F5CD7E91.tmp' to 'H:/homebound/project file/Content/2DSideScrollerBP/enemies-sprites/enemy-one-fungi/0014.uasset'
[2025.05.25-11.11.37:842][370]Cmd: OBJ SAVEPACKAGE PACKAGE="/Game/2DSideScrollerBP/enemies-sprites/enemy-one-fungi/0015" FILE="H:/homebound/project file/Content/2DSideScrollerBP/enemies-sprites/enemy-one-fungi/0015.uasset" SILENT=true
[2025.05.25-11.11.38:012][370]LogSavePackage: Moving 'H:/homebound/project file/Saved/00155448CF244BB008ABC7A88BA778B4878B.tmp' to 'H:/homebound/project file/Content/2DSideScrollerBP/enemies-sprites/enemy-one-fungi/0015.uasset'
[2025.05.25-11.11.38:099][370]Cmd: OBJ SAVEPACKAGE PACKAGE="/Game/2DSideScrollerBP/enemies-sprites/enemy-one-fungi/0016" FILE="H:/homebound/project file/Content/2DSideScrollerBP/enemies-sprites/enemy-one-fungi/0016.uasset" SILENT=true
[2025.05.25-11.11.38:277][370]LogSavePackage: Moving 'H:/homebound/project file/Saved/001634D15441434F4D9834AD909CD86CE696.tmp' to 'H:/homebound/project file/Content/2DSideScrollerBP/enemies-sprites/enemy-one-fungi/0016.uasset'
[2025.05.25-11.11.38:356][370]Cmd: OBJ SAVEPACKAGE PACKAGE="/Game/2DSideScrollerBP/enemies-sprites/enemy-one-fungi/0017" FILE="H:/homebound/project file/Content/2DSideScrollerBP/enemies-sprites/enemy-one-fungi/0017.uasset" SILENT=true
[2025.05.25-11.11.38:531][370]LogSavePackage: Moving 'H:/homebound/project file/Saved/001756A06E094D4229B4D018DBBC0E9062A0.tmp' to 'H:/homebound/project file/Content/2DSideScrollerBP/enemies-sprites/enemy-one-fungi/0017.uasset'
[2025.05.25-11.11.38:612][370]Cmd: OBJ SAVEPACKAGE PACKAGE="/Game/2DSideScrollerBP/enemies-sprites/enemy-one-fungi/0018" FILE="H:/homebound/project file/Content/2DSideScrollerBP/enemies-sprites/enemy-one-fungi/0018.uasset" SILENT=true
[2025.05.25-11.11.38:775][370]LogSavePackage: Moving 'H:/homebound/project file/Saved/001820069C6F4A47A7BACD7A79A62D42CE30.tmp' to 'H:/homebound/project file/Content/2DSideScrollerBP/enemies-sprites/enemy-one-fungi/0018.uasset'
[2025.05.25-11.11.38:857][370]Cmd: OBJ SAVEPACKAGE PACKAGE="/Game/2DSideScrollerBP/enemies-sprites/enemy-one-fungi/0019" FILE="H:/homebound/project file/Content/2DSideScrollerBP/enemies-sprites/enemy-one-fungi/0019.uasset" SILENT=true
[2025.05.25-11.11.39:035][370]LogSavePackage: Moving 'H:/homebound/project file/Saved/0019FB77D86545591982008E1B9F8585803A.tmp' to 'H:/homebound/project file/Content/2DSideScrollerBP/enemies-sprites/enemy-one-fungi/0019.uasset'
[2025.05.25-11.11.39:115][370]Cmd: OBJ SAVEPACKAGE PACKAGE="/Game/2DSideScrollerBP/enemies-sprites/enemy-one-fungi/0020" FILE="H:/homebound/project file/Content/2DSideScrollerBP/enemies-sprites/enemy-one-fungi/0020.uasset" SILENT=true
[2025.05.25-11.11.39:290][370]LogSavePackage: Moving 'H:/homebound/project file/Saved/002070CA353049949A7E4ED6929605A07C60.tmp' to 'H:/homebound/project file/Content/2DSideScrollerBP/enemies-sprites/enemy-one-fungi/0020.uasset'
[2025.05.25-11.11.39:372][370]Cmd: OBJ SAVEPACKAGE PACKAGE="/Game/2DSideScrollerBP/enemies-sprites/enemy-one-fungi/0021" FILE="H:/homebound/project file/Content/2DSideScrollerBP/enemies-sprites/enemy-one-fungi/0021.uasset" SILENT=true
[2025.05.25-11.11.39:537][370]LogSavePackage: Moving 'H:/homebound/project file/Saved/0021BE734F6D4EE552240BC369919FA7B5E3.tmp' to 'H:/homebound/project file/Content/2DSideScrollerBP/enemies-sprites/enemy-one-fungi/0021.uasset'
[2025.05.25-11.11.39:618][370]Cmd: OBJ SAVEPACKAGE PACKAGE="/Game/2DSideScrollerBP/enemies-sprites/enemy-one-fungi/0022" FILE="H:/homebound/project file/Content/2DSideScrollerBP/enemies-sprites/enemy-one-fungi/0022.uasset" SILENT=true
[2025.05.25-11.11.39:781][370]LogSavePackage: Moving 'H:/homebound/project file/Saved/002209AE51D54AE8CBA67946FE90C97231D9.tmp' to 'H:/homebound/project file/Content/2DSideScrollerBP/enemies-sprites/enemy-one-fungi/0022.uasset'
[2025.05.25-11.11.39:864][370]Cmd: OBJ SAVEPACKAGE PACKAGE="/Game/2DSideScrollerBP/enemies-sprites/enemy-one-fungi/0023" FILE="H:/homebound/project file/Content/2DSideScrollerBP/enemies-sprites/enemy-one-fungi/0023.uasset" SILENT=true
[2025.05.25-11.11.40:043][370]LogSavePackage: Moving 'H:/homebound/project file/Saved/00233B6F6A1F433DA329A6114CB5607B73FB.tmp' to 'H:/homebound/project file/Content/2DSideScrollerBP/enemies-sprites/enemy-one-fungi/0023.uasset'
[2025.05.25-11.11.40:121][370]Cmd: OBJ SAVEPACKAGE PACKAGE="/Game/2DSideScrollerBP/enemies-sprites/enemy-one-fungi/0024" FILE="H:/homebound/project file/Content/2DSideScrollerBP/enemies-sprites/enemy-one-fungi/0024.uasset" SILENT=true
[2025.05.25-11.11.40:277][370]LogSavePackage: Moving 'H:/homebound/project file/Saved/002490D3BCC342CED3050E1F708C220F64EE.tmp' to 'H:/homebound/project file/Content/2DSideScrollerBP/enemies-sprites/enemy-one-fungi/0024.uasset'
[2025.05.25-11.11.40:385][370]Cmd: OBJ SAVEPACKAGE PACKAGE="/Game/2DSideScrollerBP/enemies-sprites/enemy-one-fungi/0025" FILE="H:/homebound/project file/Content/2DSideScrollerBP/enemies-sprites/enemy-one-fungi/0025.uasset" SILENT=true
[2025.05.25-11.11.40:555][370]LogSavePackage: Moving 'H:/homebound/project file/Saved/0025DBBB161C481B69751455C19F20904955.tmp' to 'H:/homebound/project file/Content/2DSideScrollerBP/enemies-sprites/enemy-one-fungi/0025.uasset'
[2025.05.25-11.11.40:647][370]Cmd: OBJ SAVEPACKAGE PACKAGE="/Game/2DSideScrollerBP/enemies-sprites/enemy-one-fungi/0026" FILE="H:/homebound/project file/Content/2DSideScrollerBP/enemies-sprites/enemy-one-fungi/0026.uasset" SILENT=true
[2025.05.25-11.11.40:820][370]LogSavePackage: Moving 'H:/homebound/project file/Saved/002653A8E118407FBF769C3FB2B564A9F323.tmp' to 'H:/homebound/project file/Content/2DSideScrollerBP/enemies-sprites/enemy-one-fungi/0026.uasset'
[2025.05.25-11.11.40:899][370]Cmd: OBJ SAVEPACKAGE PACKAGE="/Game/2DSideScrollerBP/enemies-sprites/enemy-one-fungi/0027" FILE="H:/homebound/project file/Content/2DSideScrollerBP/enemies-sprites/enemy-one-fungi/0027.uasset" SILENT=true
[2025.05.25-11.11.41:064][370]LogSavePackage: Moving 'H:/homebound/project file/Saved/00276B14FCF84074BB0680F842A93CD5A4E9.tmp' to 'H:/homebound/project file/Content/2DSideScrollerBP/enemies-sprites/enemy-one-fungi/0027.uasset'
[2025.05.25-11.11.41:150][370]Cmd: OBJ SAVEPACKAGE PACKAGE="/Game/2DSideScrollerBP/enemies-sprites/enemy-one-fungi/0028" FILE="H:/homebound/project file/Content/2DSideScrollerBP/enemies-sprites/enemy-one-fungi/0028.uasset" SILENT=true
[2025.05.25-11.11.41:318][370]LogSavePackage: Moving 'H:/homebound/project file/Saved/002827BC976740012236810F3B91710D93E6.tmp' to 'H:/homebound/project file/Content/2DSideScrollerBP/enemies-sprites/enemy-one-fungi/0028.uasset'
[2025.05.25-11.11.41:403][370]Cmd: OBJ SAVEPACKAGE PACKAGE="/Game/2DSideScrollerBP/enemies-sprites/enemy-one-fungi/0029" FILE="H:/homebound/project file/Content/2DSideScrollerBP/enemies-sprites/enemy-one-fungi/0029.uasset" SILENT=true
[2025.05.25-11.11.41:591][370]LogSavePackage: Moving 'H:/homebound/project file/Saved/00298917A03142F136D97E5D00BBB6D64C35.tmp' to 'H:/homebound/project file/Content/2DSideScrollerBP/enemies-sprites/enemy-one-fungi/0029.uasset'
[2025.05.25-11.11.41:677][370]Cmd: OBJ SAVEPACKAGE PACKAGE="/Game/2DSideScrollerBP/enemies-sprites/enemy-one-fungi/0030" FILE="H:/homebound/project file/Content/2DSideScrollerBP/enemies-sprites/enemy-one-fungi/0030.uasset" SILENT=true
[2025.05.25-11.11.41:837][370]LogSavePackage: Moving 'H:/homebound/project file/Saved/0030D4818E2340EFAFE0DBA0A283486F7162.tmp' to 'H:/homebound/project file/Content/2DSideScrollerBP/enemies-sprites/enemy-one-fungi/0030.uasset'
[2025.05.25-11.11.41:925][370]Cmd: OBJ SAVEPACKAGE PACKAGE="/Game/2DSideScrollerBP/enemies-sprites/enemy-one-fungi/0031" FILE="H:/homebound/project file/Content/2DSideScrollerBP/enemies-sprites/enemy-one-fungi/0031.uasset" SILENT=true
[2025.05.25-11.11.42:100][370]LogSavePackage: Moving 'H:/homebound/project file/Saved/00315C6A4C804026C4FCC0089BB62CBC7A5E.tmp' to 'H:/homebound/project file/Content/2DSideScrollerBP/enemies-sprites/enemy-one-fungi/0031.uasset'
[2025.05.25-11.11.42:193][370]Cmd: OBJ SAVEPACKAGE PACKAGE="/Game/2DSideScrollerBP/enemies-sprites/enemy-one-fungi/0032" FILE="H:/homebound/project file/Content/2DSideScrollerBP/enemies-sprites/enemy-one-fungi/0032.uasset" SILENT=true
[2025.05.25-11.11.42:355][370]LogSavePackage: Moving 'H:/homebound/project file/Saved/0032672AA90C44B98E72A1D7829DC947AD4C.tmp' to 'H:/homebound/project file/Content/2DSideScrollerBP/enemies-sprites/enemy-one-fungi/0032.uasset'
[2025.05.25-11.11.42:439][370]Cmd: OBJ SAVEPACKAGE PACKAGE="/Game/2DSideScrollerBP/enemies-sprites/enemy-one-fungi/0033" FILE="H:/homebound/project file/Content/2DSideScrollerBP/enemies-sprites/enemy-one-fungi/0033.uasset" SILENT=true
[2025.05.25-11.11.42:599][370]LogSavePackage: Moving 'H:/homebound/project file/Saved/003315E9A50C4CE3A1D88B636D857F009128.tmp' to 'H:/homebound/project file/Content/2DSideScrollerBP/enemies-sprites/enemy-one-fungi/0033.uasset'
[2025.05.25-11.11.42:685][370]Cmd: OBJ SAVEPACKAGE PACKAGE="/Game/2DSideScrollerBP/enemies-sprites/enemy-one-fungi/0034" FILE="H:/homebound/project file/Content/2DSideScrollerBP/enemies-sprites/enemy-one-fungi/0034.uasset" SILENT=true
[2025.05.25-11.11.42:863][370]LogSavePackage: Moving 'H:/homebound/project file/Saved/00340216CCCE45C932D4557CE2932CE6C3DA.tmp' to 'H:/homebound/project file/Content/2DSideScrollerBP/enemies-sprites/enemy-one-fungi/0034.uasset'
[2025.05.25-11.11.43:024][370]Cmd: OBJ SAVEPACKAGE PACKAGE="/Game/2DSideScrollerBP/enemies-sprites/enemy-one-fungi/0035" FILE="H:/homebound/project file/Content/2DSideScrollerBP/enemies-sprites/enemy-one-fungi/0035.uasset" SILENT=true
[2025.05.25-11.11.43:207][370]LogSavePackage: Moving 'H:/homebound/project file/Saved/0035A7B43B9F49756EC433BFC482B978CA61.tmp' to 'H:/homebound/project file/Content/2DSideScrollerBP/enemies-sprites/enemy-one-fungi/0035.uasset'
[2025.05.25-11.11.43:992][370]Cmd: OBJ SAVEPACKAGE PACKAGE="/Game/2DSideScrollerBP/enemies-sprites/enemy-one-fungi/0036" FILE="H:/homebound/project file/Content/2DSideScrollerBP/enemies-sprites/enemy-one-fungi/0036.uasset" SILENT=true
[2025.05.25-11.11.44:158][370]LogSavePackage: Moving 'H:/homebound/project file/Saved/003602D6D21F4E911B8B1282DB9D3D6A5B29.tmp' to 'H:/homebound/project file/Content/2DSideScrollerBP/enemies-sprites/enemy-one-fungi/0036.uasset'
[2025.05.25-11.11.44:245][370]Cmd: OBJ SAVEPACKAGE PACKAGE="/Game/2DSideScrollerBP/enemies-sprites/enemy-one-fungi/0037" FILE="H:/homebound/project file/Content/2DSideScrollerBP/enemies-sprites/enemy-one-fungi/0037.uasset" SILENT=true
[2025.05.25-11.11.44:425][370]LogSavePackage: Moving 'H:/homebound/project file/Saved/0037C85E260344477D90A819B5A5674A563C.tmp' to 'H:/homebound/project file/Content/2DSideScrollerBP/enemies-sprites/enemy-one-fungi/0037.uasset'
[2025.05.25-11.11.44:513][370]Cmd: OBJ SAVEPACKAGE PACKAGE="/Game/2DSideScrollerBP/enemies-sprites/enemy-one-fungi/0038" FILE="H:/homebound/project file/Content/2DSideScrollerBP/enemies-sprites/enemy-one-fungi/0038.uasset" SILENT=true
[2025.05.25-11.11.44:703][370]LogSavePackage: Moving 'H:/homebound/project file/Saved/0038A23C6F354023E0E2359468935897BB27.tmp' to 'H:/homebound/project file/Content/2DSideScrollerBP/enemies-sprites/enemy-one-fungi/0038.uasset'
[2025.05.25-11.11.44:803][370]Cmd: OBJ SAVEPACKAGE PACKAGE="/Game/2DSideScrollerBP/enemies-sprites/enemy-one-fungi/0039" FILE="H:/homebound/project file/Content/2DSideScrollerBP/enemies-sprites/enemy-one-fungi/0039.uasset" SILENT=true
[2025.05.25-11.11.45:150][370]LogSavePackage: Moving 'H:/homebound/project file/Saved/0039D8704680475B87A98FE0DD8B077EEDB0.tmp' to 'H:/homebound/project file/Content/2DSideScrollerBP/enemies-sprites/enemy-one-fungi/0039.uasset'
[2025.05.25-11.11.45:270][370]Cmd: OBJ SAVEPACKAGE PACKAGE="/Game/2DSideScrollerBP/enemies-sprites/enemy-one-fungi/0040" FILE="H:/homebound/project file/Content/2DSideScrollerBP/enemies-sprites/enemy-one-fungi/0040.uasset" SILENT=true
[2025.05.25-11.11.45:440][370]LogSavePackage: Moving 'H:/homebound/project file/Saved/004065B76C664364E6B4BD3765B63E324BC7.tmp' to 'H:/homebound/project file/Content/2DSideScrollerBP/enemies-sprites/enemy-one-fungi/0040.uasset'
[2025.05.25-11.11.45:539][370]Cmd: OBJ SAVEPACKAGE PACKAGE="/Game/2DSideScrollerBP/enemies-sprites/enemy-one-fungi/0041" FILE="H:/homebound/project file/Content/2DSideScrollerBP/enemies-sprites/enemy-one-fungi/0041.uasset" SILENT=true
[2025.05.25-11.11.45:708][370]LogSavePackage: Moving 'H:/homebound/project file/Saved/0041BFC391844102E6082FA2D18EBD44B655.tmp' to 'H:/homebound/project file/Content/2DSideScrollerBP/enemies-sprites/enemy-one-fungi/0041.uasset'
[2025.05.25-11.11.45:803][370]Cmd: OBJ SAVEPACKAGE PACKAGE="/Game/2DSideScrollerBP/enemies-sprites/enemy-one-fungi/0042" FILE="H:/homebound/project file/Content/2DSideScrollerBP/enemies-sprites/enemy-one-fungi/0042.uasset" SILENT=true
[2025.05.25-11.11.45:999][370]LogSavePackage: Moving 'H:/homebound/project file/Saved/00425A202DEB45CABBB500FD02BD504B9290.tmp' to 'H:/homebound/project file/Content/2DSideScrollerBP/enemies-sprites/enemy-one-fungi/0042.uasset'
[2025.05.25-11.11.46:110][370]Cmd: OBJ SAVEPACKAGE PACKAGE="/Game/2DSideScrollerBP/enemies-sprites/enemy-one-fungi/0043" FILE="H:/homebound/project file/Content/2DSideScrollerBP/enemies-sprites/enemy-one-fungi/0043.uasset" SILENT=true
[2025.05.25-11.11.46:283][370]LogSavePackage: Moving 'H:/homebound/project file/Saved/004345F0F83B4441305D1F9E54A7D2FAE311.tmp' to 'H:/homebound/project file/Content/2DSideScrollerBP/enemies-sprites/enemy-one-fungi/0043.uasset'
[2025.05.25-11.11.46:378][370]Cmd: OBJ SAVEPACKAGE PACKAGE="/Game/2DSideScrollerBP/enemies-sprites/enemy-one-fungi/0044" FILE="H:/homebound/project file/Content/2DSideScrollerBP/enemies-sprites/enemy-one-fungi/0044.uasset" SILENT=true
[2025.05.25-11.11.46:548][370]LogSavePackage: Moving 'H:/homebound/project file/Saved/0044242F0C60413402ED2331FAA2E3584F3B.tmp' to 'H:/homebound/project file/Content/2DSideScrollerBP/enemies-sprites/enemy-one-fungi/0044.uasset'
[2025.05.25-11.11.46:634][370]Cmd: OBJ SAVEPACKAGE PACKAGE="/Game/2DSideScrollerBP/enemies-sprites/enemy-one-fungi/0045" FILE="H:/homebound/project file/Content/2DSideScrollerBP/enemies-sprites/enemy-one-fungi/0045.uasset" SILENT=true
[2025.05.25-11.11.46:841][370]LogSavePackage: Moving 'H:/homebound/project file/Saved/0045470E9C0244F9ADB12D1BE99FBC0917B9.tmp' to 'H:/homebound/project file/Content/2DSideScrollerBP/enemies-sprites/enemy-one-fungi/0045.uasset'
[2025.05.25-11.11.46:963][370]Cmd: OBJ SAVEPACKAGE PACKAGE="/Game/2DSideScrollerBP/enemies-sprites/enemy-one-fungi/0046" FILE="H:/homebound/project file/Content/2DSideScrollerBP/enemies-sprites/enemy-one-fungi/0046.uasset" SILENT=true
[2025.05.25-11.11.47:126][370]LogSavePackage: Moving 'H:/homebound/project file/Saved/00468064CA8947E136F5ABD72EA416AFAB88.tmp' to 'H:/homebound/project file/Content/2DSideScrollerBP/enemies-sprites/enemy-one-fungi/0046.uasset'
[2025.05.25-11.11.47:251][370]Cmd: OBJ SAVEPACKAGE PACKAGE="/Game/2DSideScrollerBP/enemies-sprites/enemy-one-fungi/0047" FILE="H:/homebound/project file/Content/2DSideScrollerBP/enemies-sprites/enemy-one-fungi/0047.uasset" SILENT=true
[2025.05.25-11.11.47:418][370]LogSavePackage: Moving 'H:/homebound/project file/Saved/0047B6043CDA43AD82EBDD4AFCB01DFB0914.tmp' to 'H:/homebound/project file/Content/2DSideScrollerBP/enemies-sprites/enemy-one-fungi/0047.uasset'
[2025.05.25-11.11.47:538][370]Cmd: OBJ SAVEPACKAGE PACKAGE="/Game/2DSideScrollerBP/enemies-sprites/enemy-one-fungi/0048" FILE="H:/homebound/project file/Content/2DSideScrollerBP/enemies-sprites/enemy-one-fungi/0048.uasset" SILENT=true
[2025.05.25-11.11.47:888][370]LogSavePackage: Moving 'H:/homebound/project file/Saved/004820B6D1F14DE46F196428D7AB6A8165FB.tmp' to 'H:/homebound/project file/Content/2DSideScrollerBP/enemies-sprites/enemy-one-fungi/0048.uasset'
[2025.05.25-11.11.47:961][370]Cmd: OBJ SAVEPACKAGE PACKAGE="/Game/2DSideScrollerBP/enemies-sprites/enemy-one-fungi/0049" FILE="H:/homebound/project file/Content/2DSideScrollerBP/enemies-sprites/enemy-one-fungi/0049.uasset" SILENT=true
[2025.05.25-11.11.48:183][370]LogSavePackage: Moving 'H:/homebound/project file/Saved/0049B85E344C48E8C79B859611B4DF64320F.tmp' to 'H:/homebound/project file/Content/2DSideScrollerBP/enemies-sprites/enemy-one-fungi/0049.uasset'
[2025.05.25-11.11.48:265][370]Cmd: OBJ SAVEPACKAGE PACKAGE="/Game/2DSideScrollerBP/enemies-sprites/enemy-one-fungi/0050" FILE="H:/homebound/project file/Content/2DSideScrollerBP/enemies-sprites/enemy-one-fungi/0050.uasset" SILENT=true
[2025.05.25-11.11.48:445][370]LogSavePackage: Moving 'H:/homebound/project file/Saved/0050453BF14C471D9133941051BF11B25A9A.tmp' to 'H:/homebound/project file/Content/2DSideScrollerBP/enemies-sprites/enemy-one-fungi/0050.uasset'
[2025.05.25-11.11.48:529][370]Cmd: OBJ SAVEPACKAGE PACKAGE="/Game/2DSideScrollerBP/enemies-sprites/enemy-one-fungi/0051" FILE="H:/homebound/project file/Content/2DSideScrollerBP/enemies-sprites/enemy-one-fungi/0051.uasset" SILENT=true
[2025.05.25-11.11.48:698][370]LogSavePackage: Moving 'H:/homebound/project file/Saved/0051B35470B34B779F9C467135B98F51C0AF.tmp' to 'H:/homebound/project file/Content/2DSideScrollerBP/enemies-sprites/enemy-one-fungi/0051.uasset'
[2025.05.25-11.11.48:791][370]Cmd: OBJ SAVEPACKAGE PACKAGE="/Game/2DSideScrollerBP/enemies-sprites/enemy-one-fungi/0052" FILE="H:/homebound/project file/Content/2DSideScrollerBP/enemies-sprites/enemy-one-fungi/0052.uasset" SILENT=true
[2025.05.25-11.11.48:948][370]LogSavePackage: Moving 'H:/homebound/project file/Saved/005270D85CDD44B746C362FBAD8E8180BE13.tmp' to 'H:/homebound/project file/Content/2DSideScrollerBP/enemies-sprites/enemy-one-fungi/0052.uasset'
[2025.05.25-11.11.49:101][370]Cmd: OBJ SAVEPACKAGE PACKAGE="/Game/2DSideScrollerBP/enemies-sprites/enemy-one-fungi/0053" FILE="H:/homebound/project file/Content/2DSideScrollerBP/enemies-sprites/enemy-one-fungi/0053.uasset" SILENT=true
[2025.05.25-11.11.49:260][370]LogSavePackage: Moving 'H:/homebound/project file/Saved/0053A1865C584C2CB6B00912109DB25D2BC0.tmp' to 'H:/homebound/project file/Content/2DSideScrollerBP/enemies-sprites/enemy-one-fungi/0053.uasset'
[2025.05.25-11.11.49:353][370]Cmd: OBJ SAVEPACKAGE PACKAGE="/Game/2DSideScrollerBP/enemies-sprites/enemy-one-fungi/0054" FILE="H:/homebound/project file/Content/2DSideScrollerBP/enemies-sprites/enemy-one-fungi/0054.uasset" SILENT=true
[2025.05.25-11.11.49:538][370]LogSavePackage: Moving 'H:/homebound/project file/Saved/0054F09FC8C34F2D9A0F594C5F9CC8F6CDFC.tmp' to 'H:/homebound/project file/Content/2DSideScrollerBP/enemies-sprites/enemy-one-fungi/0054.uasset'
[2025.05.25-11.11.49:616][370]Cmd: OBJ SAVEPACKAGE PACKAGE="/Game/2DSideScrollerBP/enemies-sprites/enemy-one-fungi/0055" FILE="H:/homebound/project file/Content/2DSideScrollerBP/enemies-sprites/enemy-one-fungi/0055.uasset" SILENT=true
[2025.05.25-11.11.49:831][370]LogSavePackage: Moving 'H:/homebound/project file/Saved/0055CC76790F42FD8BCD629C9DB22B932CD3.tmp' to 'H:/homebound/project file/Content/2DSideScrollerBP/enemies-sprites/enemy-one-fungi/0055.uasset'
[2025.05.25-11.11.49:974][370]Cmd: OBJ SAVEPACKAGE PACKAGE="/Game/2DSideScrollerBP/enemies-sprites/enemy-one-fungi/0056" FILE="H:/homebound/project file/Content/2DSideScrollerBP/enemies-sprites/enemy-one-fungi/0056.uasset" SILENT=true
[2025.05.25-11.11.50:139][370]LogSavePackage: Moving 'H:/homebound/project file/Saved/005614F06E644D2DE8CC760F90B42E201823.tmp' to 'H:/homebound/project file/Content/2DSideScrollerBP/enemies-sprites/enemy-one-fungi/0056.uasset'
[2025.05.25-11.11.50:477][370]Cmd: OBJ SAVEPACKAGE PACKAGE="/Game/2DSideScrollerBP/enemies-sprites/enemy-one-fungi/0057" FILE="H:/homebound/project file/Content/2DSideScrollerBP/enemies-sprites/enemy-one-fungi/0057.uasset" SILENT=true
[2025.05.25-11.11.51:287][370]LogSavePackage: Moving 'H:/homebound/project file/Saved/0057AFA312554C15961ABA39F48C844FA1AD.tmp' to 'H:/homebound/project file/Content/2DSideScrollerBP/enemies-sprites/enemy-one-fungi/0057.uasset'
[2025.05.25-11.11.51:368][370]Cmd: OBJ SAVEPACKAGE PACKAGE="/Game/2DSideScrollerBP/enemies-sprites/enemy-one-fungi/0058" FILE="H:/homebound/project file/Content/2DSideScrollerBP/enemies-sprites/enemy-one-fungi/0058.uasset" SILENT=true
[2025.05.25-11.11.51:641][370]LogSavePackage: Moving 'H:/homebound/project file/Saved/0058D66C50854A559DA2C3F2A384FE35A3EC.tmp' to 'H:/homebound/project file/Content/2DSideScrollerBP/enemies-sprites/enemy-one-fungi/0058.uasset'
[2025.05.25-11.11.51:720][370]Cmd: OBJ SAVEPACKAGE PACKAGE="/Game/2DSideScrollerBP/enemies-sprites/enemy-one-fungi/0059" FILE="H:/homebound/project file/Content/2DSideScrollerBP/enemies-sprites/enemy-one-fungi/0059.uasset" SILENT=true
[2025.05.25-11.11.51:917][370]LogSavePackage: Moving 'H:/homebound/project file/Saved/0059E4F1F93649FE271D3478BABA220A3F5A.tmp' to 'H:/homebound/project file/Content/2DSideScrollerBP/enemies-sprites/enemy-one-fungi/0059.uasset'
[2025.05.25-11.11.52:021][370]Cmd: OBJ SAVEPACKAGE PACKAGE="/Game/2DSideScrollerBP/enemies-sprites/enemy-one-fungi/0060" FILE="H:/homebound/project file/Content/2DSideScrollerBP/enemies-sprites/enemy-one-fungi/0060.uasset" SILENT=true
[2025.05.25-11.11.52:178][370]LogSavePackage: Moving 'H:/homebound/project file/Saved/0060C580D34F47BB7028E96E2B98D365E25B.tmp' to 'H:/homebound/project file/Content/2DSideScrollerBP/enemies-sprites/enemy-one-fungi/0060.uasset'
[2025.05.25-11.11.52:271][370]Cmd: OBJ SAVEPACKAGE PACKAGE="/Game/2DSideScrollerBP/enemies-sprites/enemy-one-fungi/0061" FILE="H:/homebound/project file/Content/2DSideScrollerBP/enemies-sprites/enemy-one-fungi/0061.uasset" SILENT=true
[2025.05.25-11.11.52:517][370]LogSavePackage: Moving 'H:/homebound/project file/Saved/00610EEC4D7F43C5D2D4368A4B8316728FD6.tmp' to 'H:/homebound/project file/Content/2DSideScrollerBP/enemies-sprites/enemy-one-fungi/0061.uasset'
[2025.05.25-11.11.52:610][370]Cmd: OBJ SAVEPACKAGE PACKAGE="/Game/2DSideScrollerBP/enemies-sprites/enemy-one-fungi/0062" FILE="H:/homebound/project file/Content/2DSideScrollerBP/enemies-sprites/enemy-one-fungi/0062.uasset" SILENT=true
[2025.05.25-11.11.52:769][370]LogSavePackage: Moving 'H:/homebound/project file/Saved/0062307D09B44DD061AE38EB4C8F2AD1D44D.tmp' to 'H:/homebound/project file/Content/2DSideScrollerBP/enemies-sprites/enemy-one-fungi/0062.uasset'
[2025.05.25-11.11.52:901][370]Cmd: OBJ SAVEPACKAGE PACKAGE="/Game/2DSideScrollerBP/enemies-sprites/enemy-one-fungi/0063" FILE="H:/homebound/project file/Content/2DSideScrollerBP/enemies-sprites/enemy-one-fungi/0063.uasset" SILENT=true
[2025.05.25-11.11.53:058][370]LogSavePackage: Moving 'H:/homebound/project file/Saved/006327F592FD4907998BFF195F88E6428BDA.tmp' to 'H:/homebound/project file/Content/2DSideScrollerBP/enemies-sprites/enemy-one-fungi/0063.uasset'
[2025.05.25-11.11.53:143][370]Cmd: OBJ SAVEPACKAGE PACKAGE="/Game/2DSideScrollerBP/enemies-sprites/enemy-one-fungi/0064" FILE="H:/homebound/project file/Content/2DSideScrollerBP/enemies-sprites/enemy-one-fungi/0064.uasset" SILENT=true
[2025.05.25-11.11.53:310][370]LogSavePackage: Moving 'H:/homebound/project file/Saved/0064210B1FBC4FE5D8E387D49095EAD7012F.tmp' to 'H:/homebound/project file/Content/2DSideScrollerBP/enemies-sprites/enemy-one-fungi/0064.uasset'
[2025.05.25-11.11.53:487][370]LogSavePackage: Moving 'H:/homebound/project file/Saved/sprite_shooter_Sprite_0164534C54778ABBB515FCFB631173ADF.tmp' to 'H:/homebound/project file/Content/2DSideScrollerBP/enemies-sprites/enemy-shooter-three/sprite_shooter_Sprite_0.uasset'
[2025.05.25-11.12.55:620][ 19]LogSavePackage: Moving 'H:/homebound/project file/Saved/0000_Sprite6E6792144A7CC2717A66788C599DDB30.tmp' to 'H:/homebound/project file/Content/2DSideScrollerBP/enemies-sprites/enemy-two-runner/enemy-two-runner-sprite/0000_Sprite.uasset'
[2025.05.25-11.12.55:799][ 19]LogSavePackage: Moving 'H:/homebound/project file/Saved/0001_Sprite4936260C4D48216B33A8E1BAAE9C4FEF.tmp' to 'H:/homebound/project file/Content/2DSideScrollerBP/enemies-sprites/enemy-two-runner/enemy-two-runner-sprite/0001_Sprite.uasset'
[2025.05.25-11.12.55:971][ 19]LogSavePackage: Moving 'H:/homebound/project file/Saved/0002_SpriteF8A8225C4CB3995D1678E9829C1E2866.tmp' to 'H:/homebound/project file/Content/2DSideScrollerBP/enemies-sprites/enemy-two-runner/enemy-two-runner-sprite/0002_Sprite.uasset'
[2025.05.25-11.12.56:168][ 19]LogSavePackage: Moving 'H:/homebound/project file/Saved/0003_Sprite16B0872B49422B72B149B6938D20116F.tmp' to 'H:/homebound/project file/Content/2DSideScrollerBP/enemies-sprites/enemy-two-runner/enemy-two-runner-sprite/0003_Sprite.uasset'
[2025.05.25-11.12.56:339][ 19]LogSavePackage: Moving 'H:/homebound/project file/Saved/0004_Sprite7C5EFD9B458DAD7A8763459F8206F213.tmp' to 'H:/homebound/project file/Content/2DSideScrollerBP/enemies-sprites/enemy-two-runner/enemy-two-runner-sprite/0004_Sprite.uasset'
[2025.05.25-11.12.56:497][ 19]LogSavePackage: Moving 'H:/homebound/project file/Saved/0005_Sprite933320014938B1A5FFF31984E47E3124.tmp' to 'H:/homebound/project file/Content/2DSideScrollerBP/enemies-sprites/enemy-two-runner/enemy-two-runner-sprite/0005_Sprite.uasset'
[2025.05.25-11.12.56:660][ 19]LogSavePackage: Moving 'H:/homebound/project file/Saved/0006_Sprite52A0BDBD461704D0190FB8B5F836F69C.tmp' to 'H:/homebound/project file/Content/2DSideScrollerBP/enemies-sprites/enemy-two-runner/enemy-two-runner-sprite/0006_Sprite.uasset'
[2025.05.25-11.12.56:847][ 19]LogSavePackage: Moving 'H:/homebound/project file/Saved/0007_Sprite128C61BD4E2DBB80246D0BA37A42075D.tmp' to 'H:/homebound/project file/Content/2DSideScrollerBP/enemies-sprites/enemy-two-runner/enemy-two-runner-sprite/0007_Sprite.uasset'
[2025.05.25-11.12.57:007][ 19]LogSavePackage: Moving 'H:/homebound/project file/Saved/0008_Sprite19FC270F40B1B477CB5E019234843763.tmp' to 'H:/homebound/project file/Content/2DSideScrollerBP/enemies-sprites/enemy-two-runner/enemy-two-runner-sprite/0008_Sprite.uasset'
[2025.05.25-11.12.57:187][ 19]LogSavePackage: Moving 'H:/homebound/project file/Saved/0009_Sprite89694C5C46DCADBBAA7C95A6B8A73C8D.tmp' to 'H:/homebound/project file/Content/2DSideScrollerBP/enemies-sprites/enemy-two-runner/enemy-two-runner-sprite/0009_Sprite.uasset'
[2025.05.25-11.12.57:394][ 19]LogSavePackage: Moving 'H:/homebound/project file/Saved/0010_Sprite65678A1B4C162C6CA335A9968869E8D3.tmp' to 'H:/homebound/project file/Content/2DSideScrollerBP/enemies-sprites/enemy-two-runner/enemy-two-runner-sprite/0010_Sprite.uasset'
[2025.05.25-11.12.57:552][ 19]LogSavePackage: Moving 'H:/homebound/project file/Saved/0011_SpriteF5F9EAF444CD3A5E185C189D191F38AA.tmp' to 'H:/homebound/project file/Content/2DSideScrollerBP/enemies-sprites/enemy-two-runner/enemy-two-runner-sprite/0011_Sprite.uasset'
[2025.05.25-11.12.57:714][ 19]LogSavePackage: Moving 'H:/homebound/project file/Saved/0012_SpriteD6024A104B1F4DD9877D888FD34CF24F.tmp' to 'H:/homebound/project file/Content/2DSideScrollerBP/enemies-sprites/enemy-two-runner/enemy-two-runner-sprite/0012_Sprite.uasset'
[2025.05.25-11.12.57:918][ 19]LogSavePackage: Moving 'H:/homebound/project file/Saved/0013_Sprite0C269EE047AD504B0EC39CBEC5810B69.tmp' to 'H:/homebound/project file/Content/2DSideScrollerBP/enemies-sprites/enemy-two-runner/enemy-two-runner-sprite/0013_Sprite.uasset'
[2025.05.25-11.12.58:093][ 19]LogSavePackage: Moving 'H:/homebound/project file/Saved/0014_SpriteDA160CAC4B847C9A8775A2AEBA882B74.tmp' to 'H:/homebound/project file/Content/2DSideScrollerBP/enemies-sprites/enemy-two-runner/enemy-two-runner-sprite/0014_Sprite.uasset'
[2025.05.25-11.12.58:255][ 19]LogSavePackage: Moving 'H:/homebound/project file/Saved/0015_Sprite4452BC104C5198FAFC4EA09D52BCB263.tmp' to 'H:/homebound/project file/Content/2DSideScrollerBP/enemies-sprites/enemy-two-runner/enemy-two-runner-sprite/0015_Sprite.uasset'
[2025.05.25-11.12.58:464][ 19]LogSavePackage: Moving 'H:/homebound/project file/Saved/0016_Sprite7005BC5D4D93772253D2FF95C7069E98.tmp' to 'H:/homebound/project file/Content/2DSideScrollerBP/enemies-sprites/enemy-two-runner/enemy-two-runner-sprite/0016_Sprite.uasset'
[2025.05.25-11.12.58:715][ 19]LogSavePackage: Moving 'H:/homebound/project file/Saved/0017_Sprite3DCE9D4843E9122A7335C9BFC04A4A3D.tmp' to 'H:/homebound/project file/Content/2DSideScrollerBP/enemies-sprites/enemy-two-runner/enemy-two-runner-sprite/0017_Sprite.uasset'
[2025.05.25-11.12.59:568][ 19]LogSavePackage: Moving 'H:/homebound/project file/Saved/0018_Sprite69D9C23E4538CB35671C28BE77182B70.tmp' to 'H:/homebound/project file/Content/2DSideScrollerBP/enemies-sprites/enemy-two-runner/enemy-two-runner-sprite/0018_Sprite.uasset'
[2025.05.25-11.12.59:718][ 19]LogSavePackage: Moving 'H:/homebound/project file/Saved/0019_Sprite2C00951E45C2848E16FA56928A649852.tmp' to 'H:/homebound/project file/Content/2DSideScrollerBP/enemies-sprites/enemy-two-runner/enemy-two-runner-sprite/0019_Sprite.uasset'
[2025.05.25-11.12.59:890][ 19]LogSavePackage: Moving 'H:/homebound/project file/Saved/0020_Sprite24447D014B8D836DE06BCA8DBAF3CF7D.tmp' to 'H:/homebound/project file/Content/2DSideScrollerBP/enemies-sprites/enemy-two-runner/enemy-two-runner-sprite/0020_Sprite.uasset'
[2025.05.25-11.13.00:082][ 19]LogSavePackage: Moving 'H:/homebound/project file/Saved/0021_Sprite52B3404642026DAE420A8CAEBE4E8DD4.tmp' to 'H:/homebound/project file/Content/2DSideScrollerBP/enemies-sprites/enemy-two-runner/enemy-two-runner-sprite/0021_Sprite.uasset'
[2025.05.25-11.13.00:244][ 19]LogSavePackage: Moving 'H:/homebound/project file/Saved/0022_Sprite18A63C1D45D66E33CBCADFAAD2B923E3.tmp' to 'H:/homebound/project file/Content/2DSideScrollerBP/enemies-sprites/enemy-two-runner/enemy-two-runner-sprite/0022_Sprite.uasset'
[2025.05.25-11.13.00:412][ 19]LogSavePackage: Moving 'H:/homebound/project file/Saved/0023_Sprite44C245AB4D19EA10ECBD99A8EC2B5FFD.tmp' to 'H:/homebound/project file/Content/2DSideScrollerBP/enemies-sprites/enemy-two-runner/enemy-two-runner-sprite/0023_Sprite.uasset'
[2025.05.25-11.13.00:619][ 19]LogSavePackage: Moving 'H:/homebound/project file/Saved/0024_Sprite9BBE78F84DEED2A94B6C0EB36B5A02B9.tmp' to 'H:/homebound/project file/Content/2DSideScrollerBP/enemies-sprites/enemy-two-runner/enemy-two-runner-sprite/0024_Sprite.uasset'
[2025.05.25-11.13.00:778][ 19]LogSavePackage: Moving 'H:/homebound/project file/Saved/0025_SpriteD10D3EFD4A0B8C0D59C295930DC630BC.tmp' to 'H:/homebound/project file/Content/2DSideScrollerBP/enemies-sprites/enemy-two-runner/enemy-two-runner-sprite/0025_Sprite.uasset'
[2025.05.25-11.13.00:987][ 19]LogSavePackage: Moving 'H:/homebound/project file/Saved/0026_Sprite3581D2B545DFF071C1C7808CE8FA830D.tmp' to 'H:/homebound/project file/Content/2DSideScrollerBP/enemies-sprites/enemy-two-runner/enemy-two-runner-sprite/0026_Sprite.uasset'
[2025.05.25-11.13.01:154][ 19]LogSavePackage: Moving 'H:/homebound/project file/Saved/0027_Sprite2091D92945A64FD45914D498026916E9.tmp' to 'H:/homebound/project file/Content/2DSideScrollerBP/enemies-sprites/enemy-two-runner/enemy-two-runner-sprite/0027_Sprite.uasset'
[2025.05.25-11.13.01:341][ 19]LogSavePackage: Moving 'H:/homebound/project file/Saved/0028_SpriteC18E7299415EB8812C52F999B0D3DF4D.tmp' to 'H:/homebound/project file/Content/2DSideScrollerBP/enemies-sprites/enemy-two-runner/enemy-two-runner-sprite/0028_Sprite.uasset'
[2025.05.25-11.13.01:525][ 19]LogSavePackage: Moving 'H:/homebound/project file/Saved/0029_Sprite2403FCD74278749DB18D189C09D8236B.tmp' to 'H:/homebound/project file/Content/2DSideScrollerBP/enemies-sprites/enemy-two-runner/enemy-two-runner-sprite/0029_Sprite.uasset'
[2025.05.25-11.13.01:739][ 19]LogSavePackage: Moving 'H:/homebound/project file/Saved/0030_SpriteD23FCB9E45C918556FD7B8B72EAABF0C.tmp' to 'H:/homebound/project file/Content/2DSideScrollerBP/enemies-sprites/enemy-two-runner/enemy-two-runner-sprite/0030_Sprite.uasset'
[2025.05.25-11.13.01:914][ 19]LogSavePackage: Moving 'H:/homebound/project file/Saved/0031_Sprite5DCD8D1A4D3734C3E16D8F954C3542B9.tmp' to 'H:/homebound/project file/Content/2DSideScrollerBP/enemies-sprites/enemy-two-runner/enemy-two-runner-sprite/0031_Sprite.uasset'
[2025.05.25-11.13.02:094][ 19]LogSavePackage: Moving 'H:/homebound/project file/Saved/0032_Sprite6AAE01BA45ECFA00C02E27AC598B11B2.tmp' to 'H:/homebound/project file/Content/2DSideScrollerBP/enemies-sprites/enemy-two-runner/enemy-two-runner-sprite/0032_Sprite.uasset'
[2025.05.25-11.13.02:292][ 19]LogSavePackage: Moving 'H:/homebound/project file/Saved/0033_Sprite811CC4ED48A1CE3999D1F9AC46280EDE.tmp' to 'H:/homebound/project file/Content/2DSideScrollerBP/enemies-sprites/enemy-two-runner/enemy-two-runner-sprite/0033_Sprite.uasset'
[2025.05.25-11.13.02:492][ 19]LogSavePackage: Moving 'H:/homebound/project file/Saved/0034_Sprite1D95411B48E7B0D872CA9C9A6B417F36.tmp' to 'H:/homebound/project file/Content/2DSideScrollerBP/enemies-sprites/enemy-two-runner/enemy-two-runner-sprite/0034_Sprite.uasset'
[2025.05.25-11.13.02:635][ 19]LogSavePackage: Moving 'H:/homebound/project file/Saved/0035_Sprite231D45C04FF67D7D132BF5A773ABC1B7.tmp' to 'H:/homebound/project file/Content/2DSideScrollerBP/enemies-sprites/enemy-two-runner/enemy-two-runner-sprite/0035_Sprite.uasset'
[2025.05.25-11.13.02:794][ 19]LogSavePackage: Moving 'H:/homebound/project file/Saved/0036_Sprite6E5A25CE461F4D5CF2F59EA8619559EE.tmp' to 'H:/homebound/project file/Content/2DSideScrollerBP/enemies-sprites/enemy-two-runner/enemy-two-runner-sprite/0036_Sprite.uasset'
[2025.05.25-11.13.02:908][ 19]LogSavePackage: Moving 'H:/homebound/project file/Saved/0037_SpriteAB5C9E154F64938BD30DDFA26EBD403E.tmp' to 'H:/homebound/project file/Content/2DSideScrollerBP/enemies-sprites/enemy-two-runner/enemy-two-runner-sprite/0037_Sprite.uasset'
[2025.05.25-11.13.03:094][ 19]LogSavePackage: Moving 'H:/homebound/project file/Saved/0038_Sprite92A81E984B412F88B75A2AB304B1B0C9.tmp' to 'H:/homebound/project file/Content/2DSideScrollerBP/enemies-sprites/enemy-two-runner/enemy-two-runner-sprite/0038_Sprite.uasset'
[2025.05.25-11.13.03:207][ 19]LogSavePackage: Moving 'H:/homebound/project file/Saved/0039_SpriteA2B91BB44E42A1E37381B4953E3513B1.tmp' to 'H:/homebound/project file/Content/2DSideScrollerBP/enemies-sprites/enemy-two-runner/enemy-two-runner-sprite/0039_Sprite.uasset'
[2025.05.25-11.13.03:342][ 19]LogSavePackage: Moving 'H:/homebound/project file/Saved/0040_Sprite3F365B34400BC7B8169003BDB24700E8.tmp' to 'H:/homebound/project file/Content/2DSideScrollerBP/enemies-sprites/enemy-two-runner/enemy-two-runner-sprite/0040_Sprite.uasset'
[2025.05.25-11.13.03:594][ 19]LogSavePackage: Moving 'H:/homebound/project file/Saved/0041_Sprite03CC88C14C71DC5400C8E290CFFC3246.tmp' to 'H:/homebound/project file/Content/2DSideScrollerBP/enemies-sprites/enemy-two-runner/enemy-two-runner-sprite/0041_Sprite.uasset'
[2025.05.25-11.13.03:805][ 19]LogSavePackage: Moving 'H:/homebound/project file/Saved/0042_SpriteF2E3E7E14EB4D72A847F5EB3BFC25BBB.tmp' to 'H:/homebound/project file/Content/2DSideScrollerBP/enemies-sprites/enemy-two-runner/enemy-two-runner-sprite/0042_Sprite.uasset'
[2025.05.25-11.13.04:049][ 19]LogSavePackage: Moving 'H:/homebound/project file/Saved/0043_SpriteD86A462241ACF60AE865D5BC822FCD1B.tmp' to 'H:/homebound/project file/Content/2DSideScrollerBP/enemies-sprites/enemy-two-runner/enemy-two-runner-sprite/0043_Sprite.uasset'
[2025.05.25-11.13.04:366][ 19]LogSavePackage: Moving 'H:/homebound/project file/Saved/0044_Sprite4239C5264E406915369018BDAF336383.tmp' to 'H:/homebound/project file/Content/2DSideScrollerBP/enemies-sprites/enemy-two-runner/enemy-two-runner-sprite/0044_Sprite.uasset'
[2025.05.25-11.13.05:165][ 19]LogSavePackage: Moving 'H:/homebound/project file/Saved/0045_Sprite042628D04A0DB8790FC947949EB0A4EB.tmp' to 'H:/homebound/project file/Content/2DSideScrollerBP/enemies-sprites/enemy-two-runner/enemy-two-runner-sprite/0045_Sprite.uasset'
[2025.05.25-11.13.05:329][ 19]LogSavePackage: Moving 'H:/homebound/project file/Saved/0046_SpriteD4A049B240A33F46DC12E294562B4272.tmp' to 'H:/homebound/project file/Content/2DSideScrollerBP/enemies-sprites/enemy-two-runner/enemy-two-runner-sprite/0046_Sprite.uasset'
[2025.05.25-11.13.05:502][ 19]LogSavePackage: Moving 'H:/homebound/project file/Saved/0047_Sprite8274B38B490BEEDD28B2F18567A4BCAE.tmp' to 'H:/homebound/project file/Content/2DSideScrollerBP/enemies-sprites/enemy-two-runner/enemy-two-runner-sprite/0047_Sprite.uasset'
[2025.05.25-11.13.05:697][ 19]LogSavePackage: Moving 'H:/homebound/project file/Saved/0048_Sprite69A5194D454D85794416F287B3A1B4F3.tmp' to 'H:/homebound/project file/Content/2DSideScrollerBP/enemies-sprites/enemy-two-runner/enemy-two-runner-sprite/0048_Sprite.uasset'
[2025.05.25-11.13.05:932][ 19]LogSavePackage: Moving 'H:/homebound/project file/Saved/0049_Sprite0C8EBBAF47CEF3D2A6B5BC8F34E337D4.tmp' to 'H:/homebound/project file/Content/2DSideScrollerBP/enemies-sprites/enemy-two-runner/enemy-two-runner-sprite/0049_Sprite.uasset'
[2025.05.25-11.13.06:123][ 19]LogSavePackage: Moving 'H:/homebound/project file/Saved/0050_Sprite872EBB374B9B12D84802E7AE9518BA71.tmp' to 'H:/homebound/project file/Content/2DSideScrollerBP/enemies-sprites/enemy-two-runner/enemy-two-runner-sprite/0050_Sprite.uasset'
[2025.05.25-11.13.12:868][ 19]LogUObjectHash: Compacting FUObjectHashTables data took   1.27ms
[2025.05.25-11.13.12:890][ 19]LogUObjectHash: Compacting FUObjectHashTables data took   0.49ms
[2025.05.25-11.13.12:910][ 19]LogUObjectHash: Compacting FUObjectHashTables data took   0.50ms
[2025.05.25-11.13.12:932][ 19]LogUObjectHash: Compacting FUObjectHashTables data took   0.50ms
[2025.05.25-11.13.12:954][ 19]LogUObjectHash: Compacting FUObjectHashTables data took   0.50ms
[2025.05.25-11.13.12:976][ 19]LogUObjectHash: Compacting FUObjectHashTables data took   0.47ms
[2025.05.25-11.13.12:999][ 19]LogUObjectHash: Compacting FUObjectHashTables data took   0.49ms
[2025.05.25-11.13.13:021][ 19]LogUObjectHash: Compacting FUObjectHashTables data took   0.49ms
[2025.05.25-11.13.13:044][ 19]LogUObjectHash: Compacting FUObjectHashTables data took   0.49ms
[2025.05.25-11.13.13:067][ 19]LogUObjectHash: Compacting FUObjectHashTables data took   0.50ms
[2025.05.25-11.13.13:091][ 19]LogUObjectHash: Compacting FUObjectHashTables data took   0.49ms
[2025.05.25-11.13.13:112][ 19]LogUObjectHash: Compacting FUObjectHashTables data took   0.51ms
[2025.05.25-11.13.13:135][ 19]LogUObjectHash: Compacting FUObjectHashTables data took   0.49ms
[2025.05.25-11.13.13:157][ 19]LogUObjectHash: Compacting FUObjectHashTables data took   0.53ms
[2025.05.25-11.13.13:178][ 19]LogUObjectHash: Compacting FUObjectHashTables data took   0.58ms
[2025.05.25-11.13.13:200][ 19]LogUObjectHash: Compacting FUObjectHashTables data took   0.49ms
[2025.05.25-11.13.13:222][ 19]LogUObjectHash: Compacting FUObjectHashTables data took   0.49ms
[2025.05.25-11.13.13:245][ 19]LogUObjectHash: Compacting FUObjectHashTables data took   0.53ms
[2025.05.25-11.13.13:268][ 19]LogUObjectHash: Compacting FUObjectHashTables data took   0.73ms
[2025.05.25-11.13.13:290][ 19]LogUObjectHash: Compacting FUObjectHashTables data took   0.49ms
[2025.05.25-11.13.13:313][ 19]LogUObjectHash: Compacting FUObjectHashTables data took   0.51ms
[2025.05.25-11.13.13:335][ 19]LogUObjectHash: Compacting FUObjectHashTables data took   0.49ms
[2025.05.25-11.13.13:357][ 19]LogUObjectHash: Compacting FUObjectHashTables data took   0.49ms
[2025.05.25-11.13.13:380][ 19]LogUObjectHash: Compacting FUObjectHashTables data took   0.52ms
[2025.05.25-11.13.13:401][ 19]LogUObjectHash: Compacting FUObjectHashTables data took   0.49ms
[2025.05.25-11.13.13:425][ 19]LogUObjectHash: Compacting FUObjectHashTables data took   0.49ms
[2025.05.25-11.13.13:447][ 19]LogUObjectHash: Compacting FUObjectHashTables data took   0.54ms
[2025.05.25-11.13.13:468][ 19]LogUObjectHash: Compacting FUObjectHashTables data took   0.52ms
[2025.05.25-11.13.13:491][ 19]LogUObjectHash: Compacting FUObjectHashTables data took   0.50ms
[2025.05.25-11.13.13:513][ 19]LogUObjectHash: Compacting FUObjectHashTables data took   0.50ms
[2025.05.25-11.13.13:535][ 19]LogUObjectHash: Compacting FUObjectHashTables data took   0.51ms
[2025.05.25-11.13.13:557][ 19]LogUObjectHash: Compacting FUObjectHashTables data took   0.49ms
[2025.05.25-11.13.13:577][ 19]LogUObjectHash: Compacting FUObjectHashTables data took   0.49ms
[2025.05.25-11.13.13:599][ 19]LogUObjectHash: Compacting FUObjectHashTables data took   0.49ms
[2025.05.25-11.13.13:621][ 19]LogUObjectHash: Compacting FUObjectHashTables data took   0.49ms
[2025.05.25-11.13.13:644][ 19]LogUObjectHash: Compacting FUObjectHashTables data took   0.50ms
[2025.05.25-11.13.13:666][ 19]LogUObjectHash: Compacting FUObjectHashTables data took   0.49ms
[2025.05.25-11.13.13:689][ 19]LogUObjectHash: Compacting FUObjectHashTables data took   0.49ms
[2025.05.25-11.13.13:712][ 19]LogUObjectHash: Compacting FUObjectHashTables data took   0.51ms
[2025.05.25-11.13.13:732][ 19]LogUObjectHash: Compacting FUObjectHashTables data took   0.54ms
[2025.05.25-11.13.13:755][ 19]LogUObjectHash: Compacting FUObjectHashTables data took   0.49ms
[2025.05.25-11.13.13:778][ 19]LogUObjectHash: Compacting FUObjectHashTables data took   0.50ms
[2025.05.25-11.13.13:801][ 19]LogUObjectHash: Compacting FUObjectHashTables data took   0.49ms
[2025.05.25-11.13.13:822][ 19]LogUObjectHash: Compacting FUObjectHashTables data took   0.51ms
[2025.05.25-11.13.13:845][ 19]LogUObjectHash: Compacting FUObjectHashTables data took   0.50ms
[2025.05.25-11.13.13:865][ 19]LogUObjectHash: Compacting FUObjectHashTables data took   0.49ms
[2025.05.25-11.13.13:888][ 19]LogUObjectHash: Compacting FUObjectHashTables data took   0.50ms
[2025.05.25-11.13.13:908][ 19]LogUObjectHash: Compacting FUObjectHashTables data took   0.49ms
[2025.05.25-11.13.13:932][ 19]LogUObjectHash: Compacting FUObjectHashTables data took   0.49ms
[2025.05.25-11.13.13:954][ 19]LogUObjectHash: Compacting FUObjectHashTables data took   0.49ms
[2025.05.25-11.13.13:977][ 19]LogUObjectHash: Compacting FUObjectHashTables data took   0.49ms
[2025.05.25-11.13.14:003][ 19]LogUObjectHash: Compacting FUObjectHashTables data took   1.08ms
[2025.05.25-11.13.14:025][ 19]LogUObjectHash: Compacting FUObjectHashTables data took   0.49ms
[2025.05.25-11.49.44:733][144]LogAudio: Warning: Current Audio Device with ID {0.0.0.00000000}.{573f6aeb-2c5b-491c-86e3-f4ec8e996f04} was removed. Shutting down audio device.
[2025.05.25-11.49.44:733][144]LogInit: XAudio2 using 'Speakers (NVIDIA Broadcast)' : 2 channels at 48 kHz using 16 bits per sample (channel mask 0x3)
[2025.05.25-11.49.46:372][145]LogInit: XAudio2 using 'DELL S2421H (NVIDIA High Definition Audio)' : 2 channels at 48 kHz using 16 bits per sample (channel mask 0x3)
[2025.05.25-11.49.49:216][154]LogInit: XAudio2 using 'Headphones (Soundcore Q30)' : 2 channels at 48 kHz using 16 bits per sample (channel mask 0x3)
[2025.05.25-11.49.49:524][155]LogInit: XAudio2 using 'Headphones (Soundcore Q30)' : 2 channels at 48 kHz using 16 bits per sample (channel mask 0x3)
[2025.05.25-12.30.54:564][656]LogHttp: Warning: 0000013150DE56C0: invalid HTTP response code received. URL: https://datarouter.ol.epicgames.com/datarouter/api/v1/public/data?SessionID=%7B17DAFDB2-4716-3085-8CB0-86AD3805836C%7D&AppID=UEEditor.Rocket.Release&AppVersion=4.23.1-9631420%2B%2B%2BUE4%2BRelease-4.23&UserID=309a7d4449db2083f2fb5eb0d2ebb95f%7Ceec0c2391f4345899517da7deacaa06d%7C79051af3-b724-46be-be2c-4dd52811b199&AppEnvironment=datacollector-binary&UploadType=eteventstream, HTTP code: 0, content length: -1, actual payload size: 0
[2025.05.25-12.30.54:564][656]LogHttp: Warning: 0000013150DE56C0: request failed, libcurl error: 28 (Timeout was reached)
[2025.05.25-12.30.54:564][656]LogHttp: Warning: 0000013150DE56C0: libcurl info message cache 0 (Connection 19 seems to be dead!)
[2025.05.25-12.30.54:564][656]LogHttp: Warning: 0000013150DE56C0: libcurl info message cache 1 (Closing connection 19)
[2025.05.25-12.30.54:564][656]LogHttp: Warning: 0000013150DE56C0: libcurl info message cache 2 (TLSv1.3 (OUT), TLS Unknown, Unknown (21):)
[2025.05.25-12.30.54:564][656]LogHttp: Warning: 0000013150DE56C0: libcurl info message cache 3 (TLSv1.3 (OUT), TLS alert, Client hello (1):)
[2025.05.25-12.30.54:564][656]LogHttp: Warning: 0000013150DE56C0: libcurl info message cache 4 (  Trying 3.226.129.151...)
[2025.05.25-12.30.54:564][656]LogHttp: Warning: 0000013150DE56C0: libcurl info message cache 5 (TCP_NODELAY set)
[2025.05.25-12.30.54:564][656]LogHttp: Warning: 0000013150DE56C0: libcurl info message cache 6 (Connected to datarouter.ol.epicgames.com (3.226.129.151) port 443 (#20))
[2025.05.25-12.30.54:564][656]LogHttp: Warning: 0000013150DE56C0: libcurl info message cache 7 (ALPN, offering http/1.1)
[2025.05.25-12.30.54:564][656]LogHttp: Warning: 0000013150DE56C0: libcurl info message cache 8 (Cipher selection: ALL:!EXPORT:!EXPORT40:!EXPORT56:!aNULL:!LOW:!RC4:@STRENGTH)
[2025.05.25-12.30.54:564][656]LogHttp: Warning: 0000013150DE56C0: libcurl info message cache 9 (SSL re-using session ID)
[2025.05.25-12.30.54:564][656]LogHttp: Warning: 0000013150DE56C0: libcurl info message cache 10 (TLSv1.3 (OUT), TLS handshake, Client hello (1):)
[2025.05.25-12.30.54:564][656]LogHttp: Warning: 0000013150DE56C0: libcurl info message cache 11 (Operation timed out after 60000 milliseconds with 0 out of 0 bytes received)
[2025.05.25-12.30.54:564][656]LogHttp: Warning: 0000013150DE56C0: libcurl info message cache 12 (Closing connection 20)
[2025.05.25-12.30.54:564][656]LogHttp: Warning: Retry exhausted on https://datarouter.ol.epicgames.com/datarouter/api/v1/public/data?SessionID=%7B17DAFDB2-4716-3085-8CB0-86AD3805836C%7D&AppID=UEEditor.Rocket.Release&AppVersion=4.23.1-9631420%2B%2B%2BUE4%2BRelease-4.23&UserID=309a7d4449db2083f2fb5eb0d2ebb95f%7Ceec0c2391f4345899517da7deacaa06d%7C79051af3-b724-46be-be2c-4dd52811b199&AppEnvironment=datacollector-binary&UploadType=eteventstream
[2025.05.25-13.18.22:689][283]LogUObjectHash: Compacting FUObjectHashTables data took   2.12ms
[2025.05.25-13.18.23:134][283]LogSlate: Window 'Find in Blueprints' being destroyed
[2025.05.25-13.18.23:138][283]LogSlate: Window 'Project Settings' being destroyed
[2025.05.25-13.18.23:142][283]LogDirectoryWatcher: A directory notification for '../../../Engine/Plugins/' was aborted.
[2025.05.25-13.18.23:199][283]LogSlate: Window 'Message Log' being destroyed
[2025.05.25-13.18.23:202][283]LogSlate: Window 'Homebound - Unreal Editor' being destroyed
[2025.05.25-13.18.23:202][283]LogWindowsTextInputMethodSystem: Display: IME system now deactivated.
[2025.05.25-13.18.23:320][284]Cmd: QUIT_EDITOR
[2025.05.25-13.18.23:396][284]LogExit: Preparing to exit.
[2025.05.25-13.18.23:964][284]LogWorld: UWorld::CleanupWorld for World_1, bSessionEnded=true, bCleanupResources=true
[2025.05.25-13.18.23:964][284]LogWorld: UWorld::CleanupWorld for World_2, bSessionEnded=true, bCleanupResources=true
[2025.05.25-13.18.23:965][284]LogWorld: UWorld::CleanupWorld for World_3, bSessionEnded=true, bCleanupResources=true
[2025.05.25-13.18.23:965][284]LogWorld: UWorld::CleanupWorld for World_0, bSessionEnded=true, bCleanupResources=true
[2025.05.25-13.18.23:991][284]LogDemo: Cleaned up 0 splitscreen connections with owner deletion
[2025.05.25-13.18.24:102][284]LogExit: Editor shut down
[2025.05.25-13.18.24:103][284]LogExit: Transaction tracking system shut down
[2025.05.25-13.18.24:619][284]LogExit: Object subsystem successfully closed.
[2025.05.25-13.18.24:644][284]LogShaderCompilers: Display: Shaders left to compile 0
[2025.05.25-13.18.24:676][284]LogModuleManager: Shutting down and abandoning module TextureEditor (672)
[2025.05.25-13.18.24:676][284]LogModuleManager: Shutting down and abandoning module HierarchicalLODOutliner (670)
[2025.05.25-13.18.24:676][284]LogModuleManager: Shutting down and abandoning module ExternalImagePicker (668)
[2025.05.25-13.18.24:676][284]LogModuleManager: Shutting down and abandoning module SceneOutliner (666)
[2025.05.25-13.18.24:676][284]LogModuleManager: Shutting down and abandoning module AddContentDialog (664)
[2025.05.25-13.18.24:677][284]LogModuleManager: Shutting down and abandoning module WidgetCarousel (663)
[2025.05.25-13.18.24:677][284]LogModuleManager: Shutting down and abandoning module EditorWidgets (660)
[2025.05.25-13.18.24:677][284]LogModuleManager: Shutting down and abandoning module CollectionManager (658)
[2025.05.25-13.18.24:678][284]LogModuleManager: Shutting down and abandoning module StatsViewer (656)
[2025.05.25-13.18.24:678][284]LogModuleManager: Shutting down and abandoning module VirtualTexturingEditor (654)
[2025.05.25-13.18.24:678][284]LogModuleManager: Shutting down and abandoning module FoliageEdit (652)
[2025.05.25-13.18.24:678][284]LogModuleManager: Shutting down and abandoning module LandscapeEditor (650)
[2025.05.25-13.18.24:679][284]LogModuleManager: Shutting down and abandoning module MeshPaintMode (648)
[2025.05.25-13.18.24:679][284]LogModuleManager: Shutting down and abandoning module SceneDepthPickerMode (646)
[2025.05.25-13.18.24:679][284]LogModuleManager: Shutting down and abandoning module ActorPickerMode (644)
[2025.05.25-13.18.24:679][284]LogModuleManager: Shutting down and abandoning module GeometryMode (642)
[2025.05.25-13.18.24:679][284]LogModuleManager: Shutting down and abandoning module TextureAlignMode (640)
[2025.05.25-13.18.24:679][284]LogModuleManager: Shutting down and abandoning module BspMode (638)
[2025.05.25-13.18.24:679][284]LogModuleManager: Shutting down and abandoning module PIEPreviewDeviceProfileSelector (636)
[2025.05.25-13.18.24:679][284]LogModuleManager: Shutting down and abandoning module SequenceRecorderSections (634)
[2025.05.25-13.18.24:679][284]LogModuleManager: Shutting down and abandoning module AutomationWorker (632)
[2025.05.25-13.18.24:679][284]LogModuleManager: Shutting down and abandoning module OculusMR (630)
[2025.05.25-13.18.24:679][284]LogModuleManager: Shutting down and abandoning module AudioCaptureEditor (628)
[2025.05.25-13.18.24:679][284]LogModuleManager: Shutting down and abandoning module MatineeToLevelSequence (626)
[2025.05.25-13.18.24:679][284]LogModuleManager: Shutting down and abandoning module LevelSequenceEditor (624)
[2025.05.25-13.18.24:679][284]LogModuleManager: Shutting down and abandoning module PlacementMode (623)
[2025.05.25-13.18.24:679][284]LogModuleManager: Shutting down and abandoning module MaterialEditor (622)
[2025.05.25-13.18.24:679][284]LogModuleManager: Shutting down and abandoning module ActorSequenceEditor (618)
[2025.05.25-13.18.24:679][284]LogModuleManager: Shutting down and abandoning module WmfMediaFactory (616)
[2025.05.25-13.18.24:679][284]LogModuleManager: Shutting down and abandoning module WmfMediaEditor (614)
[2025.05.25-13.18.24:679][284]LogModuleManager: Shutting down and abandoning module WebMMediaFactory (612)
[2025.05.25-13.18.24:679][284]LogModuleManager: Shutting down and abandoning module WebMMediaEditor (610)
[2025.05.25-13.18.24:679][284]LogModuleManager: Shutting down and abandoning module WebMMedia (608)
[2025.05.25-13.18.24:679][284]LogModuleManager: Shutting down and abandoning module MediaPlayerEditor (606)
[2025.05.25-13.18.24:679][284]LogModuleManager: Shutting down and abandoning module MediaCompositingEditor (604)
[2025.05.25-13.18.24:679][284]LogModuleManager: Shutting down and abandoning module SequenceRecorder (603)
[2025.05.25-13.18.24:679][284]LogModuleManager: Shutting down and abandoning module OpenExrWrapper (600)
[2025.05.25-13.18.24:679][284]LogModuleManager: Shutting down and abandoning module ImgMediaFactory (598)
[2025.05.25-13.18.24:679][284]LogModuleManager: Shutting down and abandoning module ImgMediaEditor (596)
[2025.05.25-13.18.24:679][284]LogModuleManager: Shutting down and abandoning module AvfMediaFactory (594)
[2025.05.25-13.18.24:679][284]LogModuleManager: Shutting down and abandoning module AvfMediaEditor (592)
[2025.05.25-13.18.24:679][284]LogModuleManager: Shutting down and abandoning module AndroidMediaFactory (590)
[2025.05.25-13.18.24:679][284]LogModuleManager: Shutting down and abandoning module AndroidMediaEditor (588)
[2025.05.25-13.18.24:679][284]LogModuleManager: Shutting down and abandoning module MagicLeapCameraPreviewFactory (586)
[2025.05.25-13.18.24:679][284]LogModuleManager: Shutting down and abandoning module MagicLeapMediaCodecFactory (584)
[2025.05.25-13.18.24:679][284]LogModuleManager: Shutting down and abandoning module MagicLeapMediaFactory (582)
[2025.05.25-13.18.24:679][284]LogModuleManager: Shutting down and abandoning module MagicLeapMediaEditor (580)
[2025.05.25-13.18.24:679][284]LogModuleManager: Shutting down and abandoning module CharacterAI (578)
[2025.05.25-13.18.24:679][284]LogModuleManager: Shutting down and abandoning module SmartSnapping (576)
[2025.05.25-13.18.24:679][284]LogModuleManager: Shutting down and abandoning module SessionServices (574)
[2025.05.25-13.18.24:679][284]LogModuleManager: Shutting down and abandoning module MeshPaint (572)
[2025.05.25-13.18.24:679][284]LogModuleManager: Shutting down and abandoning module ViewportSnapping (570)
[2025.05.25-13.18.24:679][284]LogModuleManager: Shutting down and abandoning module ViewportInteraction (568)
[2025.05.25-13.18.24:679][284]LogModuleManager: Shutting down and abandoning module ClothPainter (566)
[2025.05.25-13.18.24:679][284]LogModuleManager: Shutting down and abandoning module SkeletalMeshEditor (565)
[2025.05.25-13.18.24:679][284]LogModuleManager: Shutting down and abandoning module LogVisualizer (562)
[2025.05.25-13.18.24:679][284]LogModuleManager: Shutting down and abandoning module IntroTutorials (560)
[2025.05.25-13.18.24:680][284]LogModuleManager: Shutting down and abandoning module GameProjectGeneration (559)
[2025.05.25-13.18.24:680][284]LogModuleManager: Shutting down and abandoning module LuminPlatformEditor (556)
[2025.05.25-13.18.24:680][284]LogModuleManager: Shutting down and abandoning module IOSPlatformEditor (554)
[2025.05.25-13.18.24:680][284]LogModuleManager: Shutting down and abandoning module HTML5PlatformEditor (552)
[2025.05.25-13.18.24:680][284]LogModuleManager: Shutting down and abandoning module AndroidPlatformEditor (550)
[2025.05.25-13.18.24:680][284]LogModuleManager: Shutting down and abandoning module AndroidDeviceDetection (549)
[2025.05.25-13.18.26:149][284]LogModuleManager: Shutting down and abandoning module WindowsPlatformEditor (546)
[2025.05.25-13.18.26:149][284]LogModuleManager: Shutting down and abandoning module LuminRuntimeSettings (544)
[2025.05.25-13.18.26:149][284]LogModuleManager: Shutting down and abandoning module IOSRuntimeSettings (542)
[2025.05.25-13.18.26:149][284]LogModuleManager: Shutting down and abandoning module AndroidRuntimeSettings (540)
[2025.05.25-13.18.26:149][284]LogModuleManager: Shutting down and abandoning module TimeManagementEditor (538)
[2025.05.25-13.18.26:149][284]LogModuleManager: Shutting down and abandoning module InputBindingEditor (536)
[2025.05.25-13.18.26:149][284]LogModuleManager: Shutting down and abandoning module MergeActors (534)
[2025.05.25-13.18.26:149][284]LogModuleManager: Shutting down and abandoning module LocalizationDashboard (532)
[2025.05.25-13.18.26:149][284]LogModuleManager: Shutting down and abandoning module LocalizationService (531)
[2025.05.25-13.18.26:149][284]LogModuleManager: Shutting down and abandoning module HardwareTargeting (528)
[2025.05.25-13.18.26:149][284]LogModuleManager: Shutting down and abandoning module DeviceProfileEditor (526)
[2025.05.25-13.18.26:149][284]LogModuleManager: Shutting down and abandoning module UndoHistory (524)
[2025.05.25-13.18.26:149][284]LogModuleManager: Shutting down and abandoning module XmlParser (522)
[2025.05.25-13.18.26:149][284]LogModuleManager: Shutting down and abandoning module Blutility (520)
[2025.05.25-13.18.26:149][284]LogModuleManager: Shutting down and abandoning module ProjectSettingsViewer (518)
[2025.05.25-13.18.26:150][284]LogModuleManager: Shutting down and abandoning module ProjectTargetPlatformEditor (517)
[2025.05.25-13.18.26:150][284]LogModuleManager: Shutting down and abandoning module EditorSettingsViewer (514)
[2025.05.25-13.18.26:150][284]LogModuleManager: Shutting down and abandoning module SettingsEditor (512)
[2025.05.25-13.18.26:150][284]LogModuleManager: Shutting down and abandoning module ProjectLauncher (510)
[2025.05.25-13.18.26:150][284]LogModuleManager: Shutting down and abandoning module SessionFrontend (508)
[2025.05.25-13.18.26:150][284]LogModuleManager: Shutting down and abandoning module ProfilerClient (506)
[2025.05.25-13.18.26:150][284]LogModuleManager: Shutting down and abandoning module DeviceManager (504)
[2025.05.25-13.18.26:150][284]LogModuleManager: Shutting down and abandoning module TargetDeviceServices (503)
[2025.05.25-13.18.26:182][284]LogModuleManager: Shutting down and abandoning module AutomationController (500)
[2025.05.25-13.18.26:182][284]LogModuleManager: Shutting down and abandoning module AutomationWindow (498)
[2025.05.25-13.18.26:182][284]LogModuleManager: Shutting down and abandoning module Layers (496)
[2025.05.25-13.18.26:182][284]LogModuleManager: Shutting down and abandoning module ComponentVisualizers (494)
[2025.05.25-13.18.26:182][284]LogModuleManager: Shutting down and abandoning module DetailCustomizations (492)
[2025.05.25-13.18.26:182][284]LogModuleManager: Shutting down and abandoning module PackagesDialog (490)
[2025.05.25-13.18.26:182][284]LogModuleManager: Shutting down and abandoning module AnimationBlueprintEditor (488)
[2025.05.25-13.18.26:182][284]LogModuleManager: Shutting down and abandoning module Persona (486)
[2025.05.25-13.18.26:182][284]LogModuleManager: Shutting down and abandoning module AdvancedPreviewScene (485)
[2025.05.25-13.18.26:183][284]LogModuleManager: Shutting down and abandoning module AnimGraph (483)
[2025.05.25-13.18.26:183][284]LogModuleManager: Shutting down and abandoning module Kismet (480)
[2025.05.25-13.18.26:183][284]LogModuleManager: Shutting down and abandoning module KismetWidgets (479)
[2025.05.25-13.18.26:183][284]LogModuleManager: Shutting down and abandoning module GraphEditor (476)
[2025.05.25-13.18.26:183][284]LogModuleManager: Shutting down and abandoning module StructViewer (474)
[2025.05.25-13.18.26:183][284]LogModuleManager: Shutting down and abandoning module ClassViewer (472)
[2025.05.25-13.18.26:184][284]LogModuleManager: Shutting down and abandoning module Toolbox (470)
[2025.05.25-13.18.26:184][284]LogModuleManager: Shutting down and abandoning module ModuleUI (468)
[2025.05.25-13.18.26:184][284]LogModuleManager: Shutting down and abandoning module MovieSceneTools (466)
[2025.05.25-13.18.26:184][284]LogModuleManager: Shutting down and abandoning module OutputLog (464)
[2025.05.25-13.18.26:184][284]LogModuleManager: Shutting down and abandoning module GammaUI (462)
[2025.05.25-13.18.26:184][284]LogModuleManager: Shutting down and abandoning module Documentation (460)
[2025.05.25-13.18.26:184][284]LogModuleManager: Shutting down and abandoning module LiveCoding (458)
[2025.05.25-13.18.26:184][284]LogModuleManager: Shutting down and abandoning module LevelSequence (456)
[2025.05.25-13.18.26:184][284]LogModuleManager: Shutting down and abandoning module MovieSceneTracks (454)
[2025.05.25-13.18.26:184][284]LogModuleManager: Shutting down and abandoning module MovieScene (452)
[2025.05.25-13.18.26:184][284]LogModuleManager: Shutting down and abandoning module StreamingPauseRendering (450)
[2025.05.25-13.18.26:184][284]LogModuleManager: Shutting down and abandoning module LauncherPlatform (448)
[2025.05.25-13.18.26:184][284]LogModuleManager: Shutting down and abandoning module AnalyticsET (446)
[2025.05.25-13.18.26:184][284]LogModuleManager: Shutting down and abandoning module PortalServices (444)
[2025.05.25-13.18.26:184][284]LogModuleManager: Shutting down and abandoning module PortalRpc (442)
[2025.05.25-13.18.26:184][284]LogModuleManager: Shutting down and abandoning module MessagingRpc (440)
[2025.05.25-13.18.26:184][284]LogModuleManager: Shutting down and abandoning module AIModule (438)
[2025.05.25-13.18.26:184][284]LogModuleManager: Shutting down and abandoning module GameplayDebugger (437)
[2025.05.25-13.18.26:184][284]LogModuleManager: Shutting down and abandoning module AITestSuite (435)
[2025.05.25-13.18.26:184][284]LogModuleManager: Shutting down and abandoning module NavigationSystem (433)
[2025.05.25-13.18.26:184][284]LogModuleManager: Shutting down and abandoning module DesktopPlatform (430)
[2025.05.25-13.18.26:185][284]LogModuleManager: Shutting down and abandoning module ImageWriteQueue (428)
[2025.05.25-13.18.26:187][284]LogModuleManager: Shutting down and abandoning module ProfilerService (426)
[2025.05.25-13.18.26:208][284]LogModuleManager: Shutting down and abandoning module TaskGraph (424)
[2025.05.25-13.18.26:208][284]LogModuleManager: Shutting down and abandoning module ScreenshotTools (422)
[2025.05.25-13.18.26:208][284]LogModuleManager: Shutting down and abandoning module SteamVRController (420)
[2025.05.25-13.18.26:208][284]LogModuleManager: Shutting down and abandoning module ProceduralMeshComponentEditor (418)
[2025.05.25-13.18.26:208][284]LogModuleManager: Shutting down and abandoning module ProceduralMeshComponent (416)
[2025.05.25-13.18.26:208][284]LogModuleManager: Shutting down and abandoning module OculusEditor (414)
[2025.05.25-13.18.26:208][284]LogModuleManager: Shutting down and abandoning module OculusInput (412)
[2025.05.25-13.18.26:208][284]LogModuleManager: Shutting down and abandoning module MobilePatchingUtils (410)
[2025.05.25-13.18.26:208][284]LogModuleManager: Shutting down and abandoning module EditableMesh (408)
[2025.05.25-13.18.26:208][284]LogModuleManager: Shutting down and abandoning module CustomMeshComponent (406)
[2025.05.25-13.18.26:208][284]LogModuleManager: Shutting down and abandoning module CableComponent (404)
[2025.05.25-13.18.26:208][284]LogModuleManager: Shutting down and abandoning module AudioCapture (402)
[2025.05.25-13.18.26:208][284]LogModuleManager: Shutting down and abandoning module ArchVisCharacter (400)
[2025.05.25-13.18.26:208][284]LogModuleManager: Shutting down and abandoning module AppleImageUtilsBlueprintSupport (398)
[2025.05.25-13.18.26:208][284]LogModuleManager: Shutting down and abandoning module AppleImageUtils (396)
[2025.05.25-13.18.26:209][284]LogModuleManager: Shutting down and abandoning module AndroidPermission (394)
[2025.05.25-13.18.26:209][284]LogModuleManager: Shutting down and abandoning module NUTUnrealEngine4 (392)
[2025.05.25-13.18.26:209][284]LogModuleManager: Shutting down and abandoning module NetcodeUnitTest (390)
[2025.05.25-13.18.26:209][284]LogModuleManager: Shutting down and abandoning module MediaCompositing (388)
[2025.05.25-13.18.26:209][284]LogModuleManager: Shutting down and abandoning module ImgMedia (386)
[2025.05.25-13.18.26:209][284]LogModuleManager: Shutting down and abandoning module MagicLeapHelperVulkan (384)
[2025.05.25-13.18.26:209][284]LogModuleManager: Shutting down and abandoning module MagicLeapHelperOpenGL (382)
[2025.05.25-13.18.26:209][284]LogModuleManager: Shutting down and abandoning module MagicLeapAudio (380)
[2025.05.25-13.18.26:209][284]LogModuleManager: Shutting down and abandoning module HTML5Networking (378)
[2025.05.25-13.18.26:209][284]LogModuleManager: Shutting down and abandoning module GeometryCacheTracks (376)
[2025.05.25-13.18.26:209][284]LogModuleManager: Shutting down and abandoning module GeometryCacheSequencer (374)
[2025.05.25-13.18.26:209][284]LogModuleManager: Shutting down and abandoning module BackChannel (372)
[2025.05.25-13.18.26:209][284]LogModuleManager: Shutting down and abandoning module AutomationUtilsEditor (370)
[2025.05.25-13.18.26:209][284]LogModuleManager: Shutting down and abandoning module AutomationUtils (368)
[2025.05.25-13.18.26:209][284]LogModuleManager: Shutting down and abandoning module AlembicImporter (366)
[2025.05.25-13.18.26:209][284]LogModuleManager: Shutting down and abandoning module AlembicLibrary (365)
[2025.05.25-13.18.26:209][284]LogModuleManager: Shutting down and abandoning module GeometryCache (364)
[2025.05.25-13.18.26:209][284]LogModuleManager: Shutting down and abandoning module GeometryCacheEd (363)
[2025.05.25-13.18.26:209][284]LogModuleManager: Shutting down and abandoning module VariantManagerContent (358)
[2025.05.25-13.18.26:209][284]LogModuleManager: Shutting down and abandoning module DatasmithContentEditor (356)
[2025.05.25-13.18.26:209][284]LogModuleManager: Shutting down and abandoning module SpeedTreeImporter (354)
[2025.05.25-13.18.26:209][284]LogModuleManager: Shutting down and abandoning module PluginBrowser (352)
[2025.05.25-13.18.26:209][284]LogModuleManager: Shutting down and abandoning module MobileLauncherProfileWizard (350)
[2025.05.25-13.18.26:209][284]LogModuleManager: Shutting down and abandoning module MaterialAnalyzer (348)
[2025.05.25-13.18.26:209][284]LogModuleManager: Shutting down and abandoning module CurveEditorTools (346)
[2025.05.25-13.18.26:209][284]LogModuleManager: Shutting down and abandoning module CurveEditor (345)
[2025.05.25-13.18.26:209][284]LogModuleManager: Shutting down and abandoning module CryptoKeysOpenSSL (342)
[2025.05.25-13.18.26:209][284]LogModuleManager: Shutting down and abandoning module CryptoKeys (340)
[2025.05.25-13.18.26:209][284]LogModuleManager: Shutting down and abandoning module VisualStudioSourceCodeAccess (338)
[2025.05.25-13.18.26:209][284]LogModuleManager: Shutting down and abandoning module VisualStudioCodeSourceCodeAccess (336)
[2025.05.25-13.18.26:209][284]LogModuleManager: Shutting down and abandoning module UObjectPlugin (334)
[2025.05.25-13.18.26:209][284]LogModuleManager: Shutting down and abandoning module SubversionSourceControl (332)
[2025.05.25-13.18.26:209][284]LogModuleManager: Shutting down and abandoning module PerforceSourceControl (330)
[2025.05.25-13.18.26:210][284]LogModuleManager: Shutting down and abandoning module GitSourceControl (328)
[2025.05.25-13.18.26:210][284]LogModuleManager: Shutting down and abandoning module SourceControl (327)
[2025.05.25-13.18.26:210][284]LogModuleManager: Shutting down and abandoning module CLionSourceCodeAccess (324)
[2025.05.25-13.18.26:210][284]LogModuleManager: Shutting down and abandoning module AnimationSharingEd (322)
[2025.05.25-13.18.26:210][284]LogModuleManager: Shutting down and abandoning module ActorLayerUtilitiesEditor (320)
[2025.05.25-13.18.26:210][284]LogModuleManager: Shutting down and abandoning module ActorLayerUtilities (318)
[2025.05.25-13.18.26:210][284]LogModuleManager: Shutting down and abandoning module LightPropagationVolumeEditor (316)
[2025.05.25-13.18.26:210][284]LogModuleManager: Shutting down and abandoning module PaperTiledImporter (314)
[2025.05.25-13.18.26:210][284]LogModuleManager: Shutting down and abandoning module PaperSpriteSheetImporter (312)
[2025.05.25-13.18.26:210][284]LogModuleManager: Shutting down and abandoning module Paper2DEditor (310)
[2025.05.25-13.18.26:210][284]LogModuleManager: Shutting down and abandoning module SignificanceManager (308)
[2025.05.25-13.18.26:210][284]LogModuleManager: Shutting down and abandoning module RuntimePhysXCooking (306)
[2025.05.25-13.18.26:210][284]LogModuleManager: Shutting down and abandoning module PhysXVehiclesEditor (304)
[2025.05.25-13.18.26:210][284]LogModuleManager: Shutting down and abandoning module LocationServicesBPLibrary (300)
[2025.05.25-13.18.26:210][284]LogModuleManager: Shutting down and abandoning module ActorSequence (298)
[2025.05.25-13.18.26:210][284]LogModuleManager: Shutting down and abandoning module UdpMessaging (296)
[2025.05.25-13.18.26:312][284]LogModuleManager: Shutting down and abandoning module TcpMessaging (294)
[2025.05.25-13.18.26:413][284]LogModuleManager: Shutting down and abandoning module MagicLeapIdentity (292)
[2025.05.25-13.18.26:413][284]LogModuleManager: Shutting down and abandoning module MagicLeapSecureStorage (290)
[2025.05.25-13.18.26:413][284]LogModuleManager: Shutting down and abandoning module MagicLeapHandTracking (288)
[2025.05.25-13.18.26:413][284]LogModuleManager: Shutting down and abandoning module MagicLeapEyeTracker (286)
[2025.05.25-13.18.26:413][284]LogModuleManager: Shutting down and abandoning module MagicLeapController (284)
[2025.05.25-13.18.26:413][284]LogSlate: Slate User Destroyed.  User Index 0, Is Virtual User: 0
[2025.05.25-13.18.26:413][284]LogModuleManager: Shutting down and abandoning module MagicLeapAR (282)
[2025.05.25-13.18.26:413][284]LogModuleManager: Shutting down and abandoning module AugmentedReality (281)
[2025.05.25-13.18.26:413][284]LogModuleManager: Shutting down and abandoning module GameplayTagsEditor (278)
[2025.05.25-13.18.26:413][284]LogModuleManager: Shutting down and abandoning module FacialAnimationEditor (276)
[2025.05.25-13.18.26:413][284]LogModuleManager: Shutting down and abandoning module FacialAnimation (274)
[2025.05.25-13.18.26:413][284]LogModuleManager: Shutting down and abandoning module DataValidation (272)
[2025.05.25-13.18.26:413][284]LogModuleManager: Shutting down and abandoning module AssetManagerEditor (270)
[2025.05.25-13.18.26:413][284]LogModuleManager: Shutting down and abandoning module LevelEditor (269)
[2025.05.25-13.18.26:414][284]LogModuleManager: Shutting down and abandoning module PixelInspectorModule (268)
[2025.05.25-13.18.26:414][284]LogModuleManager: Shutting down and abandoning module CommonMenuExtensions (266)
[2025.05.25-13.18.26:414][284]LogModuleManager: Shutting down and abandoning module MainFrame (264)
[2025.05.25-13.18.26:414][284]LogModuleManager: Shutting down and abandoning module HotReload (263)
[2025.05.25-13.18.26:415][284]LogModuleManager: Shutting down and abandoning module ContentBrowser (259)
[2025.05.25-13.18.26:417][284]LogModuleManager: Shutting down and abandoning module TreeMap (257)
[2025.05.25-13.18.26:417][284]LogModuleManager: Shutting down and abandoning module AnimationSharing (254)
[2025.05.25-13.18.26:417][284]LogModuleManager: Shutting down and abandoning module LightPropagationVolumeRuntime (252)
[2025.05.25-13.18.26:417][284]LogModuleManager: Shutting down and abandoning module Paper2D (250)
[2025.05.25-13.18.26:417][284]LogModuleManager: Shutting down and abandoning module WindowsMoviePlayer (248)
[2025.05.25-13.18.26:417][284]LogModuleManager: Shutting down and abandoning module WebMMoviePlayer (246)
[2025.05.25-13.18.26:417][284]LogModuleManager: Shutting down and abandoning module NetworkReplayStreaming (244)
[2025.05.25-13.18.26:417][284]LogModuleManager: Shutting down and abandoning module PacketHandler (242)
[2025.05.25-13.18.26:417][284]LogModuleManager: Shutting down and abandoning module ClothingSystemEditor (240)
[2025.05.25-13.18.26:417][284]LogModuleManager: Shutting down and abandoning module ClothingSystemRuntime (238)
[2025.05.25-13.18.26:417][284]LogModuleManager: Shutting down and abandoning module MediaAssets (236)
[2025.05.25-13.18.26:417][284]LogModuleManager: Shutting down and abandoning module Overlay (234)
[2025.05.25-13.18.26:417][284]LogModuleManager: Shutting down and abandoning module OverlayEditor (233)
[2025.05.25-13.18.26:417][284]LogModuleManager: Shutting down and abandoning module VREditor (230)
[2025.05.25-13.18.26:417][284]LogModuleManager: Shutting down and abandoning module StringTableEditor (228)
[2025.05.25-13.18.26:417][284]LogModuleManager: Shutting down and abandoning module GameplayTasksEditor (226)
[2025.05.25-13.18.26:417][284]LogModuleManager: Shutting down and abandoning module BehaviorTreeEditor (224)
[2025.05.25-13.18.26:417][284]LogModuleManager: Shutting down and abandoning module FunctionalTesting (222)
[2025.05.25-13.18.26:417][284]LogModuleManager: Shutting down and abandoning module CollisionAnalyzer (220)
[2025.05.25-13.18.26:417][284]LogModuleManager: Shutting down and abandoning module WorkspaceMenuStructure (219)
[2025.05.25-13.18.26:417][284]LogModuleManager: Shutting down and abandoning module UMG (216)
[2025.05.25-13.18.26:417][284]LogModuleManager: Shutting down and abandoning module UMGEditor (215)
[2025.05.25-13.18.26:417][284]LogModuleManager: Shutting down and abandoning module Sequencer (214)
[2025.05.25-13.18.26:418][284]LogModuleManager: Shutting down and abandoning module MessageLog (211)
[2025.05.25-13.18.26:418][284]LogModuleManager: Shutting down and abandoning module SlateReflector (206)
[2025.05.25-13.18.26:418][284]LogModuleManager: Shutting down and abandoning module Slate (204)
[2025.05.25-13.18.26:418][284]LogModuleManager: Shutting down and abandoning module LandscapeEditorUtilities (202)
[2025.05.25-13.18.26:418][284]LogModuleManager: Shutting down and abandoning module EditorStyle (200)
[2025.05.25-13.18.26:420][284]LogModuleManager: Shutting down and abandoning module UnrealEd (198)
[2025.05.25-13.18.26:420][284]LogModuleManager: Shutting down and abandoning module MRMesh (196)
[2025.05.25-13.18.26:420][284]LogModuleManager: Shutting down and abandoning module SourceCodeAccess (194)
[2025.05.25-13.18.26:420][284]LogModuleManager: Shutting down and abandoning module HeadMountedDisplay (192)
[2025.05.25-13.18.26:420][284]LogModuleManager: Shutting down and abandoning module XAudio2 (190)
[2025.05.25-13.18.26:420][284]LogModuleManager: Shutting down and abandoning module Networking (188)
[2025.05.25-13.18.26:420][284]LogModuleManager: Shutting down and abandoning module Core (186)
[2025.05.25-13.18.26:420][284]LogModuleManager: Shutting down and abandoning module KismetCompiler (184)
[2025.05.25-13.18.26:420][284]LogModuleManager: Shutting down and abandoning module MeshUtilities (182)
[2025.05.25-13.18.26:420][284]LogModuleManager: Shutting down and abandoning module MeshMergeUtilities (181)
[2025.05.25-13.18.26:420][284]LogModuleManager: Shutting down and abandoning module MeshReductionInterface (180)
[2025.05.25-13.18.26:420][284]LogModuleManager: Shutting down and abandoning module SkeletalMeshReduction (179)
[2025.05.25-13.18.26:420][284]LogModuleManager: Shutting down and abandoning module ProxyLODMeshReduction (177)
[2025.05.25-13.18.26:421][284]LogModuleManager: Shutting down and abandoning module QuadricMeshReduction (175)
[2025.05.25-13.18.26:421][284]LogModuleManager: Shutting down and abandoning module MaterialBaking (171)
[2025.05.25-13.18.26:421][284]LogModuleManager: Shutting down and abandoning module NullInstallBundleManager (166)
[2025.05.25-13.18.26:421][284]LogModuleManager: Shutting down and abandoning module DerivedDataCache (164)
[2025.05.25-13.18.26:421][284]LogDerivedDataCache: Shutdown
[2025.05.25-13.18.26:421][284]LogModuleManager: Shutting down and abandoning module XGEController (162)
[2025.05.25-13.18.26:421][284]LogXGEController: Cleaning working directory: C:/Users/zack1/AppData/Local/Temp/UnrealXGEWorkingDir/
[2025.05.25-13.18.26:421][284]LogModuleManager: Shutting down and abandoning module TargetPlatform (160)
[2025.05.25-13.18.26:421][284]LogModuleManager: Shutting down and abandoning module VulkanShaderFormat (159)
[2025.05.25-13.18.26:421][284]LogModuleManager: Shutting down and abandoning module ShaderFormatVectorVM (157)
[2025.05.25-13.18.26:421][284]LogModuleManager: Shutting down and abandoning module ShaderFormatOpenGL (155)
[2025.05.25-13.18.26:421][284]LogModuleManager: Shutting down and abandoning module ShaderFormatD3D (153)
[2025.05.25-13.18.26:421][284]LogModuleManager: Shutting down and abandoning module MetalShaderFormat (151)
[2025.05.25-13.18.26:421][284]LogModuleManager: Shutting down and abandoning module TextureFormatUncompressed (149)
[2025.05.25-13.18.26:421][284]LogModuleManager: Shutting down and abandoning module TextureFormatPVR (147)
[2025.05.25-13.18.26:421][284]LogModuleManager: Shutting down and abandoning module TextureFormatDXT (145)
[2025.05.25-13.18.26:421][284]LogModuleManager: Shutting down and abandoning module TextureFormatIntelISPCTexComp (143)
[2025.05.25-13.18.26:421][284]LogModuleManager: Shutting down and abandoning module TextureFormatASTC (141)
[2025.05.25-13.18.26:421][284]LogModuleManager: Shutting down and abandoning module ImageWrapper (140)
[2025.05.25-13.18.26:421][284]LogModuleManager: Shutting down and abandoning module TextureFormatAndroid (137)
[2025.05.25-13.18.26:422][284]LogModuleManager: Shutting down and abandoning module AudioFormatOpus (135)
[2025.05.25-13.18.26:422][284]LogModuleManager: Shutting down and abandoning module AudioFormatOgg (133)
[2025.05.25-13.18.26:422][284]LogModuleManager: Shutting down and abandoning module AudioFormatADPCM (131)
[2025.05.25-13.18.26:422][284]LogModuleManager: Shutting down and abandoning module LuminTargetPlatform (129)
[2025.05.25-13.18.26:425][284]LogModuleManager: Shutting down and abandoning module LinuxTargetPlatform (127)
[2025.05.25-13.18.26:425][284]LogModuleManager: Shutting down and abandoning module LinuxServerTargetPlatform (125)
[2025.05.25-13.18.26:425][284]LogModuleManager: Shutting down and abandoning module LinuxNoEditorTargetPlatform (123)
[2025.05.25-13.18.26:425][284]LogModuleManager: Shutting down and abandoning module LinuxClientTargetPlatform (121)
[2025.05.25-13.18.26:425][284]LogModuleManager: Shutting down and abandoning module TVOSTargetPlatform (119)
[2025.05.25-13.18.26:428][284]LogModuleManager: Shutting down and abandoning module Messaging (117)
[2025.05.25-13.18.26:428][284]LogModuleManager: Shutting down and abandoning module IOSTargetPlatform (115)
[2025.05.25-13.18.26:430][284]LogModuleManager: Shutting down and abandoning module HTML5TargetPlatform (113)
[2025.05.25-13.18.26:430][284]LogModuleManager: Shutting down and abandoning module AndroidTargetPlatform (111)
[2025.05.25-13.18.26:447][284]LogModuleManager: Shutting down and abandoning module WindowsTargetPlatform (109)
[2025.05.25-13.18.26:447][284]LogModuleManager: Shutting down and abandoning module WindowsServerTargetPlatform (107)
[2025.05.25-13.18.26:447][284]LogModuleManager: Shutting down and abandoning module WindowsNoEditorTargetPlatform (105)
[2025.05.25-13.18.26:447][284]LogModuleManager: Shutting down and abandoning module WindowsClientTargetPlatform (103)
[2025.05.25-13.18.26:447][284]LogModuleManager: Shutting down and abandoning module MacTargetPlatform (101)
[2025.05.25-13.18.26:448][284]LogModuleManager: Shutting down and abandoning module MacServerTargetPlatform (99)
[2025.05.25-13.18.26:448][284]LogModuleManager: Shutting down and abandoning module MacNoEditorTargetPlatform (97)
[2025.05.25-13.18.26:448][284]LogModuleManager: Shutting down and abandoning module MacClientTargetPlatform (95)
[2025.05.25-13.18.26:448][284]LogModuleManager: Shutting down and abandoning module AllDesktopTargetPlatform (93)
[2025.05.25-13.18.26:448][284]LogModuleManager: Shutting down and abandoning module InputCore (90)
[2025.05.25-13.18.26:448][284]LogModuleManager: Shutting down and abandoning module Settings (88)
[2025.05.25-13.18.26:448][284]LogModuleManager: Shutting down and abandoning module DirectoryWatcher (86)
[2025.05.25-13.18.26:448][284]LogModuleManager: Shutting down and abandoning module PhysXCooking (84)
[2025.05.25-13.18.26:448][284]LogModuleManager: Shutting down and abandoning module WindowsPlatformFeatures (82)
[2025.05.25-13.18.26:448][284]LogModuleManager: Shutting down and abandoning module GameplayMediaEncoder (81)
[2025.05.25-13.18.26:448][284]LogModuleManager: Shutting down and abandoning module SteamVR (78)
[2025.05.25-13.18.26:448][284]LogHMD: Freeing OpenVRDLLHandle.
[2025.05.25-13.18.26:448][284]LogModuleManager: Shutting down and abandoning module OculusHMD (76)
[2025.05.25-13.18.26:448][284]LogModuleManager: Shutting down and abandoning module ExampleDeviceProfileSelector (74)
[2025.05.25-13.18.26:448][284]LogModuleManager: Shutting down and abandoning module LauncherChunkInstaller (72)
[2025.05.25-13.18.26:448][284]LogModuleManager: Shutting down and abandoning module OnlineBlueprintSupport (70)
[2025.05.25-13.18.26:448][284]LogModuleManager: Shutting down and abandoning module OnlineSubsystem (66)
[2025.05.25-13.18.26:449][284]LogModuleManager: Shutting down and abandoning module XMPP (61)
[2025.05.25-13.18.26:449][284]LogModuleManager: Shutting down and abandoning module WebSockets (60)
[2025.05.25-13.18.26:451][284]LogModuleManager: Shutting down and abandoning module HTTP (57)
[2025.05.25-13.18.26:451][284]LogHttp: Display: Http module shutting down, but needs to wait on 1 outstanding Http requests:
[2025.05.25-13.18.26:451][284]LogHttp: Display: 	verb=[POST] url=[https://datarouter.ol.epicgames.com/datarouter/api/v1/public/data?SessionID=%7B17DAFDB2-4716-3085-8CB0-86AD3805836C%7D&AppID=UEEditor.Rocket.Release&AppVersion=4.23.1-9631420%2B%2B%2BUE4%2BRelease-4.23&UserID=309a7d4449db2083f2fb5eb0d2ebb95f%7Ceec0c2391f4345899517da7deacaa06d%7C79051af3-b724-46be-be2c-4dd52811b199&AppEnvironment=datacollector-binary&UploadType=eteventstream] status=Processing
[2025.05.25-13.18.26:464][284]LogModuleManager: Shutting down and abandoning module SSL (56)
[2025.05.25-13.18.26:466][284]LogModuleManager: Shutting down and abandoning module WmfMedia (52)
[2025.05.25-13.18.26:467][284]LogModuleManager: Shutting down and abandoning module Media (51)
[2025.05.25-13.18.26:467][284]LogModuleManager: Shutting down and abandoning module MagicLeap (48)
[2025.05.25-13.18.26:467][284]LogModuleManager: Shutting down and abandoning module DatasmithContent (46)
[2025.05.25-13.18.26:468][284]LogModuleManager: Shutting down and abandoning module AISupportModule (44)
[2025.05.25-13.18.26:468][284]LogModuleManager: Shutting down and abandoning module PlatformCryptoOpenSSL (42)
[2025.05.25-13.18.26:468][284]LogModuleManager: Shutting down and abandoning module PlatformCrypto (40)
[2025.05.25-13.18.26:468][284]LogModuleManager: Shutting down and abandoning module AnimationModifiers (38)
[2025.05.25-13.18.26:468][284]LogModuleManager: Shutting down and abandoning module PropertyEditor (37)
[2025.05.25-13.18.26:468][284]LogModuleManager: Shutting down and abandoning module AudioEditor (34)
[2025.05.25-13.18.26:468][284]LogModuleManager: Shutting down and abandoning module TextureCompressor (32)
[2025.05.25-13.18.26:468][284]LogModuleManager: Shutting down and abandoning module RenderCore (30)
[2025.05.25-13.18.26:468][284]LogModuleManager: Shutting down and abandoning module Landscape (28)
[2025.05.25-13.18.26:470][284]LogModuleManager: Shutting down and abandoning module SlateRHIRenderer (26)
[2025.05.25-13.18.26:470][284]LogModuleManager: Shutting down and abandoning module OpenGLDrv (24)
[2025.05.25-13.18.26:470][284]LogModuleManager: Shutting down and abandoning module D3D11RHI (22)
[2025.05.25-13.18.26:470][284]LogModuleManager: Shutting down and abandoning module AnimGraphRuntime (20)
[2025.05.25-13.18.26:470][284]LogModuleManager: Shutting down and abandoning module Renderer (18)
[2025.05.25-13.18.26:471][284]LogModuleManager: Shutting down and abandoning module Engine (16)
[2025.05.25-13.18.26:471][284]LogModuleManager: Shutting down and abandoning module CoreUObject (14)
[2025.05.25-13.18.26:471][284]LogModuleManager: Shutting down and abandoning module NetworkFile (12)
[2025.05.25-13.18.26:471][284]LogModuleManager: Shutting down and abandoning module CookedIterativeFile (10)
[2025.05.25-13.18.26:471][284]LogModuleManager: Shutting down and abandoning module StreamingFile (8)
[2025.05.25-13.18.26:471][284]LogModuleManager: Shutting down and abandoning module SandboxFile (6)
[2025.05.25-13.18.26:471][284]LogModuleManager: Shutting down and abandoning module PakFile (4)
[2025.05.25-13.18.26:471][284]LogModuleManager: Shutting down and abandoning module RSA (3)
[2025.05.25-13.18.26:472][284]LogD3D11RHI: Shutdown
[2025.05.25-13.18.26:472][284]LogD3D11RHI: CleanupD3DDevice
[2025.05.25-13.18.26:472][284]LogRendererCore: FGlobalDynamicReadBuffer::Cleanup()
[2025.05.25-13.18.26:472][284]LogRendererCore: FGlobalDynamicReadBuffer::Cleanup()
[2025.05.25-13.18.26:472][284]LogRendererCore: FGlobalDynamicReadBuffer::Cleanup()
[2025.05.25-13.18.26:619][284]LogD3D11RHI: ~FD3D11DynamicRHI
[2025.05.25-13.18.26:631][284]LogExit: Exiting.
[2025.05.25-13.18.26:655][284]Log file closed, 05/25/25 14:18:26
