Log file open, 05/25/25 21:58:31
LogWindows: Failed to load 'aqProf.dll' (GetLastError=126)
LogWindows: File 'aqProf.dll' does not exist
LogWindows: Failed to load 'VtuneApi.dll' (GetLastError=126)
LogWindows: File 'VtuneApi.dll' does not exist
LogWindows: Failed to load 'VtuneApi32e.dll' (GetLastError=126)
LogWindows: File 'VtuneApi32e.dll' does not exist
LogConsoleResponse: Display: Failed to find resolution value strings in scalability ini. Falling back to default.
LogInit: Display: Running engine for game: Homebound
LogPlatformFile: Not using cached read wrapper
LogTaskGraph: Started task graph with 5 named threads and 47 total threads with 3 sets of task threads.
LogStats: Stats thread started at 0.064472
LogD3D11RHI: Loaded GFSDK_Aftermath_Lib.x64.dll
LogICUInternationalization: ICU TimeZone Detection - Raw Offset: +0:00, Platform Override: ''
LogPluginManager: Mounting plugin Paper2D
LogPluginManager: Mounting plugin AISupport
LogPluginManager: Mounting plugin LightPropagationVolume
LogPluginManager: Mounting plugin ActorLayerUtilities
LogPluginManager: Mounting plugin AnimationSharing
LogPluginManager: Mounting plugin CLionSourceCodeAccess
LogPluginManager: Mounting plugin CodeLiteSourceCodeAccess
LogPluginManager: Mounting plugin GitSourceControl
LogPluginManager: Mounting plugin KDevelopSourceCodeAccess
LogPluginManager: Mounting plugin NullSourceCodeAccess
LogPluginManager: Mounting plugin PerforceSourceControl
LogPluginManager: Mounting plugin SubversionSourceControl
LogPluginManager: Mounting plugin UObjectPlugin
LogPluginManager: Mounting plugin VisualStudioCodeSourceCodeAccess
LogPluginManager: Mounting plugin VisualStudioSourceCodeAccess
LogPluginManager: Mounting plugin XCodeSourceCodeAccess
LogPluginManager: Mounting plugin AssetManagerEditor
LogPluginManager: Mounting plugin CryptoKeys
LogPluginManager: Mounting plugin CurveEditorTools
LogPluginManager: Mounting plugin DataValidation
LogPluginManager: Mounting plugin FacialAnimation
LogPluginManager: Mounting plugin GameplayTagsEditor
LogPluginManager: Mounting plugin MacGraphicsSwitching
LogPluginManager: Mounting plugin MaterialAnalyzer
LogPluginManager: Mounting plugin MobileLauncherProfileWizard
LogPluginManager: Mounting plugin PluginBrowser
LogPluginManager: Mounting plugin SpeedTreeImporter
LogPluginManager: Mounting plugin DatasmithContent
LogPluginManager: Mounting plugin VariantManagerContent
LogPluginManager: Mounting plugin AlembicImporter
LogPluginManager: Mounting plugin AutomationUtils
LogPluginManager: Mounting plugin BackChannel
LogPluginManager: Mounting plugin CharacterAI
LogPluginManager: Mounting plugin GeometryCache
LogPluginManager: Mounting plugin HTML5Networking
LogPluginManager: Mounting plugin PlatformCrypto
LogPluginManager: Mounting plugin ProxyLODPlugin
LogPluginManager: Mounting plugin SkeletalReduction
LogPluginManager: Mounting plugin MagicLeap
LogPluginManager: Mounting plugin MagicLeapMedia
LogPluginManager: Mounting plugin AndroidMedia
LogPluginManager: Mounting plugin AvfMedia
LogPluginManager: Mounting plugin ImgMedia
LogPluginManager: Mounting plugin MediaCompositing
LogPluginManager: Mounting plugin MediaPlayerEditor
LogPluginManager: Mounting plugin WebMMedia
LogPluginManager: Mounting plugin WmfMedia
LogPluginManager: Mounting plugin TcpMessaging
LogPluginManager: Mounting plugin UdpMessaging
LogPluginManager: Mounting plugin ActorSequence
LogPluginManager: Mounting plugin LevelSequenceEditor
LogPluginManager: Mounting plugin MatineeToLevelSequence
LogPluginManager: Mounting plugin NetcodeUnitTest
LogPluginManager: Mounting plugin NUTUnrealEngine4
LogPluginManager: Mounting plugin OnlineSubsystemGooglePlay
LogPluginManager: Mounting plugin OnlineSubsystemIOS
LogPluginManager: Mounting plugin OnlineSubsystem
LogPluginManager: Mounting plugin OnlineSubsystemNull
LogPluginManager: Mounting plugin OnlineSubsystemUtils
LogPluginManager: Mounting plugin LauncherChunkInstaller
LogPluginManager: Mounting plugin AndroidDeviceProfileSelector
LogPluginManager: Mounting plugin AndroidMoviePlayer
LogPluginManager: Mounting plugin AndroidPermission
LogPluginManager: Mounting plugin AppleImageUtils
LogPluginManager: Mounting plugin AppleMoviePlayer
LogPluginManager: Mounting plugin ArchVisCharacter
LogPluginManager: Mounting plugin AudioCapture
LogPluginManager: Mounting plugin CableComponent
LogPluginManager: Mounting plugin CustomMeshComponent
LogPluginManager: Mounting plugin EditableMesh
LogPluginManager: Mounting plugin ExampleDeviceProfileSelector
LogPluginManager: Mounting plugin GoogleCloudMessaging
LogPluginManager: Mounting plugin IOSDeviceProfileSelector
LogPluginManager: Mounting plugin LinuxDeviceProfileSelector
LogPluginManager: Mounting plugin LocationServicesBPLibrary
LogPluginManager: Mounting plugin MobilePatchingUtils
LogPluginManager: Mounting plugin OculusVR
LogPluginManager: Mounting plugin PhysXVehicles
LogPluginManager: Mounting plugin ProceduralMeshComponent
LogPluginManager: Mounting plugin RuntimePhysXCooking
LogPluginManager: Mounting plugin SignificanceManager
LogPluginManager: Mounting plugin SteamVR
LogPluginManager: Mounting plugin WebMMoviePlayer
LogPluginManager: Mounting plugin WindowsMoviePlayer
LogPluginManager: Mounting plugin ScreenshotTools
LogInit: Using libcurl 7.55.1-DEV
LogInit:  - built for x86_64-pc-win32
LogInit:  - supports SSL with OpenSSL/1.1.1
LogInit:  - supports HTTP deflate (compression) using libz 1.2.8
LogInit:  - other features:
LogInit:      CURL_VERSION_SSL
LogInit:      CURL_VERSION_LIBZ
LogInit:      CURL_VERSION_IPV6
LogInit:      CURL_VERSION_ASYNCHDNS
LogInit:      CURL_VERSION_LARGEFILE
LogInit:      CURL_VERSION_IDN
LogInit:  CurlRequestOptions (configurable via config and command line):
LogInit:  - bVerifyPeer = true  - Libcurl will verify peer certificate
LogInit:  - bUseHttpProxy = false  - Libcurl will NOT use HTTP proxy
LogInit:  - bDontReuseConnections = false  - Libcurl will reuse connections
LogInit:  - MaxHostConnections = 16  - Libcurl will limit the number of connections to a host
LogInit:  - LocalHostAddr = Default
LogInit:  - BufferSize = 65536
LogOnline: OSS: Creating online subsystem instance for: NULL
LogInit: WinSock: version 1.1 (2.2), MaxSocks=32767, MaxUdp=65467
LogInit: Build: ++UE4+Release-4.23-CL-9631420
LogInit: Engine Version: 4.23.1-9631420+++UE4+Release-4.23
LogInit: Compatible Engine Version: 4.23.0-8386587+++UE4+Release-4.23
LogInit: Net CL: 8386587
LogInit: OS: Windows 10 (Release 2009) (), CPU: Intel(R) Core(TM) i7-10700 CPU @ 2.90GHz, GPU: NVIDIA GeForce RTX 3060
LogInit: Compiled (64-bit): Oct 18 2019 02:07:44
LogInit: Compiled with Visual C++: 19.16.27030.01
LogInit: Build Configuration: Development
LogInit: Branch Name: ++UE4+Release-4.23
LogInit: Command Line: 
LogInit: Base Directory: C:/Program Files/Epic Games/UE_4.23/Engine/Binaries/Win64/
LogInit: Installed Engine Build: 1
LogDevObjectVersion: Number of dev versions registered: 23
LogDevObjectVersion:   Dev-Blueprints (B0D832E4-1F89-4F0D-ACCF-7EB736FD4AA2): 10
LogDevObjectVersion:   Dev-Build (E1C64328-A22C-4D53-A36C-8E866417BD8C): 0
LogDevObjectVersion:   Dev-Core (375EC13C-06E4-48FB-B500-84F0262A717E): 3
LogDevObjectVersion:   Dev-Editor (E4B068ED-F494-42E9-A231-DA0B2E46BB41): 34
LogDevObjectVersion:   Dev-Framework (CFFC743F-43B0-4480-9391-14DF171D2073): 35
LogDevObjectVersion:   Dev-Mobile (B02B49B5-BB20-44E9-A304-32B752E40360): 2
LogDevObjectVersion:   Dev-Networking (A4E4105C-59A1-49B5-A7C5-40C4547EDFEE): 0
LogDevObjectVersion:   Dev-Online (39C831C9-5AE6-47DC-9A44-9C173E1C8E7C): 0
LogDevObjectVersion:   Dev-Physics (78F01B33-EBEA-4F98-B9B4-84EACCB95AA2): 0
LogDevObjectVersion:   Dev-Platform (6631380F-2D4D-43E0-8009-CF276956A95A): 0
LogDevObjectVersion:   Dev-Rendering (12F88B9F-8875-4AFC-A67C-D90C383ABD29): 31
LogDevObjectVersion:   Dev-Sequencer (7B5AE74C-D270-4C10-A958-57980B212A5A): 11
LogDevObjectVersion:   Dev-VR (D7296918-1DD6-4BDD-9DE2-64A83CC13884): 2
LogDevObjectVersion:   Dev-LoadTimes (C2A15278-BFE7-4AFE-6C17-90FF531DF755): 1
LogDevObjectVersion:   Private-Geometry (6EACA3D4-40EC-4CC1-B786-8BED09428FC5): 3
LogDevObjectVersion:   Dev-AnimPhys (29E575DD-E0A3-4627-9D10-D276232CDCEA): 17
LogDevObjectVersion:   Dev-Anim (AF43A65D-7FD3-4947-9873-3E8ED9C1BB05): 2
LogDevObjectVersion:   Dev-ReflectionCapture (6B266CEC-1EC7-4B8F-A30B-E4D90942FC07): 1
LogDevObjectVersion:   Dev-Automation (0DF73D61-A23F-47EA-B727-89E90C41499A): 1
LogDevObjectVersion:   FortniteMain (601D1886-AC64-4F84-AA16-D3DE0DEAC7D6): 27
LogDevObjectVersion:   Dev-Enterprise (9DFFBCD6-494F-0158-E221-12823C92A888): 6
LogDevObjectVersion:   Dev-Niagara (F2AED0AC-9AFE-416F-8664-AA7FFA26D6FC): 1
LogDevObjectVersion:   Dev-Destruction (174F1F0B-B4C6-45A5-B13F-2EE8D0FB917D): 9
LogInit: Presizing for max 16777216 objects, including 0 objects not considered by GC, pre-allocating 0 bytes for permanent pool.
LogInit: Object subsystem initialized
LogConfig: Setting CVar [[con.DebugEarlyDefault:1]]
LogConfig: Setting CVar [[r.setres:1280x720]]
[2025.05.25-20.58.32:094][  0]LogConfig: Setting CVar [[r.VSync:0]]
[2025.05.25-20.58.32:094][  0]LogConfig: Setting CVar [[r.RHICmdBypass:0]]
[2025.05.25-20.58.32:094][  0]LogConfig: Applying CVar settings from Section [/Script/Engine.RendererSettings] File [H:/homebound/project file/Saved/Config/Windows/Engine.ini]
[2025.05.25-20.58.32:094][  0]LogConfig: Setting CVar [[r.GPUCrashDebugging:0]]
[2025.05.25-20.58.32:094][  0]LogConfig: Setting CVar [[r.MobileHDR:1]]
[2025.05.25-20.58.32:094][  0]LogConfig: Setting CVar [[r.Mobile.DisableVertexFog:1]]
[2025.05.25-20.58.32:094][  0]LogConfig: Setting CVar [[r.Shadow.CSM.MaxMobileCascades:2]]
[2025.05.25-20.58.32:094][  0]LogConfig: Setting CVar [[r.MobileMSAA:1]]
[2025.05.25-20.58.32:094][  0]LogConfig: Setting CVar [[r.Mobile.UseLegacyShadingModel:0]]
[2025.05.25-20.58.32:094][  0]LogConfig: Setting CVar [[r.Mobile.UseHWsRGBEncoding:0]]
[2025.05.25-20.58.32:094][  0]LogConfig: Setting CVar [[r.Mobile.AllowDitheredLODTransition:0]]
[2025.05.25-20.58.32:094][  0]LogConfig: Setting CVar [[r.Mobile.AllowSoftwareOcclusion:0]]
[2025.05.25-20.58.32:094][  0]LogConfig: Setting CVar [[r.DiscardUnusedQuality:0]]
[2025.05.25-20.58.32:094][  0]LogConfig: Setting CVar [[r.AllowOcclusionQueries:1]]
[2025.05.25-20.58.32:094][  0]LogConfig: Setting CVar [[r.MinScreenRadiusForLights:0.030000]]
[2025.05.25-20.58.32:094][  0]LogConfig: Setting CVar [[r.MinScreenRadiusForDepthPrepass:0.030000]]
[2025.05.25-20.58.32:094][  0]LogConfig: Setting CVar [[r.MinScreenRadiusForCSMDepth:0.010000]]
[2025.05.25-20.58.32:094][  0]LogConfig: Setting CVar [[r.PrecomputedVisibilityWarning:0]]
[2025.05.25-20.58.32:094][  0]LogConfig: Setting CVar [[r.TextureStreaming:1]]
[2025.05.25-20.58.32:094][  0]LogConfig: Setting CVar [[Compat.UseDXT5NormalMaps:0]]
[2025.05.25-20.58.32:094][  0]LogConfig: Setting CVar [[r.VirtualTextures:0]]
[2025.05.25-20.58.32:094][  0]LogConfig: Setting CVar [[r.VirtualTexturedLightmaps:0]]
[2025.05.25-20.58.32:094][  0]LogConfig: Setting CVar [[r.VT.TileSize:128]]
[2025.05.25-20.58.32:094][  0]LogConfig: Setting CVar [[r.VT.TileBorderSize:4]]
[2025.05.25-20.58.32:094][  0]LogConfig: Setting CVar [[r.vt.FeedbackFactor:16]]
[2025.05.25-20.58.32:094][  0]LogConfig: Setting CVar [[r.VT.EnableCompressZlib:1]]
[2025.05.25-20.58.32:094][  0]LogConfig: Setting CVar [[r.VT.EnableCompressCrunch:0]]
[2025.05.25-20.58.32:094][  0]LogConfig: Setting CVar [[r.ClearCoatNormal:0]]
[2025.05.25-20.58.32:094][  0]LogConfig: Setting CVar [[r.ReflectionCaptureResolution:128]]
[2025.05.25-20.58.32:094][  0]LogConfig: Setting CVar [[r.ReflectionEnvironmentLightmapMixBasedOnRoughness:1]]
[2025.05.25-20.58.32:094][  0]LogConfig: Setting CVar [[r.ForwardShading:0]]
[2025.05.25-20.58.32:094][  0]LogConfig: Setting CVar [[r.VertexFoggingForOpaque:1]]
[2025.05.25-20.58.32:094][  0]LogConfig: Setting CVar [[r.AllowStaticLighting:1]]
[2025.05.25-20.58.32:094][  0]LogConfig: Setting CVar [[r.NormalMapsForStaticLighting:0]]
[2025.05.25-20.58.32:094][  0]LogConfig: Setting CVar [[r.GenerateMeshDistanceFields:0]]
[2025.05.25-20.58.32:094][  0]LogConfig: Setting CVar [[r.DistanceFieldBuild.EightBit:0]]
[2025.05.25-20.58.32:094][  0]LogConfig: Setting CVar [[r.GenerateLandscapeGIData:0]]
[2025.05.25-20.58.32:095][  0]LogConfig: Setting CVar [[r.DistanceFieldBuild.Compress:0]]
[2025.05.25-20.58.32:095][  0]LogConfig: Setting CVar [[r.TessellationAdaptivePixelsPerTriangle:48.000000]]
[2025.05.25-20.58.32:095][  0]LogConfig: Setting CVar [[r.SeparateTranslucency:1]]
[2025.05.25-20.58.32:095][  0]LogConfig: Setting CVar [[r.TranslucentSortPolicy:0]]
[2025.05.25-20.58.32:095][  0]LogConfig: Setting CVar [[r.CustomDepth:1]]
[2025.05.25-20.58.32:095][  0]LogConfig: Setting CVar [[r.CustomDepthTemporalAAJitter:1]]
[2025.05.25-20.58.32:095][  0]LogConfig: Setting CVar [[r.PostProcessing.PropagateAlpha:0]]
[2025.05.25-20.58.32:095][  0]LogConfig: Setting CVar [[r.DefaultFeature.Bloom:1]]
[2025.05.25-20.58.32:095][  0]LogConfig: Setting CVar [[r.DefaultFeature.AmbientOcclusion:1]]
[2025.05.25-20.58.32:095][  0]LogConfig: Setting CVar [[r.DefaultFeature.AmbientOcclusionStaticFraction:1]]
[2025.05.25-20.58.32:095][  0]LogConfig: Setting CVar [[r.DefaultFeature.AutoExposure:0]]
[2025.05.25-20.58.32:095][  0]LogConfig: Setting CVar [[r.DefaultFeature.AutoExposure.Method:0]]
[2025.05.25-20.58.32:095][  0]LogConfig: Setting CVar [[r.DefaultFeature.AutoExposure.ExtendDefaultLuminanceRange:0]]
[2025.05.25-20.58.32:095][  0]LogConfig: Setting CVar [[r.UsePreExposure:1]]
[2025.05.25-20.58.32:095][  0]LogConfig: Setting CVar [[r.EyeAdaptation.EditorOnly:1]]
[2025.05.25-20.58.32:095][  0]LogConfig: Setting CVar [[r.DefaultFeature.MotionBlur:1]]
[2025.05.25-20.58.32:095][  0]LogConfig: Setting CVar [[r.DefaultFeature.LensFlare:0]]
[2025.05.25-20.58.32:095][  0]LogConfig: Setting CVar [[r.TemporalAA.Upsampling:0]]
[2025.05.25-20.58.32:095][  0]LogConfig: Setting CVar [[r.DefaultFeature.AntiAliasing:2]]
[2025.05.25-20.58.32:095][  0]LogConfig: Setting CVar [[r.DefaultFeature.LightUnits:1]]
[2025.05.25-20.58.32:095][  0]LogConfig: Setting CVar [[r.DefaultBackBufferPixelFormat:4]]
[2025.05.25-20.58.32:095][  0]LogConfig: Setting CVar [[r.Shadow.UnbuiltPreviewInGame:1]]
[2025.05.25-20.58.32:095][  0]LogConfig: Setting CVar [[r.StencilForLODDither:0]]
[2025.05.25-20.58.32:095][  0]LogConfig: Setting CVar [[r.EarlyZPass:3]]
[2025.05.25-20.58.32:095][  0]LogConfig: Setting CVar [[r.EarlyZPassOnlyMaterialMasking:0]]
[2025.05.25-20.58.32:095][  0]LogConfig: Setting CVar [[r.DBuffer:1]]
[2025.05.25-20.58.32:095][  0]LogConfig: Setting CVar [[r.ClearSceneMethod:1]]
[2025.05.25-20.58.32:095][  0]LogConfig: Setting CVar [[r.BasePassOutputsVelocity:0]]
[2025.05.25-20.58.32:095][  0]LogConfig: Setting CVar [[r.SelectiveBasePassOutputs:0]]
[2025.05.25-20.58.32:095][  0]LogConfig: Setting CVar [[fx.GPUSimulationTextureSizeX:1024]]
[2025.05.25-20.58.32:095][  0]LogConfig: Setting CVar [[fx.GPUSimulationTextureSizeY:1024]]
[2025.05.25-20.58.32:095][  0]LogConfig: Setting CVar [[r.AllowGlobalClipPlane:0]]
[2025.05.25-20.58.32:095][  0]LogConfig: Setting CVar [[r.GBufferFormat:1]]
[2025.05.25-20.58.32:095][  0]LogConfig: Setting CVar [[r.MorphTarget.Mode:1]]
[2025.05.25-20.58.32:095][  0]LogConfig: Setting CVar [[vr.InstancedStereo:0]]
[2025.05.25-20.58.32:095][  0]LogConfig: Setting CVar [[vr.MultiView:0]]
[2025.05.25-20.58.32:095][  0]LogConfig: Setting CVar [[vr.MobileMultiView:0]]
[2025.05.25-20.58.32:095][  0]LogConfig: Setting CVar [[vr.MobileMultiView.Direct:0]]
[2025.05.25-20.58.32:095][  0]LogConfig: Setting CVar [[vr.RoundRobinOcclusion:0]]
[2025.05.25-20.58.32:095][  0]LogConfig: Setting CVar [[vr.ODSCapture:0]]
[2025.05.25-20.58.32:095][  0]LogConfig: Setting CVar [[r.WireframeCullThreshold:5.000000]]
[2025.05.25-20.58.32:095][  0]LogConfig: Setting CVar [[r.RayTracing:0]]
[2025.05.25-20.58.32:095][  0]LogConfig: Setting CVar [[r.SupportStationarySkylight:1]]
[2025.05.25-20.58.32:095][  0]LogConfig: Setting CVar [[r.SupportLowQualityLightmaps:1]]
[2025.05.25-20.58.32:095][  0]LogConfig: Setting CVar [[r.SupportPointLightWholeSceneShadows:1]]
[2025.05.25-20.58.32:095][  0]LogConfig: Setting CVar [[r.SupportAtmosphericFog:1]]
[2025.05.25-20.58.32:095][  0]LogConfig: Setting CVar [[r.SkinCache.CompileShaders:0]]
[2025.05.25-20.58.32:095][  0]LogConfig: Setting CVar [[r.Mobile.EnableStaticAndCSMShadowReceivers:1]]
[2025.05.25-20.58.32:095][  0]LogConfig: Setting CVar [[r.Mobile.EnableMovableLightCSMShaderCulling:1]]
[2025.05.25-20.58.32:095][  0]LogConfig: Setting CVar [[r.Mobile.AllowDistanceFieldShadows:1]]
[2025.05.25-20.58.32:095][  0]LogConfig: Setting CVar [[r.Mobile.AllowMovableDirectionalLights:1]]
[2025.05.25-20.58.32:095][  0]LogConfig: Setting CVar [[r.MobileNumDynamicPointLights:4]]
[2025.05.25-20.58.32:095][  0]LogConfig: Setting CVar [[r.MobileDynamicPointLightsUseStaticBranch:1]]
[2025.05.25-20.58.32:095][  0]LogConfig: Setting CVar [[r.Mobile.EnableMovableSpotlights:0]]
[2025.05.25-20.58.32:095][  0]LogConfig: Setting CVar [[r.SkinCache.SceneMemoryLimitInMB:128.000000]]
[2025.05.25-20.58.32:095][  0]LogConfig: Setting CVar [[r.GPUSkin.Limit2BoneInfluences:0]]
[2025.05.25-20.58.32:095][  0]LogConfig: Setting CVar [[r.SupportDepthOnlyIndexBuffers:1]]
[2025.05.25-20.58.32:095][  0]LogConfig: Setting CVar [[r.SupportReversedIndexBuffers:1]]
[2025.05.25-20.58.32:095][  0]LogConfig: Setting CVar [[r.SupportMaterialLayers:0]]
[2025.05.25-20.58.32:095][  0]LogConfig: Applying CVar settings from Section [/Script/Engine.RendererOverrideSettings] File [H:/homebound/project file/Saved/Config/Windows/Engine.ini]
[2025.05.25-20.58.32:095][  0]LogConfig: Applying CVar settings from Section [/Script/Engine.StreamingSettings] File [H:/homebound/project file/Saved/Config/Windows/Engine.ini]
[2025.05.25-20.58.32:095][  0]LogConfig: Setting CVar [[s.MinBulkDataSizeForAsyncLoading:131072]]
[2025.05.25-20.58.32:095][  0]LogConfig: Setting CVar [[s.AsyncLoadingThreadEnabled:0]]
[2025.05.25-20.58.32:095][  0]LogConfig: Setting CVar [[s.EventDrivenLoaderEnabled:1]]
[2025.05.25-20.58.32:095][  0]LogConfig: Setting CVar [[s.WarnIfTimeLimitExceeded:0]]
[2025.05.25-20.58.32:095][  0]LogConfig: Setting CVar [[s.TimeLimitExceededMultiplier:1.5]]
[2025.05.25-20.58.32:095][  0]LogConfig: Setting CVar [[s.TimeLimitExceededMinTime:0.005]]
[2025.05.25-20.58.32:095][  0]LogConfig: Setting CVar [[s.UseBackgroundLevelStreaming:1]]
[2025.05.25-20.58.32:095][  0]LogConfig: Setting CVar [[s.PriorityAsyncLoadingExtraTime:15.0]]
[2025.05.25-20.58.32:095][  0]LogConfig: Setting CVar [[s.LevelStreamingActorsUpdateTimeLimit:5.0]]
[2025.05.25-20.58.32:095][  0]LogConfig: Setting CVar [[s.PriorityLevelStreamingActorsUpdateExtraTime:5.0]]
[2025.05.25-20.58.32:095][  0]LogConfig: Setting CVar [[s.LevelStreamingComponentsRegistrationGranularity:10]]
[2025.05.25-20.58.32:095][  0]LogConfig: Setting CVar [[s.UnregisterComponentsTimeLimit:1.0]]
[2025.05.25-20.58.32:095][  0]LogConfig: Setting CVar [[s.LevelStreamingComponentsUnregistrationGranularity:5]]
[2025.05.25-20.58.32:095][  0]LogConfig: Applying CVar settings from Section [/Script/Engine.GarbageCollectionSettings] File [H:/homebound/project file/Saved/Config/Windows/Engine.ini]
[2025.05.25-20.58.32:096][  0]LogConfig: Setting CVar [[gc.MaxObjectsNotConsideredByGC:1]]
[2025.05.25-20.58.32:096][  0]LogConfig: Setting CVar [[gc.SizeOfPermanentObjectPool:0]]
[2025.05.25-20.58.32:096][  0]LogConfig: Setting CVar [[gc.FlushStreamingOnGC:0]]
[2025.05.25-20.58.32:096][  0]LogConfig: Setting CVar [[gc.NumRetriesBeforeForcingGC:10]]
[2025.05.25-20.58.32:096][  0]LogConfig: Setting CVar [[gc.AllowParallelGC:1]]
[2025.05.25-20.58.32:096][  0]LogConfig: Setting CVar [[gc.TimeBetweenPurgingPendingKillObjects:61.1]]
[2025.05.25-20.58.32:096][  0]LogConfig: Setting CVar [[gc.MaxObjectsInEditor:16777216]]
[2025.05.25-20.58.32:096][  0]LogConfig: Setting CVar [[gc.IncrementalBeginDestroyEnabled:1]]
[2025.05.25-20.58.32:096][  0]LogConfig: Setting CVar [[gc.CreateGCClusters:1]]
[2025.05.25-20.58.32:096][  0]LogConfig: Setting CVar [[gc.MinGCClusterSize:5]]
[2025.05.25-20.58.32:096][  0]LogConfig: Setting CVar [[gc.ActorClusteringEnabled:0]]
[2025.05.25-20.58.32:096][  0]LogConfig: Setting CVar [[gc.BlueprintClusteringEnabled:0]]
[2025.05.25-20.58.32:096][  0]LogConfig: Setting CVar [[gc.UseDisregardForGCOnDedicatedServers:0]]
[2025.05.25-20.58.32:096][  0]LogConfig: Applying CVar settings from Section [/Script/Engine.NetworkSettings] File [H:/homebound/project file/Saved/Config/Windows/Engine.ini]
[2025.05.25-20.58.32:096][  0]LogConfig: Applying CVar settings from Section [/Script/UnrealEd.CookerSettings] File [H:/homebound/project file/Saved/Config/Windows/Engine.ini]
[2025.05.25-20.58.32:099][  0]LogConfig: Applying CVar settings from Section [ViewDistanceQuality@3] File [H:/homebound/project file/Saved/Config/Windows/Scalability.ini]
[2025.05.25-20.58.32:099][  0]LogConfig: Setting CVar [[r.SkeletalMeshLODBias:0]]
[2025.05.25-20.58.32:099][  0]LogConfig: Setting CVar [[r.ViewDistanceScale:1.0]]
[2025.05.25-20.58.32:099][  0]LogConfig: Applying CVar settings from Section [AntiAliasingQuality@3] File [H:/homebound/project file/Saved/Config/Windows/Scalability.ini]
[2025.05.25-20.58.32:099][  0]LogConfig: Setting CVar [[r.PostProcessAAQuality:4]]
[2025.05.25-20.58.32:099][  0]LogConfig: Applying CVar settings from Section [ShadowQuality@3] File [H:/homebound/project file/Saved/Config/Windows/Scalability.ini]
[2025.05.25-20.58.32:099][  0]LogConfig: Setting CVar [[r.LightFunctionQuality:1]]
[2025.05.25-20.58.32:099][  0]LogConfig: Setting CVar [[r.ShadowQuality:5]]
[2025.05.25-20.58.32:099][  0]LogConfig: Setting CVar [[r.Shadow.CSM.MaxCascades:10]]
[2025.05.25-20.58.32:099][  0]LogConfig: Setting CVar [[r.Shadow.MaxResolution:2048]]
[2025.05.25-20.58.32:099][  0]LogConfig: Setting CVar [[r.Shadow.MaxCSMResolution:2048]]
[2025.05.25-20.58.32:099][  0]LogConfig: Setting CVar [[r.Shadow.RadiusThreshold:0.01]]
[2025.05.25-20.58.32:099][  0]LogConfig: Setting CVar [[r.Shadow.DistanceScale:1.0]]
[2025.05.25-20.58.32:099][  0]LogConfig: Setting CVar [[r.Shadow.CSM.TransitionScale:1.0]]
[2025.05.25-20.58.32:099][  0]LogConfig: Setting CVar [[r.Shadow.PreShadowResolutionFactor:1.0]]
[2025.05.25-20.58.32:099][  0]LogConfig: Setting CVar [[r.DistanceFieldShadowing:1]]
[2025.05.25-20.58.32:099][  0]LogConfig: Setting CVar [[r.DistanceFieldAO:1]]
[2025.05.25-20.58.32:099][  0]LogConfig: Setting CVar [[r.AOQuality:2]]
[2025.05.25-20.58.32:099][  0]LogConfig: Setting CVar [[r.VolumetricFog:1]]
[2025.05.25-20.58.32:099][  0]LogConfig: Setting CVar [[r.VolumetricFog.GridPixelSize:8]]
[2025.05.25-20.58.32:099][  0]LogConfig: Setting CVar [[r.VolumetricFog.GridSizeZ:128]]
[2025.05.25-20.58.32:099][  0]LogConfig: Setting CVar [[r.VolumetricFog.HistoryMissSupersampleCount:4]]
[2025.05.25-20.58.32:099][  0]LogConfig: Setting CVar [[r.LightMaxDrawDistanceScale:1]]
[2025.05.25-20.58.32:099][  0]LogConfig: Setting CVar [[r.CapsuleShadows:1]]
[2025.05.25-20.58.32:099][  0]LogConfig: Applying CVar settings from Section [PostProcessQuality@3] File [H:/homebound/project file/Saved/Config/Windows/Scalability.ini]
[2025.05.25-20.58.32:099][  0]LogConfig: Setting CVar [[r.MotionBlurQuality:4]]
[2025.05.25-20.58.32:099][  0]LogConfig: Setting CVar [[r.AmbientOcclusionMipLevelFactor:0.4]]
[2025.05.25-20.58.32:099][  0]LogConfig: Setting CVar [[r.AmbientOcclusionMaxQuality:100]]
[2025.05.25-20.58.32:099][  0]LogConfig: Setting CVar [[r.AmbientOcclusionLevels:-1]]
[2025.05.25-20.58.32:099][  0]LogConfig: Setting CVar [[r.AmbientOcclusionRadiusScale:1.0]]
[2025.05.25-20.58.32:099][  0]LogConfig: Setting CVar [[r.DepthOfFieldQuality:2]]
[2025.05.25-20.58.32:099][  0]LogConfig: Setting CVar [[r.RenderTargetPoolMin:400]]
[2025.05.25-20.58.32:099][  0]LogConfig: Setting CVar [[r.LensFlareQuality:2]]
[2025.05.25-20.58.32:099][  0]LogConfig: Setting CVar [[r.SceneColorFringeQuality:1]]
[2025.05.25-20.58.32:099][  0]LogConfig: Setting CVar [[r.EyeAdaptationQuality:2]]
[2025.05.25-20.58.32:099][  0]LogConfig: Setting CVar [[r.BloomQuality:5]]
[2025.05.25-20.58.32:099][  0]LogConfig: Setting CVar [[r.FastBlurThreshold:100]]
[2025.05.25-20.58.32:099][  0]LogConfig: Setting CVar [[r.Upscale.Quality:3]]
[2025.05.25-20.58.32:099][  0]LogConfig: Setting CVar [[r.Tonemapper.GrainQuantization:1]]
[2025.05.25-20.58.32:099][  0]LogConfig: Setting CVar [[r.LightShaftQuality:1]]
[2025.05.25-20.58.32:099][  0]LogConfig: Setting CVar [[r.Filter.SizeScale:1]]
[2025.05.25-20.58.32:099][  0]LogConfig: Setting CVar [[r.Tonemapper.Quality:5]]
[2025.05.25-20.58.32:099][  0]LogConfig: Setting CVar [[r.DOF.Gather.AccumulatorQuality:1        ; higher gathering accumulator quality]]
[2025.05.25-20.58.32:099][  0]LogConfig: Setting CVar [[r.DOF.Gather.PostfilterMethod:1          ; Median3x3 postfilering method]]
[2025.05.25-20.58.32:099][  0]LogConfig: Setting CVar [[r.DOF.Gather.EnableBokehSettings:0       ; no bokeh simulation when gathering]]
[2025.05.25-20.58.32:099][  0]LogConfig: Setting CVar [[r.DOF.Gather.RingCount:4                 ; medium number of samples when gathering]]
[2025.05.25-20.58.32:099][  0]LogConfig: Setting CVar [[r.DOF.Scatter.ForegroundCompositing:1    ; additive foreground scattering]]
[2025.05.25-20.58.32:099][  0]LogConfig: Setting CVar [[r.DOF.Scatter.BackgroundCompositing:2    ; additive background scattering]]
[2025.05.25-20.58.32:099][  0]LogConfig: Setting CVar [[r.DOF.Scatter.EnableBokehSettings:1      ; bokeh simulation when scattering]]
[2025.05.25-20.58.32:099][  0]LogConfig: Setting CVar [[r.DOF.Scatter.MaxSpriteRatio:0.1         ; only a maximum of 10% of scattered bokeh]]
[2025.05.25-20.58.32:099][  0]LogConfig: Setting CVar [[r.DOF.Recombine.Quality:1                ; cheap slight out of focus]]
[2025.05.25-20.58.32:099][  0]LogConfig: Setting CVar [[r.DOF.Recombine.EnableBokehSettings:0    ; no bokeh simulation on slight out of focus]]
[2025.05.25-20.58.32:099][  0]LogConfig: Setting CVar [[r.DOF.TemporalAAQuality:1                ; more stable temporal accumulation]]
[2025.05.25-20.58.32:099][  0]LogConfig: Setting CVar [[r.DOF.Kernel.MaxForegroundRadius:0.025]]
[2025.05.25-20.58.32:099][  0]LogConfig: Setting CVar [[r.DOF.Kernel.MaxBackgroundRadius:0.025]]
[2025.05.25-20.58.32:099][  0]LogConfig: Applying CVar settings from Section [TextureQuality@3] File [H:/homebound/project file/Saved/Config/Windows/Scalability.ini]
[2025.05.25-20.58.32:099][  0]LogConfig: Setting CVar [[r.Streaming.MipBias:0]]
[2025.05.25-20.58.32:099][  0]LogConfig: Setting CVar [[r.Streaming.AmortizeCPUToGPUCopy:0]]
[2025.05.25-20.58.32:099][  0]LogConfig: Setting CVar [[r.Streaming.MaxNumTexturesToStreamPerFrame:0]]
[2025.05.25-20.58.32:099][  0]LogConfig: Setting CVar [[r.Streaming.Boost:1]]
[2025.05.25-20.58.32:099][  0]LogConfig: Setting CVar [[r.MaxAnisotropy:8]]
[2025.05.25-20.58.32:099][  0]LogConfig: Setting CVar [[r.Streaming.LimitPoolSizeToVRAM:0]]
[2025.05.25-20.58.32:099][  0]LogConfig: Setting CVar [[r.Streaming.PoolSize:1000]]
[2025.05.25-20.58.32:099][  0]LogConfig: Setting CVar [[r.Streaming.MaxEffectiveScreenSize:0]]
[2025.05.25-20.58.32:099][  0]LogConfig: Applying CVar settings from Section [EffectsQuality@3] File [H:/homebound/project file/Saved/Config/Windows/Scalability.ini]
[2025.05.25-20.58.32:099][  0]LogConfig: Setting CVar [[r.TranslucencyLightingVolumeDim:64]]
[2025.05.25-20.58.32:099][  0]LogConfig: Setting CVar [[r.RefractionQuality:2]]
[2025.05.25-20.58.32:099][  0]LogConfig: Setting CVar [[r.SSR.Quality:3]]
[2025.05.25-20.58.32:099][  0]LogConfig: Setting CVar [[r.SceneColorFormat:4]]
[2025.05.25-20.58.32:099][  0]LogConfig: Setting CVar [[r.DetailMode:2]]
[2025.05.25-20.58.32:099][  0]LogConfig: Setting CVar [[r.TranslucencyVolumeBlur:1]]
[2025.05.25-20.58.32:099][  0]LogConfig: Setting CVar [[r.MaterialQualityLevel:1 ; High quality]]
[2025.05.25-20.58.32:099][  0]LogConfig: Setting CVar [[r.SSS.Scale:1]]
[2025.05.25-20.58.32:099][  0]LogConfig: Setting CVar [[r.SSS.SampleSet:2]]
[2025.05.25-20.58.32:099][  0]LogConfig: Setting CVar [[r.SSS.Quality:1]]
[2025.05.25-20.58.32:099][  0]LogConfig: Setting CVar [[r.SSS.HalfRes:1]]
[2025.05.25-20.58.32:099][  0]LogConfig: Setting CVar [[r.EmitterSpawnRateScale:1.0]]
[2025.05.25-20.58.32:100][  0]LogConfig: Setting CVar [[r.ParticleLightQuality:2]]
[2025.05.25-20.58.32:100][  0]LogConfig: Applying CVar settings from Section [FoliageQuality@3] File [H:/homebound/project file/Saved/Config/Windows/Scalability.ini]
[2025.05.25-20.58.32:100][  0]LogConfig: Setting CVar [[foliage.DensityScale:1.0]]
[2025.05.25-20.58.32:100][  0]LogConfig: Setting CVar [[grass.DensityScale:1.0]]
[2025.05.25-20.58.32:100][  0]LogInit: Selected Device Profile: [Windows]
[2025.05.25-20.58.32:100][  0]LogInit: Applying CVar settings loaded from the selected device profile: [Windows]
[2025.05.25-20.58.32:103][  0]LogHAL: Display: Platform has ~ 32 GB [34269687808 / 34359738368 / 32], which maps to Largest [LargestMinGB=32, LargerMinGB=12, DefaultMinGB=8, SmallerMinGB=6, SmallestMinGB=0)
[2025.05.25-20.58.32:103][  0]LogInit: Going up to parent DeviceProfile []
[2025.05.25-20.58.32:103][  0]LogConfig: Applying CVar settings from Section [ViewDistanceQuality@3] File [H:/homebound/project file/Saved/Config/Windows/Scalability.ini]
[2025.05.25-20.58.32:103][  0]LogConfig: Setting CVar [[r.SkeletalMeshLODBias:0]]
[2025.05.25-20.58.32:103][  0]LogConfig: Setting CVar [[r.ViewDistanceScale:1.0]]
[2025.05.25-20.58.32:103][  0]LogConfig: Applying CVar settings from Section [AntiAliasingQuality@3] File [H:/homebound/project file/Saved/Config/Windows/Scalability.ini]
[2025.05.25-20.58.32:103][  0]LogConfig: Setting CVar [[r.PostProcessAAQuality:4]]
[2025.05.25-20.58.32:103][  0]LogConfig: Applying CVar settings from Section [ShadowQuality@3] File [H:/homebound/project file/Saved/Config/Windows/Scalability.ini]
[2025.05.25-20.58.32:103][  0]LogConfig: Setting CVar [[r.LightFunctionQuality:1]]
[2025.05.25-20.58.32:103][  0]LogConfig: Setting CVar [[r.ShadowQuality:5]]
[2025.05.25-20.58.32:103][  0]LogConfig: Setting CVar [[r.Shadow.CSM.MaxCascades:10]]
[2025.05.25-20.58.32:103][  0]LogConfig: Setting CVar [[r.Shadow.MaxResolution:2048]]
[2025.05.25-20.58.32:103][  0]LogConfig: Setting CVar [[r.Shadow.MaxCSMResolution:2048]]
[2025.05.25-20.58.32:103][  0]LogConfig: Setting CVar [[r.Shadow.RadiusThreshold:0.01]]
[2025.05.25-20.58.32:103][  0]LogConfig: Setting CVar [[r.Shadow.DistanceScale:1.0]]
[2025.05.25-20.58.32:103][  0]LogConfig: Setting CVar [[r.Shadow.CSM.TransitionScale:1.0]]
[2025.05.25-20.58.32:103][  0]LogConfig: Setting CVar [[r.Shadow.PreShadowResolutionFactor:1.0]]
[2025.05.25-20.58.32:103][  0]LogConfig: Setting CVar [[r.DistanceFieldShadowing:1]]
[2025.05.25-20.58.32:103][  0]LogConfig: Setting CVar [[r.DistanceFieldAO:1]]
[2025.05.25-20.58.32:103][  0]LogConfig: Setting CVar [[r.AOQuality:2]]
[2025.05.25-20.58.32:103][  0]LogConfig: Setting CVar [[r.VolumetricFog:1]]
[2025.05.25-20.58.32:103][  0]LogConfig: Setting CVar [[r.VolumetricFog.GridPixelSize:8]]
[2025.05.25-20.58.32:103][  0]LogConfig: Setting CVar [[r.VolumetricFog.GridSizeZ:128]]
[2025.05.25-20.58.32:103][  0]LogConfig: Setting CVar [[r.VolumetricFog.HistoryMissSupersampleCount:4]]
[2025.05.25-20.58.32:103][  0]LogConfig: Setting CVar [[r.LightMaxDrawDistanceScale:1]]
[2025.05.25-20.58.32:103][  0]LogConfig: Setting CVar [[r.CapsuleShadows:1]]
[2025.05.25-20.58.32:103][  0]LogConfig: Applying CVar settings from Section [PostProcessQuality@3] File [H:/homebound/project file/Saved/Config/Windows/Scalability.ini]
[2025.05.25-20.58.32:103][  0]LogConfig: Setting CVar [[r.MotionBlurQuality:4]]
[2025.05.25-20.58.32:103][  0]LogConfig: Setting CVar [[r.AmbientOcclusionMipLevelFactor:0.4]]
[2025.05.25-20.58.32:103][  0]LogConfig: Setting CVar [[r.AmbientOcclusionMaxQuality:100]]
[2025.05.25-20.58.32:103][  0]LogConfig: Setting CVar [[r.AmbientOcclusionLevels:-1]]
[2025.05.25-20.58.32:103][  0]LogConfig: Setting CVar [[r.AmbientOcclusionRadiusScale:1.0]]
[2025.05.25-20.58.32:103][  0]LogConfig: Setting CVar [[r.DepthOfFieldQuality:2]]
[2025.05.25-20.58.32:103][  0]LogConfig: Setting CVar [[r.RenderTargetPoolMin:400]]
[2025.05.25-20.58.32:103][  0]LogConfig: Setting CVar [[r.LensFlareQuality:2]]
[2025.05.25-20.58.32:103][  0]LogConfig: Setting CVar [[r.SceneColorFringeQuality:1]]
[2025.05.25-20.58.32:103][  0]LogConfig: Setting CVar [[r.EyeAdaptationQuality:2]]
[2025.05.25-20.58.32:103][  0]LogConfig: Setting CVar [[r.BloomQuality:5]]
[2025.05.25-20.58.32:103][  0]LogConfig: Setting CVar [[r.FastBlurThreshold:100]]
[2025.05.25-20.58.32:103][  0]LogConfig: Setting CVar [[r.Upscale.Quality:3]]
[2025.05.25-20.58.32:103][  0]LogConfig: Setting CVar [[r.Tonemapper.GrainQuantization:1]]
[2025.05.25-20.58.32:103][  0]LogConfig: Setting CVar [[r.LightShaftQuality:1]]
[2025.05.25-20.58.32:103][  0]LogConfig: Setting CVar [[r.Filter.SizeScale:1]]
[2025.05.25-20.58.32:103][  0]LogConfig: Setting CVar [[r.Tonemapper.Quality:5]]
[2025.05.25-20.58.32:103][  0]LogConfig: Setting CVar [[r.DOF.Gather.AccumulatorQuality:1        ; higher gathering accumulator quality]]
[2025.05.25-20.58.32:103][  0]LogConfig: Setting CVar [[r.DOF.Gather.PostfilterMethod:1          ; Median3x3 postfilering method]]
[2025.05.25-20.58.32:103][  0]LogConfig: Setting CVar [[r.DOF.Gather.EnableBokehSettings:0       ; no bokeh simulation when gathering]]
[2025.05.25-20.58.32:103][  0]LogConfig: Setting CVar [[r.DOF.Gather.RingCount:4                 ; medium number of samples when gathering]]
[2025.05.25-20.58.32:103][  0]LogConfig: Setting CVar [[r.DOF.Scatter.ForegroundCompositing:1    ; additive foreground scattering]]
[2025.05.25-20.58.32:103][  0]LogConfig: Setting CVar [[r.DOF.Scatter.BackgroundCompositing:2    ; additive background scattering]]
[2025.05.25-20.58.32:103][  0]LogConfig: Setting CVar [[r.DOF.Scatter.EnableBokehSettings:1      ; bokeh simulation when scattering]]
[2025.05.25-20.58.32:103][  0]LogConfig: Setting CVar [[r.DOF.Scatter.MaxSpriteRatio:0.1         ; only a maximum of 10% of scattered bokeh]]
[2025.05.25-20.58.32:103][  0]LogConfig: Setting CVar [[r.DOF.Recombine.Quality:1                ; cheap slight out of focus]]
[2025.05.25-20.58.32:103][  0]LogConfig: Setting CVar [[r.DOF.Recombine.EnableBokehSettings:0    ; no bokeh simulation on slight out of focus]]
[2025.05.25-20.58.32:103][  0]LogConfig: Setting CVar [[r.DOF.TemporalAAQuality:1                ; more stable temporal accumulation]]
[2025.05.25-20.58.32:103][  0]LogConfig: Setting CVar [[r.DOF.Kernel.MaxForegroundRadius:0.025]]
[2025.05.25-20.58.32:103][  0]LogConfig: Setting CVar [[r.DOF.Kernel.MaxBackgroundRadius:0.025]]
[2025.05.25-20.58.32:103][  0]LogConfig: Applying CVar settings from Section [TextureQuality@3] File [H:/homebound/project file/Saved/Config/Windows/Scalability.ini]
[2025.05.25-20.58.32:103][  0]LogConfig: Setting CVar [[r.Streaming.MipBias:0]]
[2025.05.25-20.58.32:103][  0]LogConfig: Setting CVar [[r.Streaming.AmortizeCPUToGPUCopy:0]]
[2025.05.25-20.58.32:103][  0]LogConfig: Setting CVar [[r.Streaming.MaxNumTexturesToStreamPerFrame:0]]
[2025.05.25-20.58.32:103][  0]LogConfig: Setting CVar [[r.Streaming.Boost:1]]
[2025.05.25-20.58.32:103][  0]LogConfig: Setting CVar [[r.MaxAnisotropy:8]]
[2025.05.25-20.58.32:103][  0]LogConfig: Setting CVar [[r.Streaming.LimitPoolSizeToVRAM:0]]
[2025.05.25-20.58.32:103][  0]LogConfig: Setting CVar [[r.Streaming.PoolSize:1000]]
[2025.05.25-20.58.32:103][  0]LogConfig: Setting CVar [[r.Streaming.MaxEffectiveScreenSize:0]]
[2025.05.25-20.58.32:103][  0]LogConfig: Applying CVar settings from Section [EffectsQuality@3] File [H:/homebound/project file/Saved/Config/Windows/Scalability.ini]
[2025.05.25-20.58.32:103][  0]LogConfig: Setting CVar [[r.TranslucencyLightingVolumeDim:64]]
[2025.05.25-20.58.32:103][  0]LogConfig: Setting CVar [[r.RefractionQuality:2]]
[2025.05.25-20.58.32:103][  0]LogConfig: Setting CVar [[r.SSR.Quality:3]]
[2025.05.25-20.58.32:103][  0]LogConfig: Setting CVar [[r.SceneColorFormat:4]]
[2025.05.25-20.58.32:103][  0]LogConfig: Setting CVar [[r.DetailMode:2]]
[2025.05.25-20.58.32:103][  0]LogConfig: Setting CVar [[r.TranslucencyVolumeBlur:1]]
[2025.05.25-20.58.32:103][  0]LogConfig: Setting CVar [[r.MaterialQualityLevel:1 ; High quality]]
[2025.05.25-20.58.32:104][  0]LogConfig: Setting CVar [[r.SSS.Scale:1]]
[2025.05.25-20.58.32:104][  0]LogConfig: Setting CVar [[r.SSS.SampleSet:2]]
[2025.05.25-20.58.32:104][  0]LogConfig: Setting CVar [[r.SSS.Quality:1]]
[2025.05.25-20.58.32:104][  0]LogConfig: Setting CVar [[r.SSS.HalfRes:1]]
[2025.05.25-20.58.32:104][  0]LogConfig: Setting CVar [[r.EmitterSpawnRateScale:1.0]]
[2025.05.25-20.58.32:104][  0]LogConfig: Setting CVar [[r.ParticleLightQuality:2]]
[2025.05.25-20.58.32:104][  0]LogConfig: Applying CVar settings from Section [FoliageQuality@3] File [H:/homebound/project file/Saved/Config/Windows/Scalability.ini]
[2025.05.25-20.58.32:104][  0]LogConfig: Setting CVar [[foliage.DensityScale:1.0]]
[2025.05.25-20.58.32:104][  0]LogConfig: Setting CVar [[grass.DensityScale:1.0]]
[2025.05.25-20.58.32:104][  0]LogConfig: Applying CVar settings from Section [Startup] File [../../../Engine/Config/ConsoleVariables.ini]
[2025.05.25-20.58.32:104][  0]LogConfig: Setting CVar [[net.UseAdaptiveNetUpdateFrequency:0]]
[2025.05.25-20.58.32:104][  0]LogConfig: Setting CVar [[p.chaos.AllowCreatePhysxBodies:1]]
[2025.05.25-20.58.32:104][  0]LogConfig: Applying CVar settings from Section [ConsoleVariables] File [H:/homebound/project file/Saved/Config/Windows/Engine.ini]
[2025.05.25-20.58.32:104][  0]LogInit: Computer: ZCD-PC
[2025.05.25-20.58.32:104][  0]LogInit: User: zack1
[2025.05.25-20.58.32:104][  0]LogInit: CPU Page size=4096, Cores=8
[2025.05.25-20.58.32:104][  0]LogInit: High frequency timer resolution =10.000000 MHz
[2025.05.25-20.58.32:104][  0]LogMemory: Memory total: Physical=31.9GB (32GB approx)
[2025.05.25-20.58.32:104][  0]LogMemory: Platform Memory Stats for Windows
[2025.05.25-20.58.32:104][  0]LogMemory: Process Physical Memory: 109.56 MB used, 109.56 MB peak
[2025.05.25-20.58.32:104][  0]LogMemory: Process Virtual Memory: 101.78 MB used, 101.78 MB peak
[2025.05.25-20.58.32:104][  0]LogMemory: Physical Memory: 13461.67 MB used,  19220.45 MB free, 32682.12 MB total
[2025.05.25-20.58.32:104][  0]LogMemory: Virtual Memory: 4715.45 MB used,  134213016.00 MB free, 134217728.00 MB total
[2025.05.25-20.58.32:110][  0]LogWindows: WindowsPlatformFeatures enabled
[2025.05.25-20.58.32:152][  0]LogInit: Using OS detected language (en-GB).
[2025.05.25-20.58.32:152][  0]LogInit: Using OS detected locale (en-GB).
[2025.05.25-20.58.32:154][  0]LogTextLocalizationManager: No specific localization for 'en-GB' exists, so the 'en' localization will be used.
[2025.05.25-20.58.32:279][  0]LogInit: Setting process to per monitor DPI aware
[2025.05.25-20.58.32:310][  0]LogSlate: New Slate User Created.  User Index 0, Is Virtual User: 0
[2025.05.25-20.58.32:310][  0]LogSlate: Slate User Registered.  User Index 0, Is Virtual User: 0
[2025.05.25-20.58.32:474][  0]LogHMD: Failed to initialize OpenVR with code 110
[2025.05.25-20.58.32:474][  0]LogD3D11RHI: D3D11 adapters:
[2025.05.25-20.58.32:638][  0]LogD3D11RHI:    0. 'NVIDIA GeForce RTX 3060' (Feature Level 11_0)
[2025.05.25-20.58.32:638][  0]LogD3D11RHI:       12115/0/16341 MB DedicatedVideo/DedicatedSystem/SharedSystem, Outputs:3, VendorId:0x10de
[2025.05.25-20.58.32:641][  0]LogD3D11RHI:    1. 'Microsoft Basic Render Driver' (Feature Level 11_0)
[2025.05.25-20.58.32:641][  0]LogD3D11RHI:       0/0/16341 MB DedicatedVideo/DedicatedSystem/SharedSystem, Outputs:0, VendorId:0x1414
[2025.05.25-20.58.32:641][  0]LogD3D11RHI: Chosen D3D11 Adapter: 0
[2025.05.25-20.58.32:648][  0]LogD3D11RHI: Creating new Direct3DDevice
[2025.05.25-20.58.32:648][  0]LogD3D11RHI:     GPU DeviceId: 0x2504 (for the marketing name, search the web for "GPU Device Id")
[2025.05.25-20.58.32:648][  0]LogWindows: EnumDisplayDevices:
[2025.05.25-20.58.32:648][  0]LogWindows:    0. 'NVIDIA GeForce RTX 3060' (P:1 D:1)
[2025.05.25-20.58.32:649][  0]LogWindows:    1. 'NVIDIA GeForce RTX 3060' (P:0 D:1)
[2025.05.25-20.58.32:649][  0]LogWindows:    2. 'NVIDIA GeForce RTX 3060' (P:0 D:1)
[2025.05.25-20.58.32:649][  0]LogWindows:    3. 'NVIDIA GeForce RTX 3060' (P:0 D:0)
[2025.05.25-20.58.32:649][  0]LogWindows: DebugString: FoundDriverCount:4 
[2025.05.25-20.58.32:649][  0]LogD3D11RHI:     Adapter Name: NVIDIA GeForce RTX 3060
[2025.05.25-20.58.32:649][  0]LogD3D11RHI:   Driver Version: 576.40 (internal:32.0.15.7640, unified:576.40)
[2025.05.25-20.58.32:649][  0]LogD3D11RHI:      Driver Date: 5-6-2025
[2025.05.25-20.58.32:649][  0]LogRHI: Texture pool is 8480 MB (70% of 12115 MB)
[2025.05.25-20.58.32:776][  0]LogD3D11RHI: Async texture creation enabled
[2025.05.25-20.58.32:793][  0]LogD3D11RHI: GPU Timing Frequency: 1000.000000 (Debug: 2 2)
[2025.05.25-20.58.33:062][  0]LogTemp: Display: Module 'AllDesktopTargetPlatform' loaded TargetPlatform 'AllDesktop'
[2025.05.25-20.58.33:070][  0]LogTemp: Display: Module 'MacClientTargetPlatform' loaded TargetPlatform 'MacClient'
[2025.05.25-20.58.33:076][  0]LogTemp: Display: Module 'MacNoEditorTargetPlatform' loaded TargetPlatform 'MacNoEditor'
[2025.05.25-20.58.33:084][  0]LogTemp: Display: Module 'MacServerTargetPlatform' loaded TargetPlatform 'MacServer'
[2025.05.25-20.58.33:091][  0]LogTemp: Display: Module 'MacTargetPlatform' loaded TargetPlatform 'Mac'
[2025.05.25-20.58.33:098][  0]LogTemp: Display: Module 'WindowsClientTargetPlatform' loaded TargetPlatform 'WindowsClient'
[2025.05.25-20.58.33:105][  0]LogTemp: Display: Module 'WindowsNoEditorTargetPlatform' loaded TargetPlatform 'WindowsNoEditor'
[2025.05.25-20.58.33:111][  0]LogTemp: Display: Module 'WindowsServerTargetPlatform' loaded TargetPlatform 'WindowsServer'
[2025.05.25-20.58.33:115][  0]LogTemp: Display: Module 'WindowsTargetPlatform' loaded TargetPlatform 'Windows'
[2025.05.25-20.58.33:139][  0]LogTemp: Display: Module 'AndroidTargetPlatform' loaded TargetPlatform 'Android'
[2025.05.25-20.58.33:139][  0]LogTemp: Display: Module 'AndroidTargetPlatform' loaded TargetPlatform 'Android_ASTC'
[2025.05.25-20.58.33:139][  0]LogTemp: Display: Module 'AndroidTargetPlatform' loaded TargetPlatform 'Android_ATC'
[2025.05.25-20.58.33:139][  0]LogTemp: Display: Module 'AndroidTargetPlatform' loaded TargetPlatform 'Android_DXT'
[2025.05.25-20.58.33:139][  0]LogTemp: Display: Module 'AndroidTargetPlatform' loaded TargetPlatform 'Android_ETC1'
[2025.05.25-20.58.33:139][  0]LogTemp: Display: Module 'AndroidTargetPlatform' loaded TargetPlatform 'Android_ETC1a'
[2025.05.25-20.58.33:139][  0]LogTemp: Display: Module 'AndroidTargetPlatform' loaded TargetPlatform 'Android_ETC2'
[2025.05.25-20.58.33:139][  0]LogTemp: Display: Module 'AndroidTargetPlatform' loaded TargetPlatform 'Android_PVRTC'
[2025.05.25-20.58.33:139][  0]LogTemp: Display: Module 'AndroidTargetPlatform' loaded TargetPlatform 'AndroidClient'
[2025.05.25-20.58.33:139][  0]LogTemp: Display: Module 'AndroidTargetPlatform' loaded TargetPlatform 'Android_ASTCClient'
[2025.05.25-20.58.33:139][  0]LogTemp: Display: Module 'AndroidTargetPlatform' loaded TargetPlatform 'Android_ATCClient'
[2025.05.25-20.58.33:139][  0]LogTemp: Display: Module 'AndroidTargetPlatform' loaded TargetPlatform 'Android_DXTClient'
[2025.05.25-20.58.33:139][  0]LogTemp: Display: Module 'AndroidTargetPlatform' loaded TargetPlatform 'Android_ETC1Client'
[2025.05.25-20.58.33:139][  0]LogTemp: Display: Module 'AndroidTargetPlatform' loaded TargetPlatform 'Android_ETC1aClient'
[2025.05.25-20.58.33:139][  0]LogTemp: Display: Module 'AndroidTargetPlatform' loaded TargetPlatform 'Android_ETC2Client'
[2025.05.25-20.58.33:139][  0]LogTemp: Display: Module 'AndroidTargetPlatform' loaded TargetPlatform 'Android_PVRTCClient'
[2025.05.25-20.58.33:139][  0]LogTemp: Display: Module 'AndroidTargetPlatform' loaded TargetPlatform 'Android_Multi'
[2025.05.25-20.58.33:139][  0]LogTemp: Display: Module 'AndroidTargetPlatform' loaded TargetPlatform 'Android_MultiClient'
[2025.05.25-20.58.33:142][  0]LogTemp: Display: Module 'HTML5TargetPlatform' loaded TargetPlatform 'HTML5'
[2025.05.25-20.58.33:155][  0]LogTemp: Display: Module 'IOSTargetPlatform' loaded TargetPlatform 'IOSClient'
[2025.05.25-20.58.33:155][  0]LogTemp: Display: Module 'IOSTargetPlatform' loaded TargetPlatform 'IOS'
[2025.05.25-20.58.33:167][  0]LogTemp: Display: Module 'TVOSTargetPlatform' loaded TargetPlatform 'TVOSClient'
[2025.05.25-20.58.33:167][  0]LogTemp: Display: Module 'TVOSTargetPlatform' loaded TargetPlatform 'TVOS'
[2025.05.25-20.58.33:172][  0]LogTemp: Display: Module 'LinuxClientTargetPlatform' loaded TargetPlatform 'LinuxClient'
[2025.05.25-20.58.33:178][  0]LogTemp: Display: Module 'LinuxNoEditorTargetPlatform' loaded TargetPlatform 'LinuxNoEditor'
[2025.05.25-20.58.33:183][  0]LogTemp: Display: Module 'LinuxServerTargetPlatform' loaded TargetPlatform 'LinuxServer'
[2025.05.25-20.58.33:189][  0]LogTemp: Display: Module 'LinuxTargetPlatform' loaded TargetPlatform 'Linux'
[2025.05.25-20.58.33:210][  0]LogTemp: Display: Module 'LuminTargetPlatform' loaded TargetPlatform 'Lumin'
[2025.05.25-20.58.33:210][  0]LogTemp: Display: Module 'LuminTargetPlatform' loaded TargetPlatform 'LuminClient'
[2025.05.25-20.58.33:210][  0]LogTargetPlatformManager: Display: Building Assets For Windows
[2025.05.25-20.58.33:217][  0]LogAudioDebug: Display: Lib vorbis DLL was dynamically loaded.
[2025.05.25-20.58.33:262][  0]LogShaderCompilers: Guid format shader working directory is 21 characters bigger than the processId version (H:/homebound/project file/Intermediate/Shaders/WorkingDirectory/9620/).
[2025.05.25-20.58.33:262][  0]LogShaderCompilers: Cleaned the shader compiler working directory 'C:/Users/zack1/AppData/Local/Temp/UnrealShaderWorkingDir/FBF768B140E99F2F326BD1BECE939ACF/'.
[2025.05.25-20.58.33:264][  0]LogXGEController: Cleaning working directory: C:/Users/zack1/AppData/Local/Temp/UnrealXGEWorkingDir/
[2025.05.25-20.58.33:264][  0]LogXGEController: Cannot use XGE Controller as Incredibuild is not installed on this machine.
[2025.05.25-20.58.33:264][  0]LogShaderCompilers: Cannot use XGE Shader Compiler as Incredibuild is not installed on this machine.
[2025.05.25-20.58.33:264][  0]LogShaderCompilers: Display: Using Local Shader Compiler.
[2025.05.25-20.58.33:743][  0]LogDerivedDataCache: Display: Max Cache Size: 512 MB
[2025.05.25-20.58.33:780][  0]LogDerivedDataCache: Loaded boot cache 0.04s 73MB C:/Users/zack1/AppData/Local/UnrealEngine/4.23/DerivedDataCache/Boot.ddc.
[2025.05.25-20.58.33:780][  0]LogDerivedDataCache: Display: Loaded Boot cache: C:/Users/zack1/AppData/Local/UnrealEngine/4.23/DerivedDataCache/Boot.ddc
[2025.05.25-20.58.33:780][  0]LogDerivedDataCache: FDerivedDataBackendGraph:  Pak pak cache file H:/homebound/project file/DerivedDataCache/DDC.ddp not found, will not use a pak cache.
[2025.05.25-20.58.33:780][  0]LogDerivedDataCache: Unable to find inner node Pak for hierarchical cache Hierarchy.
[2025.05.25-20.58.33:780][  0]LogDerivedDataCache: FDerivedDataBackendGraph:  CompressedPak pak cache file H:/homebound/project file/DerivedDataCache/Compressed.ddp not found, will not use a pak cache.
[2025.05.25-20.58.33:780][  0]LogDerivedDataCache: Unable to find inner node CompressedPak for hierarchical cache Hierarchy.
[2025.05.25-20.58.33:788][  0]LogDerivedDataCache: Display: Pak cache opened for reading ../../../Engine/DerivedDataCache/Compressed.ddp.
[2025.05.25-20.58.33:788][  0]LogDerivedDataCache: FDerivedDataBackendGraph:  EnterprisePak pak cache file ../../../Enterprise/DerivedDataCache/Compressed.ddp not found, will not use a pak cache.
[2025.05.25-20.58.33:788][  0]LogDerivedDataCache: Unable to find inner node EnterprisePak for hierarchical cache Hierarchy.
[2025.05.25-20.58.33:789][  0]LogDerivedDataCache: Using Local data cache path C:/Users/zack1/AppData/Local/UnrealEngine/Common/DerivedDataCache: Writable
[2025.05.25-20.58.33:789][  0]LogDerivedDataCache: Shared data cache path not found in *engine.ini, will not use an Shared cache.
[2025.05.25-20.58.33:789][  0]LogDerivedDataCache: Unable to find inner node Shared for hierarchical cache Hierarchy.
[2025.05.25-20.58.33:805][  0]LogMaterial: Verifying Global Shaders for PCD3D_SM5
[2025.05.25-20.58.33:807][  0]LogSlate: Using FreeType 2.6.0
[2025.05.25-20.58.33:808][  0]LogSlate: SlateFontServices - WITH_FREETYPE: 1, WITH_HARFBUZZ: 1
[2025.05.25-20.58.33:861][  0]LogAssetRegistry: FAssetRegistry took 0.0021 seconds to start up
[2025.05.25-20.58.34:054][  0]LogInit: Selected Device Profile: [Windows]
[2025.05.25-20.58.34:167][  0]LogMeshReduction: Using QuadricMeshReduction for automatic static mesh reduction
[2025.05.25-20.58.34:167][  0]LogMeshReduction: Using SimplygonMeshReduction for automatic skeletal mesh reduction
[2025.05.25-20.58.34:167][  0]LogMeshReduction: Using ProxyLODMeshReduction for automatic mesh merging
[2025.05.25-20.58.34:167][  0]LogMeshReduction: No distributed automatic mesh merging module available
[2025.05.25-20.58.34:167][  0]LogMeshMerging: No distributed automatic mesh merging module available
[2025.05.25-20.58.34:174][  0]LogNetVersion: Homebound 1.0.0, NetCL: 8386587, EngineNetVer: 11, GameNetVer: 0 (Checksum: 3787633708)
[2025.05.25-20.58.34:965][  0]LogPackageLocalizationCache: Processed 12 localized package path(s) for 1 prioritized culture(s) in 0.518671 seconds
[2025.05.25-20.58.34:969][  0]LogUObjectArray: 43444 objects as part of root set at end of initial load.
[2025.05.25-20.58.34:969][  0]LogUObjectAllocator: 7548648 out of 0 bytes used by permanent object pool.
[2025.05.25-20.58.34:969][  0]LogUObjectArray: CloseDisregardForGC: 0/0 objects in disregard for GC pool
[2025.05.25-20.58.35:728][  0]LogTcpMessaging: Initializing TcpMessaging bridge
[2025.05.25-20.58.35:729][  0]LogUdpMessaging: Initializing bridge on interface 0.0.0.0:0 to multicast group 230.0.0.1:6666.
[2025.05.25-20.58.35:771][  0]SourceControl: Source control is disabled
[2025.05.25-20.58.35:771][  0]SourceControl: Source control is disabled
[2025.05.25-20.58.35:772][  0]SourceControl: Source control is disabled
[2025.05.25-20.58.35:773][  0]SourceControl: Source control is disabled
[2025.05.25-20.58.35:780][  0]LogVSAccessor: Display: Unable to create Visual Studio setup instance: 80040154
[2025.05.25-20.58.35:781][  0]LogVSAccessor: Display: Unable to create Visual Studio setup instance: 80040154
[2025.05.25-20.58.35:875][  0]LogAndroidPermission: UAndroidPermissionCallbackProxy::GetInstance
[2025.05.25-20.58.35:982][  0]LogOcInput: OculusInput pre-init called
[2025.05.25-20.58.35:988][  0]LogWindows: Failed to load 'OVRPlugin.dll' (GetLastError=126)
[2025.05.25-20.58.35:988][  0]LogWindows: File 'OVRPlugin.dll' does not exist
[2025.05.25-20.58.36:040][  0]LogEngine: Initializing Engine...
[2025.05.25-20.58.36:041][  0]LogHMD: Failed to initialize OpenVR with code 110
[2025.05.25-20.58.36:041][  0]LogStats: UGameplayTagsManager::InitializeManager -  0.000 s
[2025.05.25-20.58.36:204][  0]LogInit: Initializing FReadOnlyCVARCache
[2025.05.25-20.58.36:214][  0]LogAIModule: Creating AISystem for world Untitled
[2025.05.25-20.58.36:232][  0]LogInit: XAudio2 using 'Headphones (Soundcore Q30)' : 2 channels at 48 kHz using 16 bits per sample (channel mask 0x3)
[2025.05.25-20.58.36:251][  0]LogInit: FAudioDevice initialized.
[2025.05.25-20.58.36:251][  0]LogNetVersion: Set ProjectVersion to 1.0.0.0. Version Checksum will be recalculated on next use.
[2025.05.25-20.58.36:295][  0]LogDerivedDataCache: Saved boot cache 0.04s 73MB C:/Users/zack1/AppData/Local/UnrealEngine/4.23/DerivedDataCache/Boot.ddc.
[2025.05.25-20.58.36:297][  0]LogInit: Texture streaming: Enabled
[2025.05.25-20.58.36:312][  0]LogEngineSessionManager: EngineSessionManager initialized
[2025.05.25-20.58.36:312][  0]LogEditorSessionSummary: Verbose: Initializing EditorSessionSummaryWriter for editor session tracking
[2025.05.25-20.58.36:315][  0]LogEditorSessionSummary: EditorSessionSummaryWriter initialized
[2025.05.25-20.58.36:794][  0]LogInit: Transaction tracking system initialized
[2025.05.25-20.58.36:818][  0]BlueprintLog: New page: Editor Load
[2025.05.25-20.58.36:880][  0]LocalizationService: Localization service is disabled
[2025.05.25-20.58.36:967][  0]LogVSAccessor: Display: Unable to create Visual Studio setup instance: 80040154
[2025.05.25-20.58.36:967][  0]LogVSAccessor: Display: Unable to create Visual Studio setup instance: 80040154
[2025.05.25-20.58.37:100][  0]LogFileCache: Scanning file cache for directory 'H:/homebound/project file/Content/' took 0.00s
[2025.05.25-20.58.37:100][  0]LogCook: Display: Max memory allowance for cook 16384mb min free memory 0mb
[2025.05.25-20.58.37:100][  0]LogCook: Display: Mobile HDR setting 1
[2025.05.25-20.58.37:244][  0]SourceControl: Source control is disabled
[2025.05.25-20.58.37:244][  0]Cmd: MAP LOAD FILE="H:/homebound/project file/Content/2DSideScrollerBP/Maps/2DSideScrollerExampleMap.umap" TEMPLATE=0 SHOWPROGRESS=1 FEATURELEVEL=3
[2025.05.25-20.58.37:244][  0]LightingResults: New page: Lighting Build
[2025.05.25-20.58.37:246][  0]LogWorld: UWorld::CleanupWorld for Untitled, bSessionEnded=true, bCleanupResources=true
[2025.05.25-20.58.37:247][  0]MapCheck: New page: Map Check
[2025.05.25-20.58.37:247][  0]LightingResults: New page: Lighting Build
[2025.05.25-20.58.37:269][  0]LogUObjectHash: Compacting FUObjectHashTables data took   1.18ms
[2025.05.25-20.58.37:366][  0]LogAIModule: Creating AISystem for world 2DSideScrollerExampleMap
[2025.05.25-20.58.37:368][  0]LogEditorServer: Finished looking for orphan Actors (0.000 secs)
[2025.05.25-20.58.37:391][  0]LogUObjectHash: Compacting FUObjectHashTables data took   1.51ms
[2025.05.25-20.58.37:391][  0]Cmd: MAP CHECKDEP NOCLEARLOG
[2025.05.25-20.58.37:391][  0]MapCheck: Map check complete: 0 Error(s), 0 Warning(s), took 0.067ms to complete.
[2025.05.25-20.58.37:391][  0]LogFileHelpers: Loading map '2DSideScrollerExampleMap' took 0.148
[2025.05.25-20.58.37:484][  0]LogSlate: Updating window title bar state: overlay mode, drag disabled, window buttons hidden, title bar hidden
[2025.05.25-20.58.37:490][  0]LogSlate: Updating window title bar state: overlay mode, drag disabled, window buttons hidden, title bar hidden
[2025.05.25-20.58.37:497][  0]LogSlate: Updating window title bar state: overlay mode, drag disabled, window buttons hidden, title bar hidden
[2025.05.25-20.58.37:502][  0]LogSlate: Updating window title bar state: overlay mode, drag disabled, window buttons hidden, title bar hidden
[2025.05.25-20.58.37:507][  0]LogCollectionManager: Loaded 0 collections in 0.001334 seconds
[2025.05.25-20.58.37:513][  0]LogFileCache: Scanning file cache for directory 'H:/homebound/project file/Saved/Collections/' took 0.00s
[2025.05.25-20.58.37:513][  0]LogFileCache: Scanning file cache for directory 'H:/homebound/project file/Content/Developers/zack1/Collections/' took 0.00s
[2025.05.25-20.58.37:513][  0]LogFileCache: Scanning file cache for directory 'H:/homebound/project file/Content/Collections/' took 0.00s
[2025.05.25-20.58.37:513][  0]LogCollectionManager: Rebuilt the GUID cache for 0 collections in 0.000002 seconds
[2025.05.25-20.58.37:519][  0]LogContentBrowser: Native class hierarchy populated in 0.0059 seconds. Added 2863 classes and 680 folders.
[2025.05.25-20.58.37:523][  0]LogContentBrowser: Native class hierarchy updated for 'WidgetCarousel' in 0.0002 seconds. Added 0 classes and 0 folders.
[2025.05.25-20.58.37:575][  0]LogContentBrowser: Native class hierarchy updated for 'AddContentDialog' in 0.0002 seconds. Added 0 classes and 0 folders.
[2025.05.25-20.58.37:579][  0]LogContentBrowser: Native class hierarchy updated for 'SceneOutliner' in 0.0002 seconds. Added 1 classes and 2 folders.
[2025.05.25-20.58.38:330][  0]LogSlate: Only BGRA pngs, bmps or icos are supported in by External Image Picker
[2025.05.25-20.58.38:369][  0]LogSlate: Took 0.000251 seconds to synchronously load lazily loaded font '../../../Engine/Content/Slate/Fonts/Roboto-Regular.ttf' (155K)
[2025.05.25-20.58.38:370][  0]LogSlate: Took 0.000206 seconds to synchronously load lazily loaded font '../../../Engine/Content/Slate/Fonts/Roboto-Bold.ttf' (160K)
[2025.05.25-20.58.38:373][  0]LogSlate: Took 0.000235 seconds to synchronously load lazily loaded font '../../../Engine/Content/Editor/Slate/Fonts/FontAwesome.ttf' (139K)
[2025.05.25-20.58.38:426][  0]LogRenderer: Reallocating scene render targets to support 1288x616 Format 10 NumSamples 1 (Frame:1).
[2025.05.25-20.58.38:495][  0]LogContentBrowser: Native class hierarchy updated for 'HierarchicalLODOutliner' in 0.0002 seconds. Added 0 classes and 0 folders.
[2025.05.25-20.58.38:495][  0]LogLoad: (Engine Initialization) Total time: 7.74 seconds
[2025.05.25-20.58.38:495][  0]LogLoad: (Engine Initialization) Total Blueprint compile time: 0.00 seconds
[2025.05.25-20.58.38:569][  0]LogContentStreaming: Texture pool size now 1000 MB
[2025.05.25-20.58.38:614][  1]LogAssetRegistry: Asset discovery search completed in 4.7535 seconds
[2025.05.25-20.58.38:616][  1]LogCollectionManager: Rebuilt the object cache for 0 collections in 0.000004 seconds (found 0 objects)
[2025.05.25-20.58.38:616][  1]LogCollectionManager: Fixed up redirectors for 0 collections in 0.000058 seconds (updated 0 objects)
[2025.05.25-20.58.40:852][263]LogSlate: FSceneViewport::OnFocusLost() reason 5
[2025.05.25-20.58.45:619][821]LogSlate: FSceneViewport::OnFocusLost() reason 0
[2025.05.25-20.58.48:229][133]LogSlate: FSceneViewport::OnFocusLost() reason 0
[2025.05.25-20.59.07:300][419]LogSlate: Took 0.000214 seconds to synchronously load lazily loaded font '../../../Engine/Content/Slate/Fonts/Roboto-Light.ttf' (167K)
[2025.05.25-20.59.07:309][419]LogAssetEditorManager: Opening Asset editor for Blueprint /Game/2DSideScrollerBP/projectiles-2-sound/projectile-sound.projectile-sound
[2025.05.25-20.59.07:507][419]LogContentBrowser: Native class hierarchy updated for 'BlueprintGraph' in 0.0004 seconds. Added 121 classes and 0 folders.
[2025.05.25-20.59.08:133][419]LogSlate: Took 0.000234 seconds to synchronously load lazily loaded font '../../../Engine/Content/Slate/Fonts/Roboto-BoldCondensed.ttf' (158K)
[2025.05.25-20.59.11:768][841]LogSlate: Took 0.000702 seconds to synchronously load lazily loaded font '../../../Engine/Content/Slate/Fonts/Roboto-Italic.ttf' (157K)
[2025.05.25-20.59.32:290][218]BlueprintLog: New page: Compile projectile-sound
[2025.05.25-20.59.32:428][218]LogUObjectHash: Compacting FUObjectHashTables data took   2.66ms
[2025.05.25-20.59.34:326][440]LogTemp: Repeating last play command: Selected Viewport
[2025.05.25-20.59.34:342][440]LogBlueprintUserMessages: Early PlayInEditor Detection: Level '/Game/2DSideScrollerBP/Maps/2DSideScrollerExampleMap.2DSideScrollerExampleMap:PersistentLevel' has LevelScriptBlueprint '/Game/2DSideScrollerBP/Maps/2DSideScrollerExampleMap.2DSideScrollerExampleMap:PersistentLevel.2DSideScrollerExampleMap' with GeneratedClass '/Game/2DSideScrollerBP/Maps/2DSideScrollerExampleMap.2DSideScrollerExampleMap_C' with ClassGeneratedBy '/Game/2DSideScrollerBP/Maps/2DSideScrollerExampleMap.2DSideScrollerExampleMap:PersistentLevel.2DSideScrollerExampleMap'
[2025.05.25-20.59.34:342][440]LogPlayLevel: PlayLevel: No blueprints needed recompiling
[2025.05.25-20.59.34:342][440]PIE: New page: PIE session: 2DSideScrollerExampleMap (25 May 2025 22:59:34)
[2025.05.25-20.59.34:343][440]LogOnline: OSS: Creating online subsystem instance for: NULL
[2025.05.25-20.59.34:344][440]LogPlayLevel: Creating play world package: /Game/2DSideScrollerBP/Maps/UEDPIE_0_2DSideScrollerExampleMap
[2025.05.25-20.59.34:346][440]LogPlayLevel: PIE: StaticDuplicateObject took: (0.002022s)
[2025.05.25-20.59.34:346][440]LogAIModule: Creating AISystem for world 2DSideScrollerExampleMap
[2025.05.25-20.59.34:346][440]LogPlayLevel: PIE: World Init took: (0.000622s)
[2025.05.25-20.59.34:346][440]LogPlayLevel: PIE: Created PIE world by copying editor world from /Game/2DSideScrollerBP/Maps/2DSideScrollerExampleMap.2DSideScrollerExampleMap to /Game/2DSideScrollerBP/Maps/UEDPIE_0_2DSideScrollerExampleMap.2DSideScrollerExampleMap (0.002792s)
[2025.05.25-20.59.34:371][440]LogUObjectHash: Compacting FUObjectHashTables data took   2.42ms
[2025.05.25-20.59.34:386][440]LogInit: XAudio2 using 'Headphones (Soundcore Q30)' : 2 channels at 48 kHz using 16 bits per sample (channel mask 0x3)
[2025.05.25-20.59.34:401][440]LogInit: FAudioDevice initialized.
[2025.05.25-20.59.34:410][440]LogLoad: Game class is '2DSideScrollerGameMode_C'
[2025.05.25-20.59.34:412][440]LogWorld: Bringing World /Game/2DSideScrollerBP/Maps/UEDPIE_0_2DSideScrollerExampleMap.2DSideScrollerExampleMap up for play (max tick rate 0) at 2025.05.25-21.59.34
[2025.05.25-20.59.34:412][440]LogWorld: Bringing up level for play took: 0.000669
[2025.05.25-20.59.34:412][440]LogOnline: OSS: Creating online subsystem instance for: :Context_6
[2025.05.25-20.59.34:422][440]LogContentBrowser: Native class hierarchy updated for 'MovieSceneCapture' in 0.0002 seconds. Added 20 classes and 0 folders.
[2025.05.25-20.59.34:424][440]PIE: Play in editor start time for /Game/2DSideScrollerBP/Maps/UEDPIE_0_2DSideScrollerExampleMap -0.621
[2025.05.25-20.59.34:424][440]LogBlueprintUserMessages: Late PlayInEditor Detection: Level '/Game/2DSideScrollerBP/Maps/2DSideScrollerExampleMap.2DSideScrollerExampleMap:PersistentLevel' has LevelScriptBlueprint '/Game/2DSideScrollerBP/Maps/2DSideScrollerExampleMap.2DSideScrollerExampleMap:PersistentLevel.2DSideScrollerExampleMap' with GeneratedClass '/Game/2DSideScrollerBP/Maps/2DSideScrollerExampleMap.2DSideScrollerExampleMap_C' with ClassGeneratedBy '/Game/2DSideScrollerBP/Maps/2DSideScrollerExampleMap.2DSideScrollerExampleMap:PersistentLevel.2DSideScrollerExampleMap'
[2025.05.25-20.59.38:503][903]LogEditorSessionSummary: EditorSessionSummary sent report. Type=Shutdown, SessionId={17DAFDB2-4716-3085-8CB0-86AD3805836C}
[2025.05.25-20.59.40:227][110]LogBlueprintUserMessages: Early EndPlayMap Detection: Level '/Game/2DSideScrollerBP/Maps/2DSideScrollerExampleMap.2DSideScrollerExampleMap:PersistentLevel' has LevelScriptBlueprint '/Game/2DSideScrollerBP/Maps/2DSideScrollerExampleMap.2DSideScrollerExampleMap:PersistentLevel.2DSideScrollerExampleMap' with GeneratedClass '/Game/2DSideScrollerBP/Maps/2DSideScrollerExampleMap.2DSideScrollerExampleMap_C' with ClassGeneratedBy '/Game/2DSideScrollerBP/Maps/2DSideScrollerExampleMap.2DSideScrollerExampleMap:PersistentLevel.2DSideScrollerExampleMap'
[2025.05.25-20.59.40:228][110]LogSlate: Updating window title bar state: overlay mode, drag disabled, window buttons hidden, title bar hidden
[2025.05.25-20.59.40:228][110]LogWorld: BeginTearingDown for /Game/2DSideScrollerBP/Maps/UEDPIE_0_2DSideScrollerExampleMap
[2025.05.25-20.59.40:228][110]LogWorld: UWorld::CleanupWorld for 2DSideScrollerExampleMap, bSessionEnded=true, bCleanupResources=true
[2025.05.25-20.59.40:234][110]LogPlayLevel: Display: Shutting down PIE online subsystems
[2025.05.25-20.59.40:234][110]LogBlueprintUserMessages: Late EndPlayMap Detection: Level '/Game/2DSideScrollerBP/Maps/2DSideScrollerExampleMap.2DSideScrollerExampleMap:PersistentLevel' has LevelScriptBlueprint '/Game/2DSideScrollerBP/Maps/2DSideScrollerExampleMap.2DSideScrollerExampleMap:PersistentLevel.2DSideScrollerExampleMap' with GeneratedClass '/Game/2DSideScrollerBP/Maps/2DSideScrollerExampleMap.2DSideScrollerExampleMap_C' with ClassGeneratedBy '/Game/2DSideScrollerBP/Maps/2DSideScrollerExampleMap.2DSideScrollerExampleMap:PersistentLevel.2DSideScrollerExampleMap'
[2025.05.25-20.59.40:270][110]LogSlate: Updating window title bar state: overlay mode, drag disabled, window buttons hidden, title bar hidden
[2025.05.25-20.59.40:285][110]LogUObjectHash: Compacting FUObjectHashTables data took   3.02ms
[2025.05.25-20.59.40:330][114]LogPlayLevel: Display: Destroying online subsystem :Context_6
[2025.05.25-20.59.40:944][186]LogSlate: FSceneViewport::OnFocusLost() reason 0
[2025.05.25-20.59.43:560][496]LogEditorTransaction: Undo Change Object Pin Value
[2025.05.25-20.59.44:028][547]LogEditorTransaction: Undo Move Node
[2025.05.25-20.59.44:620][616]LogEditorTransaction: Undo Add Node
[2025.05.25-21.00.11:831][849]BlueprintLog: New page: Compile projectile-sound
[2025.05.25-21.00.11:993][849]LogUObjectHash: Compacting FUObjectHashTables data took   3.06ms
[2025.05.25-21.00.13:055][973]LogTemp: Repeating last play command: Selected Viewport
[2025.05.25-21.00.13:068][973]LogBlueprintUserMessages: Early PlayInEditor Detection: Level '/Game/2DSideScrollerBP/Maps/2DSideScrollerExampleMap.2DSideScrollerExampleMap:PersistentLevel' has LevelScriptBlueprint '/Game/2DSideScrollerBP/Maps/2DSideScrollerExampleMap.2DSideScrollerExampleMap:PersistentLevel.2DSideScrollerExampleMap' with GeneratedClass '/Game/2DSideScrollerBP/Maps/2DSideScrollerExampleMap.2DSideScrollerExampleMap_C' with ClassGeneratedBy '/Game/2DSideScrollerBP/Maps/2DSideScrollerExampleMap.2DSideScrollerExampleMap:PersistentLevel.2DSideScrollerExampleMap'
[2025.05.25-21.00.13:068][973]LogPlayLevel: PlayLevel: No blueprints needed recompiling
[2025.05.25-21.00.13:068][973]PIE: New page: PIE session: 2DSideScrollerExampleMap (25 May 2025 23:00:13)
[2025.05.25-21.00.13:069][973]LogPlayLevel: Creating play world package: /Game/2DSideScrollerBP/Maps/UEDPIE_0_2DSideScrollerExampleMap
[2025.05.25-21.00.13:070][973]LogPlayLevel: PIE: StaticDuplicateObject took: (0.002018s)
[2025.05.25-21.00.13:071][973]LogAIModule: Creating AISystem for world 2DSideScrollerExampleMap
[2025.05.25-21.00.13:071][973]LogPlayLevel: PIE: World Init took: (0.000616s)
[2025.05.25-21.00.13:071][973]LogPlayLevel: PIE: Created PIE world by copying editor world from /Game/2DSideScrollerBP/Maps/2DSideScrollerExampleMap.2DSideScrollerExampleMap to /Game/2DSideScrollerBP/Maps/UEDPIE_0_2DSideScrollerExampleMap.2DSideScrollerExampleMap (0.002727s)
[2025.05.25-21.00.13:099][973]LogUObjectHash: Compacting FUObjectHashTables data took   2.94ms
[2025.05.25-21.00.13:111][973]LogInit: XAudio2 using 'Headphones (Soundcore Q30)' : 2 channels at 48 kHz using 16 bits per sample (channel mask 0x3)
[2025.05.25-21.00.13:126][973]LogInit: FAudioDevice initialized.
[2025.05.25-21.00.13:134][973]LogLoad: Game class is '2DSideScrollerGameMode_C'
[2025.05.25-21.00.13:135][973]LogWorld: Bringing World /Game/2DSideScrollerBP/Maps/UEDPIE_0_2DSideScrollerExampleMap.2DSideScrollerExampleMap up for play (max tick rate 0) at 2025.05.25-22.00.13
[2025.05.25-21.00.13:135][973]LogWorld: Bringing up level for play took: 0.000597
[2025.05.25-21.00.13:136][973]LogOnline: OSS: Creating online subsystem instance for: :Context_7
[2025.05.25-21.00.13:137][973]PIE: Play in editor start time for /Game/2DSideScrollerBP/Maps/UEDPIE_0_2DSideScrollerExampleMap 0.092
[2025.05.25-21.00.13:137][973]LogBlueprintUserMessages: Late PlayInEditor Detection: Level '/Game/2DSideScrollerBP/Maps/2DSideScrollerExampleMap.2DSideScrollerExampleMap:PersistentLevel' has LevelScriptBlueprint '/Game/2DSideScrollerBP/Maps/2DSideScrollerExampleMap.2DSideScrollerExampleMap:PersistentLevel.2DSideScrollerExampleMap' with GeneratedClass '/Game/2DSideScrollerBP/Maps/2DSideScrollerExampleMap.2DSideScrollerExampleMap_C' with ClassGeneratedBy '/Game/2DSideScrollerBP/Maps/2DSideScrollerExampleMap.2DSideScrollerExampleMap:PersistentLevel.2DSideScrollerExampleMap'
[2025.05.25-21.00.19:608][749]LogBlueprintUserMessages: Early EndPlayMap Detection: Level '/Game/2DSideScrollerBP/Maps/2DSideScrollerExampleMap.2DSideScrollerExampleMap:PersistentLevel' has LevelScriptBlueprint '/Game/2DSideScrollerBP/Maps/2DSideScrollerExampleMap.2DSideScrollerExampleMap:PersistentLevel.2DSideScrollerExampleMap' with GeneratedClass '/Game/2DSideScrollerBP/Maps/2DSideScrollerExampleMap.2DSideScrollerExampleMap_C' with ClassGeneratedBy '/Game/2DSideScrollerBP/Maps/2DSideScrollerExampleMap.2DSideScrollerExampleMap:PersistentLevel.2DSideScrollerExampleMap'
[2025.05.25-21.00.19:608][749]LogSlate: Updating window title bar state: overlay mode, drag disabled, window buttons hidden, title bar hidden
[2025.05.25-21.00.19:608][749]LogWorld: BeginTearingDown for /Game/2DSideScrollerBP/Maps/UEDPIE_0_2DSideScrollerExampleMap
[2025.05.25-21.00.19:608][749]LogWorld: UWorld::CleanupWorld for 2DSideScrollerExampleMap, bSessionEnded=true, bCleanupResources=true
[2025.05.25-21.00.19:617][749]LogPlayLevel: Display: Shutting down PIE online subsystems
[2025.05.25-21.00.19:617][749]LogBlueprintUserMessages: Late EndPlayMap Detection: Level '/Game/2DSideScrollerBP/Maps/2DSideScrollerExampleMap.2DSideScrollerExampleMap:PersistentLevel' has LevelScriptBlueprint '/Game/2DSideScrollerBP/Maps/2DSideScrollerExampleMap.2DSideScrollerExampleMap:PersistentLevel.2DSideScrollerExampleMap' with GeneratedClass '/Game/2DSideScrollerBP/Maps/2DSideScrollerExampleMap.2DSideScrollerExampleMap_C' with ClassGeneratedBy '/Game/2DSideScrollerBP/Maps/2DSideScrollerExampleMap.2DSideScrollerExampleMap:PersistentLevel.2DSideScrollerExampleMap'
[2025.05.25-21.00.19:648][749]LogSlate: Updating window title bar state: overlay mode, drag disabled, window buttons hidden, title bar hidden
[2025.05.25-21.00.19:651][749]LogUObjectHash: Compacting FUObjectHashTables data took   2.46ms
[2025.05.25-21.00.19:715][755]LogPlayLevel: Display: Destroying online subsystem :Context_7
[2025.05.25-21.00.20:624][861]LogSlate: FSceneViewport::OnFocusLost() reason 0
[2025.05.25-21.00.35:378][612]LogSlate: FSceneViewport::OnFocusLost() reason 2
[2025.05.25-21.00.36:966][742]LogSlate: FSceneViewport::OnFocusLost() reason 5
[2025.05.25-21.00.36:997][742]LogSlate: Took 0.000156 seconds to synchronously load lazily loaded font '../../../Engine/Content/Slate/Fonts/Roboto-Light.ttf' (167K)
[2025.05.25-21.00.52:799][742]LogSlate: Window 'Save Asset As' being destroyed
[2025.05.25-21.00.52:805][742]LogSlate: FSceneViewport::OnFocusLost() reason 3
[2025.05.25-21.00.57:529][267]LogAssetEditorManager: Opening Asset editor for Material /Game/2DSideScrollerBP/projectiles-2-sound/sound-boom.sound-boom
[2025.05.25-21.00.57:532][267]LogMaterial: Display: Missing cached shader map for material sound-boom, compiling. 
[2025.05.25-21.00.57:800][267]LogMaterial: Display: Missing cached shader map for material sound-boom, compiling. 
[2025.05.25-21.00.57:811][267]LogMaterial: Display: Missing cached shader map for material sound-boom, compiling. 
[2025.05.25-21.00.57:858][267]LogShaderCompilers: Display: Worker (1/13): shaders left to compile 21
[2025.05.25-21.00.57:858][267]LogShaderCompilers: Display: Worker (2/13): shaders left to compile 20
[2025.05.25-21.00.57:858][267]LogShaderCompilers: Display: Worker (3/13): shaders left to compile 19
[2025.05.25-21.00.57:858][267]LogShaderCompilers: Display: Worker (4/13): shaders left to compile 18
[2025.05.25-21.00.57:858][267]LogShaderCompilers: Display: Worker (5/13): shaders left to compile 17
[2025.05.25-21.00.57:858][267]LogShaderCompilers: Display: Worker (6/13): shaders left to compile 16
[2025.05.25-21.00.57:858][267]LogShaderCompilers: Display: Worker (7/13): shaders left to compile 15
[2025.05.25-21.00.57:858][267]LogShaderCompilers: Display: Worker (8/13): shaders left to compile 14
[2025.05.25-21.00.57:858][267]LogShaderCompilers: Display: Worker (9/13): shaders left to compile 13
[2025.05.25-21.00.57:858][267]LogShaderCompilers: Display: Worker (10/13): shaders left to compile 12
[2025.05.25-21.00.57:858][267]LogShaderCompilers: Display: Worker (11/13): shaders left to compile 11
[2025.05.25-21.00.57:858][267]LogShaderCompilers: Display: Worker (12/13): shaders left to compile 10
[2025.05.25-21.00.58:285][306]LogShaderCompilers: Display: Worker (8/13): shaders left to compile 9
[2025.05.25-21.00.58:428][314]LogShaderCompilers: Display: Worker (9/13): shaders left to compile 8
[2025.05.25-21.00.58:444][315]LogShaderCompilers: Display: Worker (2/13): shaders left to compile 7
[2025.05.25-21.00.58:444][315]LogShaderCompilers: Display: Worker (1/13): shaders left to compile 6
[2025.05.25-21.00.58:459][316]LogShaderCompilers: Display: Worker (5/13): shaders left to compile 5
[2025.05.25-21.00.58:459][316]LogShaderCompilers: Display: Worker (6/13): shaders left to compile 4
[2025.05.25-21.00.58:475][317]LogShaderCompilers: Display: Worker (3/13): shaders left to compile 3
[2025.05.25-21.00.58:475][317]LogShaderCompilers: Display: Worker (7/13): shaders left to compile 2
[2025.05.25-21.00.58:476][317]LogShaderCompilers: Display: Worker (4/13): shaders left to compile 1
[2025.05.25-21.00.58:988][346]MaterialEditorStats: Base pass shader: 117 instructions
[2025.05.25-21.00.58:988][346]MaterialEditorStats: Base pass shader with Volumetric Lightmap: 191 instructions
[2025.05.25-21.00.58:988][346]MaterialEditorStats: Base pass vertex shader: 40 instructions
[2025.05.25-21.00.58:988][346]MaterialEditorStats: Texture samplers: 3/16
[2025.05.25-21.01.08:124][432]LogMaterial: Display: Missing cached shader map for material sound-boom, compiling. 
[2025.05.25-21.01.08:135][432]LogMaterial: Display: Missing cached shader map for material FMatExpressionPreview MaterialExpressionVectorParameter_0, compiling. 
[2025.05.25-21.01.08:140][432]LogShaderCompilers: Display: Worker (1/13): shaders left to compile 21
[2025.05.25-21.01.08:140][432]LogShaderCompilers: Display: Worker (2/13): shaders left to compile 20
[2025.05.25-21.01.08:140][432]LogShaderCompilers: Display: Worker (3/13): shaders left to compile 19
[2025.05.25-21.01.08:140][432]LogShaderCompilers: Display: Worker (4/13): shaders left to compile 18
[2025.05.25-21.01.08:140][432]LogShaderCompilers: Display: Worker (5/13): shaders left to compile 17
[2025.05.25-21.01.08:140][432]LogShaderCompilers: Display: Worker (6/13): shaders left to compile 16
[2025.05.25-21.01.08:140][432]LogShaderCompilers: Display: Worker (7/13): shaders left to compile 15
[2025.05.25-21.01.08:140][432]LogShaderCompilers: Display: Worker (8/13): shaders left to compile 14
[2025.05.25-21.01.08:140][432]LogShaderCompilers: Display: Worker (9/13): shaders left to compile 13
[2025.05.25-21.01.08:140][432]LogShaderCompilers: Display: Worker (10/13): shaders left to compile 12
[2025.05.25-21.01.08:140][432]LogShaderCompilers: Display: Worker (11/13): shaders left to compile 11
[2025.05.25-21.01.08:141][432]LogShaderCompilers: Display: Worker (12/13): shaders left to compile 10
[2025.05.25-21.01.08:142][432]LogMaterial: Display: Missing cached shader map for material sound-boom, compiling. 
[2025.05.25-21.01.08:159][432]LogMaterial: Display: Missing cached shader map for material FMatExpressionPreview MaterialExpressionVectorParameter_0, compiling. 
[2025.05.25-21.01.08:275][437]LogShaderCompilers: Display: Worker (8/13): shaders left to compile 25
[2025.05.25-21.01.08:398][443]LogShaderCompilers: Display: Worker (1/13): shaders left to compile 24
[2025.05.25-21.01.08:436][444]LogShaderCompilers: Display: Worker (2/13): shaders left to compile 23
[2025.05.25-21.01.08:436][444]LogShaderCompilers: Display: Worker (3/13): shaders left to compile 22
[2025.05.25-21.01.08:436][444]LogShaderCompilers: Display: Worker (6/13): shaders left to compile 21
[2025.05.25-21.01.08:436][444]LogShaderCompilers: Display: Worker (9/13): shaders left to compile 20
[2025.05.25-21.01.08:456][445]LogShaderCompilers: Display: Worker (4/13): shaders left to compile 19
[2025.05.25-21.01.08:456][445]LogShaderCompilers: Display: Worker (5/13): shaders left to compile 18
[2025.05.25-21.01.08:456][445]LogShaderCompilers: Display: Worker (7/13): shaders left to compile 17
[2025.05.25-21.01.08:519][449]LogShaderCompilers: Display: Worker (12/13): shaders left to compile 16
[2025.05.25-21.01.08:539][450]LogShaderCompilers: Display: Worker (8/13): shaders left to compile 15
[2025.05.25-21.01.08:609][454]LogShaderCompilers: Display: Worker (5/13): shaders left to compile 14
[2025.05.25-21.01.08:683][458]LogShaderCompilers: Display: Worker (1/13): shaders left to compile 13
[2025.05.25-21.01.08:721][460]LogShaderCompilers: Display: Worker (2/13): shaders left to compile 12
[2025.05.25-21.01.08:736][461]LogShaderCompilers: Display: Worker (9/13): shaders left to compile 11
[2025.05.25-21.01.08:736][461]LogShaderCompilers: Display: Worker (3/13): shaders left to compile 10
[2025.05.25-21.01.08:736][461]LogShaderCompilers: Display: Worker (7/13): shaders left to compile 9
[2025.05.25-21.01.08:748][462]LogShaderCompilers: Display: Worker (4/13): shaders left to compile 8
[2025.05.25-21.01.08:748][462]LogShaderCompilers: Display: Worker (10/13): shaders left to compile 7
[2025.05.25-21.01.08:764][463]LogShaderCompilers: Display: Worker (6/13): shaders left to compile 6
[2025.05.25-21.01.08:764][463]LogShaderCompilers: Display: Worker (11/13): shaders left to compile 5
[2025.05.25-21.01.08:942][473]LogShaderCompilers: Display: Worker (5/13): shaders left to compile 4
[2025.05.25-21.01.09:072][480]LogShaderCompilers: Display: Worker (8/13): shaders left to compile 3
[2025.05.25-21.01.09:100][481]LogShaderCompilers: Display: Worker (9/13): shaders left to compile 2
[2025.05.25-21.01.09:120][482]LogShaderCompilers: Display: Worker (12/13): shaders left to compile 1
[2025.05.25-21.01.09:340][495]MaterialEditorStats: Base pass shader: 119 instructions
[2025.05.25-21.01.09:340][495]MaterialEditorStats: Base pass shader with Volumetric Lightmap: 193 instructions
[2025.05.25-21.01.09:340][495]MaterialEditorStats: Base pass vertex shader: 40 instructions
[2025.05.25-21.01.09:340][495]MaterialEditorStats: Texture samplers: 3/16
[2025.05.25-21.01.11:652][769]LogMaterial: Display: Missing cached shader map for material sound-boom, compiling. 
[2025.05.25-21.01.11:670][769]LogShaderCompilers: Display: Worker (1/13): shaders left to compile 21
[2025.05.25-21.01.11:670][769]LogShaderCompilers: Display: Worker (2/13): shaders left to compile 20
[2025.05.25-21.01.11:670][769]LogShaderCompilers: Display: Worker (3/13): shaders left to compile 19
[2025.05.25-21.01.11:670][769]LogShaderCompilers: Display: Worker (4/13): shaders left to compile 18
[2025.05.25-21.01.11:670][769]LogShaderCompilers: Display: Worker (5/13): shaders left to compile 17
[2025.05.25-21.01.11:670][769]LogShaderCompilers: Display: Worker (6/13): shaders left to compile 16
[2025.05.25-21.01.11:670][769]LogShaderCompilers: Display: Worker (7/13): shaders left to compile 15
[2025.05.25-21.01.11:670][769]LogShaderCompilers: Display: Worker (8/13): shaders left to compile 14
[2025.05.25-21.01.11:670][769]LogShaderCompilers: Display: Worker (9/13): shaders left to compile 13
[2025.05.25-21.01.11:670][769]LogShaderCompilers: Display: Worker (10/13): shaders left to compile 12
[2025.05.25-21.01.11:670][769]LogShaderCompilers: Display: Worker (11/13): shaders left to compile 11
[2025.05.25-21.01.11:670][769]LogShaderCompilers: Display: Worker (12/13): shaders left to compile 10
[2025.05.25-21.01.11:670][769]LogMaterial: Display: Missing cached shader map for material FMatExpressionPreview MaterialExpressionVectorParameter_0, compiling. 
[2025.05.25-21.01.11:830][779]LogShaderCompilers: Display: Worker (8/13): shaders left to compile 13
[2025.05.25-21.01.11:968][786]LogShaderCompilers: Display: Worker (9/13): shaders left to compile 12
[2025.05.25-21.01.11:968][786]LogShaderCompilers: Display: Worker (3/13): shaders left to compile 11
[2025.05.25-21.01.11:968][786]LogShaderCompilers: Display: Worker (2/13): shaders left to compile 10
[2025.05.25-21.01.11:980][787]LogShaderCompilers: Display: Worker (6/13): shaders left to compile 9
[2025.05.25-21.01.11:980][787]LogShaderCompilers: Display: Worker (4/13): shaders left to compile 8
[2025.05.25-21.01.11:980][787]LogShaderCompilers: Display: Worker (5/13): shaders left to compile 7
[2025.05.25-21.01.11:991][788]LogShaderCompilers: Display: Worker (7/13): shaders left to compile 6
[2025.05.25-21.01.11:991][788]LogShaderCompilers: Display: Worker (1/13): shaders left to compile 5
[2025.05.25-21.01.12:040][791]LogShaderCompilers: Display: Worker (12/13): shaders left to compile 4
[2025.05.25-21.01.12:217][801]LogShaderCompilers: Display: Worker (10/13): shaders left to compile 3
[2025.05.25-21.01.12:265][803]LogShaderCompilers: Display: Worker (11/13): shaders left to compile 2
[2025.05.25-21.01.12:343][807]LogShaderCompilers: Display: Worker (4/13): shaders left to compile 1
[2025.05.25-21.01.12:547][822]MaterialEditorStats: Base pass shader: 119 instructions
[2025.05.25-21.01.12:547][822]MaterialEditorStats: Base pass shader with Volumetric Lightmap: 193 instructions
[2025.05.25-21.01.12:547][822]MaterialEditorStats: Base pass vertex shader: 40 instructions
[2025.05.25-21.01.12:547][822]MaterialEditorStats: Texture samplers: 3/16
[2025.05.25-21.01.12:935][868]LogMaterial: Display: Missing cached shader map for material sound-boom, compiling. 
[2025.05.25-21.01.12:951][868]LogMaterial: Display: Missing cached shader map for material FMatExpressionPreview MaterialExpressionVectorParameter_0, compiling. 
[2025.05.25-21.01.12:955][868]LogShaderCompilers: Display: Worker (1/13): shaders left to compile 21
[2025.05.25-21.01.12:955][868]LogShaderCompilers: Display: Worker (2/13): shaders left to compile 20
[2025.05.25-21.01.12:955][868]LogShaderCompilers: Display: Worker (3/13): shaders left to compile 19
[2025.05.25-21.01.12:955][868]LogShaderCompilers: Display: Worker (4/13): shaders left to compile 18
[2025.05.25-21.01.12:955][868]LogShaderCompilers: Display: Worker (5/13): shaders left to compile 17
[2025.05.25-21.01.12:955][868]LogShaderCompilers: Display: Worker (6/13): shaders left to compile 16
[2025.05.25-21.01.12:955][868]LogShaderCompilers: Display: Worker (7/13): shaders left to compile 15
[2025.05.25-21.01.12:955][868]LogShaderCompilers: Display: Worker (8/13): shaders left to compile 14
[2025.05.25-21.01.12:955][868]LogShaderCompilers: Display: Worker (9/13): shaders left to compile 13
[2025.05.25-21.01.12:955][868]LogShaderCompilers: Display: Worker (10/13): shaders left to compile 12
[2025.05.25-21.01.12:956][868]LogShaderCompilers: Display: Worker (11/13): shaders left to compile 11
[2025.05.25-21.01.12:956][868]LogShaderCompilers: Display: Worker (12/13): shaders left to compile 10
[2025.05.25-21.01.13:097][878]LogShaderCompilers: Display: Worker (8/13): shaders left to compile 13
[2025.05.25-21.01.13:233][886]LogShaderCompilers: Display: Worker (3/13): shaders left to compile 12
[2025.05.25-21.01.13:234][886]LogShaderCompilers: Display: Worker (1/13): shaders left to compile 11
[2025.05.25-21.01.13:253][887]LogShaderCompilers: Display: Worker (2/13): shaders left to compile 10
[2025.05.25-21.01.13:253][887]LogShaderCompilers: Display: Worker (5/13): shaders left to compile 9
[2025.05.25-21.01.13:253][887]LogShaderCompilers: Display: Worker (9/13): shaders left to compile 8
[2025.05.25-21.01.13:267][888]LogShaderCompilers: Display: Worker (4/13): shaders left to compile 7
[2025.05.25-21.01.13:267][888]LogShaderCompilers: Display: Worker (7/13): shaders left to compile 6
[2025.05.25-21.01.13:267][888]LogShaderCompilers: Display: Worker (6/13): shaders left to compile 5
[2025.05.25-21.01.13:327][892]LogShaderCompilers: Display: Worker (12/13): shaders left to compile 4
[2025.05.25-21.01.13:501][901]LogShaderCompilers: Display: Worker (10/13): shaders left to compile 3
[2025.05.25-21.01.13:520][902]LogShaderCompilers: Display: Worker (11/13): shaders left to compile 2
[2025.05.25-21.01.13:583][906]LogShaderCompilers: Display: Worker (1/13): shaders left to compile 1
[2025.05.25-21.01.13:696][913]LogMaterial: Display: Missing cached shader map for material sound-boom, compiling. 
[2025.05.25-21.01.13:710][913]LogShaderCompilers: Display: Worker (6/13): shaders left to compile 21
[2025.05.25-21.01.13:710][913]LogShaderCompilers: Display: Worker (8/13): shaders left to compile 20
[2025.05.25-21.01.13:710][913]LogShaderCompilers: Display: Worker (9/13): shaders left to compile 19
[2025.05.25-21.01.13:718][913]LogMaterial: Display: Missing cached shader map for material FMatExpressionPreview MaterialExpressionVectorParameter_0, compiling. 
[2025.05.25-21.01.13:725][913]LogShaderCompilers: Display: Worker (4/13): shaders left to compile 18
[2025.05.25-21.01.13:744][914]LogShaderCompilers: Display: Worker (12/13): shaders left to compile 21
[2025.05.25-21.01.13:776][916]LogShaderCompilers: Display: Worker (7/13): shaders left to compile 20
[2025.05.25-21.01.13:797][917]LogShaderCompilers: Display: Worker (3/13): shaders left to compile 19
[2025.05.25-21.01.13:812][918]LogShaderCompilers: Display: Worker (2/13): shaders left to compile 18
[2025.05.25-21.01.13:812][918]LogShaderCompilers: Display: Worker (11/13): shaders left to compile 17
[2025.05.25-21.01.13:829][919]LogShaderCompilers: Display: Worker (5/13): shaders left to compile 16
[2025.05.25-21.01.13:874][921]LogShaderCompilers: Display: Worker (1/13): shaders left to compile 15
[2025.05.25-21.01.13:874][921]LogShaderCompilers: Display: Worker (10/13): shaders left to compile 14
[2025.05.25-21.01.13:939][925]LogShaderCompilers: Display: Worker (2/13): shaders left to compile 13
[2025.05.25-21.01.13:968][927]LogShaderCompilers: Display: Worker (8/13): shaders left to compile 12
[2025.05.25-21.01.13:985][928]LogShaderCompilers: Display: Worker (9/13): shaders left to compile 11
[2025.05.25-21.01.13:985][928]LogShaderCompilers: Display: Worker (6/13): shaders left to compile 10
[2025.05.25-21.01.14:004][929]LogShaderCompilers: Display: Worker (4/13): shaders left to compile 9
[2025.05.25-21.01.14:022][930]LogShaderCompilers: Display: Worker (12/13): shaders left to compile 8
[2025.05.25-21.01.14:041][931]LogShaderCompilers: Display: Worker (7/13): shaders left to compile 7
[2025.05.25-21.01.14:057][932]LogShaderCompilers: Display: Worker (11/13): shaders left to compile 6
[2025.05.25-21.01.14:057][932]LogShaderCompilers: Display: Worker (3/13): shaders left to compile 5
[2025.05.25-21.01.14:193][939]LogShaderCompilers: Display: Worker (10/13): shaders left to compile 4
[2025.05.25-21.01.14:335][946]LogShaderCompilers: Display: Worker (9/13): shaders left to compile 3
[2025.05.25-21.01.14:366][948]LogShaderCompilers: Display: Worker (12/13): shaders left to compile 2
[2025.05.25-21.01.14:382][949]LogShaderCompilers: Display: Worker (5/13): shaders left to compile 1
[2025.05.25-21.01.14:608][965]LogMaterial: Display: Missing cached shader map for material sound-boom, compiling. 
[2025.05.25-21.01.14:618][965]LogShaderCompilers: Display: Worker (1/13): shaders left to compile 21
[2025.05.25-21.01.14:618][965]LogShaderCompilers: Display: Worker (2/13): shaders left to compile 20
[2025.05.25-21.01.14:618][965]LogShaderCompilers: Display: Worker (3/13): shaders left to compile 19
[2025.05.25-21.01.14:618][965]LogShaderCompilers: Display: Worker (4/13): shaders left to compile 18
[2025.05.25-21.01.14:618][965]LogShaderCompilers: Display: Worker (6/13): shaders left to compile 17
[2025.05.25-21.01.14:618][965]LogShaderCompilers: Display: Worker (7/13): shaders left to compile 16
[2025.05.25-21.01.14:618][965]LogShaderCompilers: Display: Worker (8/13): shaders left to compile 15
[2025.05.25-21.01.14:618][965]LogShaderCompilers: Display: Worker (10/13): shaders left to compile 14
[2025.05.25-21.01.14:618][965]LogShaderCompilers: Display: Worker (11/13): shaders left to compile 13
[2025.05.25-21.01.14:623][965]LogMaterial: Display: Missing cached shader map for material FMatExpressionPreview MaterialExpressionVectorParameter_0, compiling. 
[2025.05.25-21.01.14:651][967]LogShaderCompilers: Display: Worker (5/13): shaders left to compile 16
[2025.05.25-21.01.14:652][967]LogShaderCompilers: Display: Worker (12/13): shaders left to compile 15
[2025.05.25-21.01.14:688][970]LogShaderCompilers: Display: Worker (9/13): shaders left to compile 14
[2025.05.25-21.01.14:769][974]LogShaderCompilers: Display: Worker (10/13): shaders left to compile 13
[2025.05.25-21.01.14:878][979]LogShaderCompilers: Display: Worker (1/13): shaders left to compile 12
[2025.05.25-21.01.14:899][980]LogShaderCompilers: Display: Worker (2/13): shaders left to compile 11
[2025.05.25-21.01.14:899][980]LogShaderCompilers: Display: Worker (3/13): shaders left to compile 10
[2025.05.25-21.01.14:914][981]LogShaderCompilers: Display: Worker (11/13): shaders left to compile 9
[2025.05.25-21.01.14:914][981]LogShaderCompilers: Display: Worker (4/13): shaders left to compile 8
[2025.05.25-21.01.14:914][981]LogShaderCompilers: Display: Worker (6/13): shaders left to compile 7
[2025.05.25-21.01.14:914][981]LogShaderCompilers: Display: Worker (7/13): shaders left to compile 6
[2025.05.25-21.01.14:914][981]LogShaderCompilers: Display: Worker (8/13): shaders left to compile 5
[2025.05.25-21.01.15:009][987]LogShaderCompilers: Display: Worker (9/13): shaders left to compile 4
[2025.05.25-21.01.15:158][994]LogShaderCompilers: Display: Worker (5/13): shaders left to compile 3
[2025.05.25-21.01.15:197][996]LogShaderCompilers: Display: Worker (12/13): shaders left to compile 2
[2025.05.25-21.01.15:237][998]LogShaderCompilers: Display: Worker (2/13): shaders left to compile 1
[2025.05.25-21.01.15:474][ 16]MaterialEditorStats: Base pass shader: 119 instructions
[2025.05.25-21.01.15:474][ 16]MaterialEditorStats: Base pass shader with Volumetric Lightmap: 193 instructions
[2025.05.25-21.01.15:474][ 16]MaterialEditorStats: Base pass vertex shader: 40 instructions
[2025.05.25-21.01.15:474][ 16]MaterialEditorStats: Texture samplers: 3/16
[2025.05.25-21.01.15:818][ 57]LogMaterial: Display: Missing cached shader map for material sound-boom, compiling. 
[2025.05.25-21.01.15:832][ 57]LogShaderCompilers: Display: Worker (1/13): shaders left to compile 21
[2025.05.25-21.01.15:832][ 57]LogShaderCompilers: Display: Worker (2/13): shaders left to compile 20
[2025.05.25-21.01.15:832][ 57]LogShaderCompilers: Display: Worker (3/13): shaders left to compile 19
[2025.05.25-21.01.15:832][ 57]LogShaderCompilers: Display: Worker (4/13): shaders left to compile 18
[2025.05.25-21.01.15:832][ 57]LogShaderCompilers: Display: Worker (5/13): shaders left to compile 17
[2025.05.25-21.01.15:832][ 57]LogShaderCompilers: Display: Worker (6/13): shaders left to compile 16
[2025.05.25-21.01.15:832][ 57]LogShaderCompilers: Display: Worker (7/13): shaders left to compile 15
[2025.05.25-21.01.15:832][ 57]LogShaderCompilers: Display: Worker (8/13): shaders left to compile 14
[2025.05.25-21.01.15:832][ 57]LogShaderCompilers: Display: Worker (9/13): shaders left to compile 13
[2025.05.25-21.01.15:832][ 57]LogShaderCompilers: Display: Worker (10/13): shaders left to compile 12
[2025.05.25-21.01.15:832][ 57]LogShaderCompilers: Display: Worker (11/13): shaders left to compile 11
[2025.05.25-21.01.15:832][ 57]LogShaderCompilers: Display: Worker (12/13): shaders left to compile 10
[2025.05.25-21.01.15:835][ 57]LogMaterial: Display: Missing cached shader map for material FMatExpressionPreview MaterialExpressionVectorParameter_0, compiling. 
[2025.05.25-21.01.15:975][ 66]LogShaderCompilers: Display: Worker (8/13): shaders left to compile 13
[2025.05.25-21.01.16:110][ 73]LogShaderCompilers: Display: Worker (9/13): shaders left to compile 12
[2025.05.25-21.01.16:126][ 74]LogShaderCompilers: Display: Worker (6/13): shaders left to compile 11
[2025.05.25-21.01.16:126][ 74]LogShaderCompilers: Display: Worker (1/13): shaders left to compile 10
[2025.05.25-21.01.16:126][ 74]LogShaderCompilers: Display: Worker (3/13): shaders left to compile 9
[2025.05.25-21.01.16:126][ 74]LogShaderCompilers: Display: Worker (4/13): shaders left to compile 8
[2025.05.25-21.01.16:137][ 75]LogShaderCompilers: Display: Worker (2/13): shaders left to compile 7
[2025.05.25-21.01.16:137][ 75]LogShaderCompilers: Display: Worker (7/13): shaders left to compile 6
[2025.05.25-21.01.16:156][ 76]LogShaderCompilers: Display: Worker (5/13): shaders left to compile 5
[2025.05.25-21.01.16:199][ 79]LogShaderCompilers: Display: Worker (12/13): shaders left to compile 4
[2025.05.25-21.01.16:381][ 88]LogShaderCompilers: Display: Worker (10/13): shaders left to compile 3
[2025.05.25-21.01.16:405][ 89]LogShaderCompilers: Display: Worker (11/13): shaders left to compile 2
[2025.05.25-21.01.16:477][ 93]LogShaderCompilers: Display: Worker (6/13): shaders left to compile 1
[2025.05.25-21.01.16:680][109]MaterialEditorStats: Base pass shader: 119 instructions
[2025.05.25-21.01.16:680][109]MaterialEditorStats: Base pass shader with Volumetric Lightmap: 193 instructions
[2025.05.25-21.01.16:680][109]MaterialEditorStats: Base pass vertex shader: 40 instructions
[2025.05.25-21.01.16:680][109]MaterialEditorStats: Texture samplers: 3/16
[2025.05.25-21.01.16:960][142]LogMaterial: Display: Missing cached shader map for material sound-boom, compiling. 
[2025.05.25-21.01.16:972][142]LogMaterial: Display: Missing cached shader map for material FMatExpressionPreview MaterialExpressionVectorParameter_0, compiling. 
[2025.05.25-21.01.16:978][142]LogShaderCompilers: Display: Worker (1/13): shaders left to compile 25
[2025.05.25-21.01.16:978][142]LogShaderCompilers: Display: Worker (2/13): shaders left to compile 24
[2025.05.25-21.01.16:978][142]LogShaderCompilers: Display: Worker (3/13): shaders left to compile 23
[2025.05.25-21.01.16:978][142]LogShaderCompilers: Display: Worker (4/13): shaders left to compile 22
[2025.05.25-21.01.16:978][142]LogShaderCompilers: Display: Worker (5/13): shaders left to compile 21
[2025.05.25-21.01.16:978][142]LogShaderCompilers: Display: Worker (6/13): shaders left to compile 20
[2025.05.25-21.01.16:978][142]LogShaderCompilers: Display: Worker (7/13): shaders left to compile 19
[2025.05.25-21.01.16:978][142]LogShaderCompilers: Display: Worker (8/13): shaders left to compile 18
[2025.05.25-21.01.16:978][142]LogShaderCompilers: Display: Worker (9/13): shaders left to compile 17
[2025.05.25-21.01.16:978][142]LogShaderCompilers: Display: Worker (10/13): shaders left to compile 16
[2025.05.25-21.01.16:978][142]LogShaderCompilers: Display: Worker (11/13): shaders left to compile 15
[2025.05.25-21.01.16:978][142]LogShaderCompilers: Display: Worker (12/13): shaders left to compile 14
[2025.05.25-21.01.17:128][152]LogShaderCompilers: Display: Worker (8/13): shaders left to compile 13
[2025.05.25-21.01.17:252][159]LogShaderCompilers: Display: Worker (2/13): shaders left to compile 12
[2025.05.25-21.01.17:252][159]LogShaderCompilers: Display: Worker (1/13): shaders left to compile 11
[2025.05.25-21.01.17:265][160]LogShaderCompilers: Display: Worker (3/13): shaders left to compile 10
[2025.05.25-21.01.17:265][160]LogShaderCompilers: Display: Worker (9/13): shaders left to compile 9
[2025.05.25-21.01.17:265][160]LogShaderCompilers: Display: Worker (4/13): shaders left to compile 8
[2025.05.25-21.01.17:265][160]LogShaderCompilers: Display: Worker (5/13): shaders left to compile 7
[2025.05.25-21.01.17:265][160]LogShaderCompilers: Display: Worker (6/13): shaders left to compile 6
[2025.05.25-21.01.17:281][161]LogShaderCompilers: Display: Worker (7/13): shaders left to compile 5
[2025.05.25-21.01.17:342][166]LogShaderCompilers: Display: Worker (12/13): shaders left to compile 4
[2025.05.25-21.01.17:503][174]LogShaderCompilers: Display: Worker (10/13): shaders left to compile 3
[2025.05.25-21.01.17:526][175]LogShaderCompilers: Display: Worker (11/13): shaders left to compile 2
[2025.05.25-21.01.17:598][179]LogShaderCompilers: Display: Worker (1/13): shaders left to compile 1
[2025.05.25-21.01.17:842][196]MaterialEditorStats: Base pass shader: 119 instructions
[2025.05.25-21.01.17:842][196]MaterialEditorStats: Base pass shader with Volumetric Lightmap: 193 instructions
[2025.05.25-21.01.17:842][196]MaterialEditorStats: Base pass vertex shader: 40 instructions
[2025.05.25-21.01.17:842][196]MaterialEditorStats: Texture samplers: 3/16
[2025.05.25-21.01.18:978][332]LogMaterial: Display: Missing cached shader map for material sound-boom, compiling. 
[2025.05.25-21.01.18:997][332]LogShaderCompilers: Display: Worker (1/13): shaders left to compile 21
[2025.05.25-21.01.18:997][332]LogShaderCompilers: Display: Worker (2/13): shaders left to compile 20
[2025.05.25-21.01.18:997][332]LogShaderCompilers: Display: Worker (3/13): shaders left to compile 19
[2025.05.25-21.01.18:997][332]LogShaderCompilers: Display: Worker (4/13): shaders left to compile 18
[2025.05.25-21.01.18:997][332]LogShaderCompilers: Display: Worker (5/13): shaders left to compile 17
[2025.05.25-21.01.18:997][332]LogShaderCompilers: Display: Worker (6/13): shaders left to compile 16
[2025.05.25-21.01.18:997][332]LogShaderCompilers: Display: Worker (7/13): shaders left to compile 15
[2025.05.25-21.01.18:997][332]LogShaderCompilers: Display: Worker (8/13): shaders left to compile 14
[2025.05.25-21.01.18:997][332]LogShaderCompilers: Display: Worker (9/13): shaders left to compile 13
[2025.05.25-21.01.18:998][332]LogShaderCompilers: Display: Worker (10/13): shaders left to compile 12
[2025.05.25-21.01.18:998][332]LogShaderCompilers: Display: Worker (11/13): shaders left to compile 11
[2025.05.25-21.01.18:998][332]LogShaderCompilers: Display: Worker (12/13): shaders left to compile 10
[2025.05.25-21.01.18:998][332]LogMaterial: Display: Missing cached shader map for material FMatExpressionPreview MaterialExpressionVectorParameter_0, compiling. 
[2025.05.25-21.01.19:157][343]LogShaderCompilers: Display: Worker (8/13): shaders left to compile 13
[2025.05.25-21.01.19:271][348]LogShaderCompilers: Display: Worker (3/13): shaders left to compile 12
[2025.05.25-21.01.19:271][348]LogShaderCompilers: Display: Worker (9/13): shaders left to compile 11
[2025.05.25-21.01.19:298][349]LogShaderCompilers: Display: Worker (1/13): shaders left to compile 10
[2025.05.25-21.01.19:298][349]LogShaderCompilers: Display: Worker (2/13): shaders left to compile 9
[2025.05.25-21.01.19:298][349]LogShaderCompilers: Display: Worker (5/13): shaders left to compile 8
[2025.05.25-21.01.19:298][349]LogShaderCompilers: Display: Worker (6/13): shaders left to compile 7
[2025.05.25-21.01.19:298][349]LogShaderCompilers: Display: Worker (4/13): shaders left to compile 6
[2025.05.25-21.01.19:314][350]LogShaderCompilers: Display: Worker (7/13): shaders left to compile 5
[2025.05.25-21.01.19:350][352]LogShaderCompilers: Display: Worker (12/13): shaders left to compile 4
[2025.05.25-21.01.19:519][360]LogShaderCompilers: Display: Worker (10/13): shaders left to compile 3
[2025.05.25-21.01.19:558][362]LogShaderCompilers: Display: Worker (11/13): shaders left to compile 2
[2025.05.25-21.01.19:642][367]LogShaderCompilers: Display: Worker (9/13): shaders left to compile 1
[2025.05.25-21.01.19:862][384]MaterialEditorStats: Base pass shader: 119 instructions
[2025.05.25-21.01.19:862][384]MaterialEditorStats: Base pass shader with Volumetric Lightmap: 193 instructions
[2025.05.25-21.01.19:862][384]MaterialEditorStats: Base pass vertex shader: 40 instructions
[2025.05.25-21.01.19:862][384]MaterialEditorStats: Texture samplers: 3/16
[2025.05.25-21.01.20:039][405]LogMaterial: Display: Missing cached shader map for material sound-boom, compiling. 
[2025.05.25-21.01.20:057][405]LogMaterial: Display: Missing cached shader map for material FMatExpressionPreview MaterialExpressionVectorParameter_0, compiling. 
[2025.05.25-21.01.20:061][405]LogShaderCompilers: Display: Worker (1/13): shaders left to compile 21
[2025.05.25-21.01.20:061][405]LogShaderCompilers: Display: Worker (2/13): shaders left to compile 20
[2025.05.25-21.01.20:061][405]LogShaderCompilers: Display: Worker (3/13): shaders left to compile 19
[2025.05.25-21.01.20:061][405]LogShaderCompilers: Display: Worker (4/13): shaders left to compile 18
[2025.05.25-21.01.20:061][405]LogShaderCompilers: Display: Worker (5/13): shaders left to compile 17
[2025.05.25-21.01.20:061][405]LogShaderCompilers: Display: Worker (6/13): shaders left to compile 16
[2025.05.25-21.01.20:061][405]LogShaderCompilers: Display: Worker (7/13): shaders left to compile 15
[2025.05.25-21.01.20:061][405]LogShaderCompilers: Display: Worker (8/13): shaders left to compile 14
[2025.05.25-21.01.20:061][405]LogShaderCompilers: Display: Worker (9/13): shaders left to compile 13
[2025.05.25-21.01.20:061][405]LogShaderCompilers: Display: Worker (10/13): shaders left to compile 12
[2025.05.25-21.01.20:061][405]LogShaderCompilers: Display: Worker (11/13): shaders left to compile 11
[2025.05.25-21.01.20:061][405]LogShaderCompilers: Display: Worker (12/13): shaders left to compile 10
[2025.05.25-21.01.20:063][405]LogSlate: Window 'Color Picker' being destroyed
[2025.05.25-21.01.20:210][417]LogShaderCompilers: Display: Worker (8/13): shaders left to compile 13
[2025.05.25-21.01.20:360][423]LogShaderCompilers: Display: Worker (9/13): shaders left to compile 12
[2025.05.25-21.01.20:360][423]LogShaderCompilers: Display: Worker (4/13): shaders left to compile 11
[2025.05.25-21.01.20:360][423]LogShaderCompilers: Display: Worker (1/13): shaders left to compile 10
[2025.05.25-21.01.20:360][423]LogShaderCompilers: Display: Worker (2/13): shaders left to compile 9
[2025.05.25-21.01.20:360][423]LogShaderCompilers: Display: Worker (3/13): shaders left to compile 8
[2025.05.25-21.01.20:360][423]LogShaderCompilers: Display: Worker (5/13): shaders left to compile 7
[2025.05.25-21.01.20:389][424]LogShaderCompilers: Display: Worker (6/13): shaders left to compile 6
[2025.05.25-21.01.20:389][424]LogShaderCompilers: Display: Worker (7/13): shaders left to compile 5
[2025.05.25-21.01.20:455][426]LogShaderCompilers: Display: Worker (12/13): shaders left to compile 4
[2025.05.25-21.01.20:604][432]LogShaderCompilers: Display: Worker (10/13): shaders left to compile 3
[2025.05.25-21.01.20:624][433]LogShaderCompilers: Display: Worker (11/13): shaders left to compile 2
[2025.05.25-21.01.20:702][437]LogShaderCompilers: Display: Worker (4/13): shaders left to compile 1
[2025.05.25-21.01.20:959][453]MaterialEditorStats: Base pass shader: 119 instructions
[2025.05.25-21.01.20:959][453]MaterialEditorStats: Base pass shader with Volumetric Lightmap: 193 instructions
[2025.05.25-21.01.20:959][453]MaterialEditorStats: Base pass vertex shader: 40 instructions
[2025.05.25-21.01.20:959][453]MaterialEditorStats: Texture samplers: 3/16
[2025.05.25-21.01.25:555][962]LogMaterialEditor: Applying material sound-boom
[2025.05.25-21.01.25:863][962]LogMaterial: Display: Missing cached shader map for material sound-boom, compiling. 
[2025.05.25-21.01.25:900][962]LogShaderCompilers: Display: Worker (1/13): shaders left to compile 21
[2025.05.25-21.01.25:900][962]LogShaderCompilers: Display: Worker (2/13): shaders left to compile 20
[2025.05.25-21.01.25:900][962]LogShaderCompilers: Display: Worker (3/13): shaders left to compile 19
[2025.05.25-21.01.25:900][962]LogShaderCompilers: Display: Worker (4/13): shaders left to compile 18
[2025.05.25-21.01.25:900][962]LogShaderCompilers: Display: Worker (5/13): shaders left to compile 17
[2025.05.25-21.01.25:900][962]LogShaderCompilers: Display: Worker (6/13): shaders left to compile 16
[2025.05.25-21.01.25:900][962]LogShaderCompilers: Display: Worker (7/13): shaders left to compile 15
[2025.05.25-21.01.25:900][962]LogShaderCompilers: Display: Worker (8/13): shaders left to compile 14
[2025.05.25-21.01.25:900][962]LogShaderCompilers: Display: Worker (9/13): shaders left to compile 13
[2025.05.25-21.01.25:900][962]LogShaderCompilers: Display: Worker (10/13): shaders left to compile 12
[2025.05.25-21.01.25:900][962]LogShaderCompilers: Display: Worker (11/13): shaders left to compile 11
[2025.05.25-21.01.25:900][962]LogShaderCompilers: Display: Worker (12/13): shaders left to compile 10
[2025.05.25-21.01.25:912][962]LogMaterial: Display: Missing cached shader map for material sound-boom, compiling. 
[2025.05.25-21.01.25:928][962]LogMaterial: Display: Missing cached shader map for material sound-boom, compiling. 
[2025.05.25-21.01.26:079][962]LogShaderCompilers: Display: Worker (8/13): shaders left to compile 31
[2025.05.25-21.01.26:079][962]LogUObjectHash: Compacting FUObjectHashTables data took  11.39ms
[2025.05.25-21.01.26:090][962]LogMaterial: Display: Missing cached shader map for material DebugViewMode MaterialTexCoordScale, compiling. 
[2025.05.25-21.01.26:600][962]LogShaderCompilers: Display: Worker (3/13): shaders left to compile 32
[2025.05.25-21.01.26:600][962]LogShaderCompilers: Display: Worker (2/13): shaders left to compile 31
[2025.05.25-21.01.26:600][962]LogShaderCompilers: Display: Worker (1/13): shaders left to compile 30
[2025.05.25-21.01.26:600][962]LogShaderCompilers: Display: Worker (9/13): shaders left to compile 29
[2025.05.25-21.01.26:600][962]LogShaderCompilers: Display: Worker (4/13): shaders left to compile 28
[2025.05.25-21.01.26:600][962]LogShaderCompilers: Display: Worker (7/13): shaders left to compile 27
[2025.05.25-21.01.26:600][962]LogShaderCompilers: Display: Worker (6/13): shaders left to compile 26
[2025.05.25-21.01.26:600][962]LogShaderCompilers: Display: Worker (5/13): shaders left to compile 25
[2025.05.25-21.01.26:600][962]LogShaderCompilers: Display: Worker (12/13): shaders left to compile 24
[2025.05.25-21.01.26:600][962]LogShaderCompilers: Display: Worker (12/13): shaders left to compile 23
[2025.05.25-21.01.26:600][962]LogShaderCompilers: Display: Worker (10/13): shaders left to compile 22
[2025.05.25-21.01.26:600][962]LogShaderCompilers: Display: Worker (11/13): shaders left to compile 20
[2025.05.25-21.01.26:600][962]LogShaderCompilers: Display: Worker (2/13): shaders left to compile 18
[2025.05.25-21.01.26:600][962]LogShaderCompilers: Display: Worker (8/13): shaders left to compile 16
[2025.05.25-21.01.26:600][962]LogShaderCompilers: Display: Worker (5/13): shaders left to compile 14
[2025.05.25-21.01.26:600][962]LogShaderCompilers: Display: Worker (4/13): shaders left to compile 12
[2025.05.25-21.01.26:600][962]LogShaderCompilers: Display: Worker (12/13): shaders left to compile 10
[2025.05.25-21.01.26:600][962]LogShaderCompilers: Display: Worker (7/13): shaders left to compile 9
[2025.05.25-21.01.26:602][962]TextureStreamingBuild: Display: Compiling optional shaders took 0.523 seconds.
[2025.05.25-21.01.26:667][962]LogShaderCompilers: Display: Worker (3/13): shaders left to compile 8
[2025.05.25-21.01.26:667][962]LogShaderCompilers: Display: Worker (6/13): shaders left to compile 7
[2025.05.25-21.01.26:667][962]LogShaderCompilers: Display: Worker (1/13): shaders left to compile 6
[2025.05.25-21.01.26:667][962]LogShaderCompilers: Display: Worker (9/13): shaders left to compile 5
[2025.05.25-21.01.26:667][962]LogUObjectHash: Compacting FUObjectHashTables data took   4.28ms
[2025.05.25-21.01.26:819][970]LogShaderCompilers: Display: Worker (8/13): shaders left to compile 4
[2025.05.25-21.01.26:872][973]LogShaderCompilers: Display: Worker (10/13): shaders left to compile 3
[2025.05.25-21.01.26:902][975]LogShaderCompilers: Display: Worker (11/13): shaders left to compile 2
[2025.05.25-21.01.26:930][977]LogShaderCompilers: Display: Worker (2/13): shaders left to compile 1
[2025.05.25-21.01.27:281][  4]MaterialEditorStats: Base pass shader: 119 instructions
[2025.05.25-21.01.27:281][  4]MaterialEditorStats: Base pass shader with Volumetric Lightmap: 193 instructions
[2025.05.25-21.01.27:281][  4]MaterialEditorStats: Base pass vertex shader: 40 instructions
[2025.05.25-21.01.27:281][  4]MaterialEditorStats: Texture samplers: 3/16
[2025.05.25-21.01.36:518][ 88]LogMaterial: Display: Missing cached shader map for material sound-boom, compiling. 
[2025.05.25-21.01.36:530][ 88]LogMaterial: Display: Missing cached shader map for material sound-boom, compiling. 
[2025.05.25-21.01.36:556][ 89]LogShaderCompilers: Display: Worker (1/13): shaders left to compile 21
[2025.05.25-21.01.36:557][ 89]LogShaderCompilers: Display: Worker (2/13): shaders left to compile 20
[2025.05.25-21.01.36:557][ 89]LogShaderCompilers: Display: Worker (3/13): shaders left to compile 19
[2025.05.25-21.01.36:557][ 89]LogShaderCompilers: Display: Worker (4/13): shaders left to compile 18
[2025.05.25-21.01.36:557][ 89]LogShaderCompilers: Display: Worker (5/13): shaders left to compile 17
[2025.05.25-21.01.36:557][ 89]LogShaderCompilers: Display: Worker (6/13): shaders left to compile 16
[2025.05.25-21.01.36:557][ 89]LogShaderCompilers: Display: Worker (7/13): shaders left to compile 15
[2025.05.25-21.01.36:557][ 89]LogShaderCompilers: Display: Worker (8/13): shaders left to compile 14
[2025.05.25-21.01.36:557][ 89]LogShaderCompilers: Display: Worker (9/13): shaders left to compile 13
[2025.05.25-21.01.36:557][ 89]LogShaderCompilers: Display: Worker (10/13): shaders left to compile 12
[2025.05.25-21.01.36:557][ 89]LogShaderCompilers: Display: Worker (11/13): shaders left to compile 11
[2025.05.25-21.01.36:557][ 89]LogShaderCompilers: Display: Worker (12/13): shaders left to compile 10
[2025.05.25-21.01.36:685][ 97]LogShaderCompilers: Display: Worker (8/13): shaders left to compile 9
[2025.05.25-21.01.36:831][104]LogShaderCompilers: Display: Worker (1/13): shaders left to compile 8
[2025.05.25-21.01.36:831][104]LogShaderCompilers: Display: Worker (9/13): shaders left to compile 7
[2025.05.25-21.01.36:846][105]LogShaderCompilers: Display: Worker (2/13): shaders left to compile 6
[2025.05.25-21.01.36:847][105]LogShaderCompilers: Display: Worker (3/13): shaders left to compile 5
[2025.05.25-21.01.36:847][105]LogShaderCompilers: Display: Worker (4/13): shaders left to compile 4
[2025.05.25-21.01.36:860][106]LogShaderCompilers: Display: Worker (5/13): shaders left to compile 3
[2025.05.25-21.01.36:860][106]LogShaderCompilers: Display: Worker (7/13): shaders left to compile 2
[2025.05.25-21.01.36:860][106]LogShaderCompilers: Display: Worker (6/13): shaders left to compile 1
[2025.05.25-21.01.37:328][143]MaterialEditorStats: Base pass shader: 120 instructions
[2025.05.25-21.01.37:328][143]MaterialEditorStats: Base pass shader with Volumetric Lightmap: 194 instructions
[2025.05.25-21.01.37:328][143]MaterialEditorStats: Base pass vertex shader: 40 instructions
[2025.05.25-21.01.37:328][143]MaterialEditorStats: Texture samplers: 3/16
[2025.05.25-21.01.41:478][636]LogMaterial: Display: Missing cached shader map for material sound-boom, compiling. 
[2025.05.25-21.01.41:488][636]LogMaterial: Display: Missing cached shader map for material sound-boom, compiling. 
[2025.05.25-21.01.41:507][637]LogShaderCompilers: Display: Worker (1/13): shaders left to compile 21
[2025.05.25-21.01.41:507][637]LogShaderCompilers: Display: Worker (2/13): shaders left to compile 20
[2025.05.25-21.01.41:507][637]LogShaderCompilers: Display: Worker (3/13): shaders left to compile 19
[2025.05.25-21.01.41:507][637]LogShaderCompilers: Display: Worker (4/13): shaders left to compile 18
[2025.05.25-21.01.41:507][637]LogShaderCompilers: Display: Worker (5/13): shaders left to compile 17
[2025.05.25-21.01.41:507][637]LogShaderCompilers: Display: Worker (6/13): shaders left to compile 16
[2025.05.25-21.01.41:507][637]LogShaderCompilers: Display: Worker (7/13): shaders left to compile 15
[2025.05.25-21.01.41:507][637]LogShaderCompilers: Display: Worker (8/13): shaders left to compile 14
[2025.05.25-21.01.41:507][637]LogShaderCompilers: Display: Worker (9/13): shaders left to compile 13
[2025.05.25-21.01.41:507][637]LogShaderCompilers: Display: Worker (10/13): shaders left to compile 12
[2025.05.25-21.01.41:507][637]LogShaderCompilers: Display: Worker (11/13): shaders left to compile 11
[2025.05.25-21.01.41:507][637]LogShaderCompilers: Display: Worker (12/13): shaders left to compile 10
[2025.05.25-21.01.41:642][648]LogShaderCompilers: Display: Worker (8/13): shaders left to compile 9
[2025.05.25-21.01.41:778][656]LogShaderCompilers: Display: Worker (3/13): shaders left to compile 8
[2025.05.25-21.01.41:778][656]LogShaderCompilers: Display: Worker (4/13): shaders left to compile 7
[2025.05.25-21.01.41:779][656]LogShaderCompilers: Display: Worker (9/13): shaders left to compile 6
[2025.05.25-21.01.41:798][657]LogShaderCompilers: Display: Worker (1/13): shaders left to compile 5
[2025.05.25-21.01.41:798][657]LogShaderCompilers: Display: Worker (2/13): shaders left to compile 4
[2025.05.25-21.01.41:809][658]LogShaderCompilers: Display: Worker (5/13): shaders left to compile 3
[2025.05.25-21.01.41:809][658]LogShaderCompilers: Display: Worker (6/13): shaders left to compile 2
[2025.05.25-21.01.41:823][659]LogShaderCompilers: Display: Worker (7/13): shaders left to compile 1
[2025.05.25-21.01.42:281][697]MaterialEditorStats: Base pass shader: 120 instructions
[2025.05.25-21.01.42:281][697]MaterialEditorStats: Base pass shader with Volumetric Lightmap: 194 instructions
[2025.05.25-21.01.42:281][697]MaterialEditorStats: Base pass vertex shader: 40 instructions
[2025.05.25-21.01.42:281][697]MaterialEditorStats: Texture samplers: 3/16
[2025.05.25-21.01.43:535][847]LogMaterial: Display: Missing cached shader map for material sound-boom, compiling. 
[2025.05.25-21.01.43:548][847]LogMaterial: Display: Missing cached shader map for material sound-boom, compiling. 
[2025.05.25-21.01.43:564][848]LogShaderCompilers: Display: Worker (1/13): shaders left to compile 21
[2025.05.25-21.01.43:564][848]LogShaderCompilers: Display: Worker (2/13): shaders left to compile 20
[2025.05.25-21.01.43:564][848]LogShaderCompilers: Display: Worker (3/13): shaders left to compile 19
[2025.05.25-21.01.43:564][848]LogShaderCompilers: Display: Worker (4/13): shaders left to compile 18
[2025.05.25-21.01.43:564][848]LogShaderCompilers: Display: Worker (5/13): shaders left to compile 17
[2025.05.25-21.01.43:564][848]LogShaderCompilers: Display: Worker (6/13): shaders left to compile 16
[2025.05.25-21.01.43:564][848]LogShaderCompilers: Display: Worker (7/13): shaders left to compile 15
[2025.05.25-21.01.43:564][848]LogShaderCompilers: Display: Worker (8/13): shaders left to compile 14
[2025.05.25-21.01.43:564][848]LogShaderCompilers: Display: Worker (9/13): shaders left to compile 13
[2025.05.25-21.01.43:564][848]LogShaderCompilers: Display: Worker (10/13): shaders left to compile 12
[2025.05.25-21.01.43:564][848]LogShaderCompilers: Display: Worker (11/13): shaders left to compile 11
[2025.05.25-21.01.43:564][848]LogShaderCompilers: Display: Worker (12/13): shaders left to compile 10
[2025.05.25-21.01.43:695][857]LogShaderCompilers: Display: Worker (8/13): shaders left to compile 9
[2025.05.25-21.01.43:834][864]LogShaderCompilers: Display: Worker (3/13): shaders left to compile 8
[2025.05.25-21.01.43:834][864]LogShaderCompilers: Display: Worker (4/13): shaders left to compile 7
[2025.05.25-21.01.43:834][864]LogShaderCompilers: Display: Worker (2/13): shaders left to compile 6
[2025.05.25-21.01.43:834][864]LogShaderCompilers: Display: Worker (9/13): shaders left to compile 5
[2025.05.25-21.01.43:852][865]LogShaderCompilers: Display: Worker (1/13): shaders left to compile 4
[2025.05.25-21.01.43:852][865]LogShaderCompilers: Display: Worker (7/13): shaders left to compile 3
[2025.05.25-21.01.43:862][866]LogShaderCompilers: Display: Worker (5/13): shaders left to compile 2
[2025.05.25-21.01.43:862][866]LogShaderCompilers: Display: Worker (6/13): shaders left to compile 1
[2025.05.25-21.01.44:328][904]MaterialEditorStats: Base pass shader: 120 instructions
[2025.05.25-21.01.44:328][904]MaterialEditorStats: Base pass shader with Volumetric Lightmap: 194 instructions
[2025.05.25-21.01.44:328][904]MaterialEditorStats: Base pass vertex shader: 40 instructions
[2025.05.25-21.01.44:328][904]MaterialEditorStats: Texture samplers: 3/16
[2025.05.25-21.01.46:342][144]LogMaterial: Display: Missing cached shader map for material sound-boom, compiling. 
[2025.05.25-21.01.46:358][145]LogShaderCompilers: Display: Worker (1/13): shaders left to compile 21
[2025.05.25-21.01.46:358][145]LogShaderCompilers: Display: Worker (2/13): shaders left to compile 20
[2025.05.25-21.01.46:358][145]LogShaderCompilers: Display: Worker (3/13): shaders left to compile 19
[2025.05.25-21.01.46:358][145]LogShaderCompilers: Display: Worker (4/13): shaders left to compile 18
[2025.05.25-21.01.46:358][145]LogShaderCompilers: Display: Worker (5/13): shaders left to compile 17
[2025.05.25-21.01.46:358][145]LogShaderCompilers: Display: Worker (6/13): shaders left to compile 16
[2025.05.25-21.01.46:358][145]LogShaderCompilers: Display: Worker (7/13): shaders left to compile 15
[2025.05.25-21.01.46:358][145]LogShaderCompilers: Display: Worker (8/13): shaders left to compile 14
[2025.05.25-21.01.46:358][145]LogShaderCompilers: Display: Worker (9/13): shaders left to compile 13
[2025.05.25-21.01.46:358][145]LogShaderCompilers: Display: Worker (10/13): shaders left to compile 12
[2025.05.25-21.01.46:358][145]LogShaderCompilers: Display: Worker (11/13): shaders left to compile 11
[2025.05.25-21.01.46:358][145]LogShaderCompilers: Display: Worker (12/13): shaders left to compile 10
[2025.05.25-21.01.46:510][156]LogShaderCompilers: Display: Worker (8/13): shaders left to compile 9
[2025.05.25-21.01.46:629][162]LogShaderCompilers: Display: Worker (9/13): shaders left to compile 8
[2025.05.25-21.01.46:658][162]LogShaderCompilers: Display: Worker (5/13): shaders left to compile 7
[2025.05.25-21.01.46:658][162]LogShaderCompilers: Display: Worker (2/13): shaders left to compile 6
[2025.05.25-21.01.46:658][162]LogShaderCompilers: Display: Worker (3/13): shaders left to compile 5
[2025.05.25-21.01.46:658][162]LogShaderCompilers: Display: Worker (4/13): shaders left to compile 4
[2025.05.25-21.01.46:658][162]LogShaderCompilers: Display: Worker (6/13): shaders left to compile 3
[2025.05.25-21.01.46:658][162]LogShaderCompilers: Display: Worker (7/13): shaders left to compile 2
[2025.05.25-21.01.46:661][163]LogShaderCompilers: Display: Worker (1/13): shaders left to compile 1
[2025.05.25-21.01.47:170][198]MaterialEditorStats: Base pass shader: 119 instructions
[2025.05.25-21.01.47:170][198]MaterialEditorStats: Base pass shader with Volumetric Lightmap: 193 instructions
[2025.05.25-21.01.47:170][198]MaterialEditorStats: Base pass vertex shader: 40 instructions
[2025.05.25-21.01.47:170][198]MaterialEditorStats: Texture samplers: 3/16
[2025.05.25-21.01.52:066][776]LogMaterial: Display: Missing cached shader map for material sound-boom, compiling. 
[2025.05.25-21.01.52:091][777]LogShaderCompilers: Display: Worker (1/13): shaders left to compile 21
[2025.05.25-21.01.52:091][777]LogShaderCompilers: Display: Worker (2/13): shaders left to compile 20
[2025.05.25-21.01.52:091][777]LogShaderCompilers: Display: Worker (3/13): shaders left to compile 19
[2025.05.25-21.01.52:091][777]LogShaderCompilers: Display: Worker (4/13): shaders left to compile 18
[2025.05.25-21.01.52:091][777]LogShaderCompilers: Display: Worker (5/13): shaders left to compile 17
[2025.05.25-21.01.52:091][777]LogShaderCompilers: Display: Worker (6/13): shaders left to compile 16
[2025.05.25-21.01.52:091][777]LogShaderCompilers: Display: Worker (7/13): shaders left to compile 15
[2025.05.25-21.01.52:091][777]LogShaderCompilers: Display: Worker (8/13): shaders left to compile 14
[2025.05.25-21.01.52:091][777]LogShaderCompilers: Display: Worker (9/13): shaders left to compile 13
[2025.05.25-21.01.52:091][777]LogShaderCompilers: Display: Worker (10/13): shaders left to compile 12
[2025.05.25-21.01.52:091][777]LogShaderCompilers: Display: Worker (11/13): shaders left to compile 11
[2025.05.25-21.01.52:091][777]LogShaderCompilers: Display: Worker (12/13): shaders left to compile 10
[2025.05.25-21.01.52:258][788]LogShaderCompilers: Display: Worker (8/13): shaders left to compile 9
[2025.05.25-21.01.52:383][794]LogShaderCompilers: Display: Worker (9/13): shaders left to compile 8
[2025.05.25-21.01.52:383][794]LogShaderCompilers: Display: Worker (1/13): shaders left to compile 7
[2025.05.25-21.01.52:383][794]LogShaderCompilers: Display: Worker (2/13): shaders left to compile 6
[2025.05.25-21.01.52:383][794]LogShaderCompilers: Display: Worker (3/13): shaders left to compile 5
[2025.05.25-21.01.52:383][794]LogShaderCompilers: Display: Worker (6/13): shaders left to compile 4
[2025.05.25-21.01.52:404][796]LogShaderCompilers: Display: Worker (4/13): shaders left to compile 3
[2025.05.25-21.01.52:404][796]LogShaderCompilers: Display: Worker (5/13): shaders left to compile 2
[2025.05.25-21.01.52:417][797]LogShaderCompilers: Display: Worker (7/13): shaders left to compile 1
[2025.05.25-21.01.52:732][817]LogMaterial: Display: Missing cached shader map for material sound-boom, compiling. 
[2025.05.25-21.01.52:751][818]LogShaderCompilers: Display: Worker (1/13): shaders left to compile 21
[2025.05.25-21.01.52:751][818]LogShaderCompilers: Display: Worker (6/13): shaders left to compile 20
[2025.05.25-21.01.52:751][818]LogShaderCompilers: Display: Worker (7/13): shaders left to compile 19
[2025.05.25-21.01.52:751][818]LogShaderCompilers: Display: Worker (8/13): shaders left to compile 18
[2025.05.25-21.01.52:751][818]LogShaderCompilers: Display: Worker (10/13): shaders left to compile 17
[2025.05.25-21.01.52:751][818]LogShaderCompilers: Display: Worker (11/13): shaders left to compile 16
[2025.05.25-21.01.52:751][818]LogShaderCompilers: Display: Worker (12/13): shaders left to compile 15
[2025.05.25-21.01.52:841][826]LogShaderCompilers: Display: Worker (4/13): shaders left to compile 14
[2025.05.25-21.01.52:877][828]LogShaderCompilers: Display: Worker (5/13): shaders left to compile 13
[2025.05.25-21.01.52:895][829]LogShaderCompilers: Display: Worker (2/13): shaders left to compile 12
[2025.05.25-21.01.52:914][830]LogShaderCompilers: Display: Worker (9/13): shaders left to compile 11
[2025.05.25-21.01.52:914][830]LogShaderCompilers: Display: Worker (3/13): shaders left to compile 10
[2025.05.25-21.01.52:987][835]LogShaderCompilers: Display: Worker (4/13): shaders left to compile 9
[2025.05.25-21.01.53:025][838]LogShaderCompilers: Display: Worker (1/13): shaders left to compile 8
[2025.05.25-21.01.53:025][838]LogShaderCompilers: Display: Worker (7/13): shaders left to compile 7
[2025.05.25-21.01.53:025][838]LogShaderCompilers: Display: Worker (10/13): shaders left to compile 6
[2025.05.25-21.01.53:040][839]LogShaderCompilers: Display: Worker (6/13): shaders left to compile 5
[2025.05.25-21.01.53:041][839]LogShaderCompilers: Display: Worker (8/13): shaders left to compile 4
[2025.05.25-21.01.53:041][839]LogShaderCompilers: Display: Worker (11/13): shaders left to compile 3
[2025.05.25-21.01.53:055][840]LogShaderCompilers: Display: Worker (12/13): shaders left to compile 2
[2025.05.25-21.01.53:096][842]LogShaderCompilers: Display: Worker (5/13): shaders left to compile 1
[2025.05.25-21.01.53:577][873]MaterialEditorStats: Base pass shader: 120 instructions
[2025.05.25-21.01.53:577][873]MaterialEditorStats: Base pass shader with Volumetric Lightmap: 194 instructions
[2025.05.25-21.01.53:577][873]MaterialEditorStats: Base pass vertex shader: 40 instructions
[2025.05.25-21.01.53:577][873]MaterialEditorStats: Texture samplers: 3/16
[2025.05.25-21.01.58:713][484]LogMaterial: Display: Missing cached shader map for material sound-boom, compiling. 
[2025.05.25-21.01.58:723][484]LogSlate: FSceneViewport::OnFocusLost() reason 0
[2025.05.25-21.01.58:735][486]LogShaderCompilers: Display: Worker (1/13): shaders left to compile 21
[2025.05.25-21.01.58:735][486]LogShaderCompilers: Display: Worker (2/13): shaders left to compile 20
[2025.05.25-21.01.58:735][486]LogShaderCompilers: Display: Worker (3/13): shaders left to compile 19
[2025.05.25-21.01.58:735][486]LogShaderCompilers: Display: Worker (4/13): shaders left to compile 18
[2025.05.25-21.01.58:735][486]LogShaderCompilers: Display: Worker (5/13): shaders left to compile 17
[2025.05.25-21.01.58:735][486]LogShaderCompilers: Display: Worker (6/13): shaders left to compile 16
[2025.05.25-21.01.58:735][486]LogShaderCompilers: Display: Worker (7/13): shaders left to compile 15
[2025.05.25-21.01.58:735][486]LogShaderCompilers: Display: Worker (8/13): shaders left to compile 14
[2025.05.25-21.01.58:735][486]LogShaderCompilers: Display: Worker (9/13): shaders left to compile 13
[2025.05.25-21.01.58:735][486]LogShaderCompilers: Display: Worker (10/13): shaders left to compile 12
[2025.05.25-21.01.58:735][486]LogShaderCompilers: Display: Worker (11/13): shaders left to compile 11
[2025.05.25-21.01.58:735][486]LogShaderCompilers: Display: Worker (12/13): shaders left to compile 10
[2025.05.25-21.01.58:882][498]LogShaderCompilers: Display: Worker (8/13): shaders left to compile 9
[2025.05.25-21.01.59:012][506]LogShaderCompilers: Display: Worker (9/13): shaders left to compile 8
[2025.05.25-21.01.59:012][506]LogShaderCompilers: Display: Worker (2/13): shaders left to compile 7
[2025.05.25-21.01.59:012][506]LogShaderCompilers: Display: Worker (3/13): shaders left to compile 6
[2025.05.25-21.01.59:038][507]LogShaderCompilers: Display: Worker (6/13): shaders left to compile 5
[2025.05.25-21.01.59:038][507]LogShaderCompilers: Display: Worker (5/13): shaders left to compile 4
[2025.05.25-21.01.59:038][507]LogShaderCompilers: Display: Worker (7/13): shaders left to compile 3
[2025.05.25-21.01.59:038][507]LogShaderCompilers: Display: Worker (1/13): shaders left to compile 2
[2025.05.25-21.01.59:038][507]LogShaderCompilers: Display: Worker (4/13): shaders left to compile 1
[2025.05.25-21.01.59:518][544]MaterialEditorStats: Base pass shader: 120 instructions
[2025.05.25-21.01.59:518][544]MaterialEditorStats: Base pass shader with Volumetric Lightmap: 194 instructions
[2025.05.25-21.01.59:518][544]MaterialEditorStats: Base pass vertex shader: 40 instructions
[2025.05.25-21.01.59:518][544]MaterialEditorStats: Texture samplers: 3/16
[2025.05.25-21.02.06:890][424]LogMaterial: Display: Missing cached shader map for material sound-boom, compiling. 
[2025.05.25-21.02.06:916][426]LogShaderCompilers: Display: Worker (1/13): shaders left to compile 21
[2025.05.25-21.02.06:916][426]LogShaderCompilers: Display: Worker (2/13): shaders left to compile 20
[2025.05.25-21.02.06:916][426]LogShaderCompilers: Display: Worker (3/13): shaders left to compile 19
[2025.05.25-21.02.06:916][426]LogShaderCompilers: Display: Worker (4/13): shaders left to compile 18
[2025.05.25-21.02.06:916][426]LogShaderCompilers: Display: Worker (5/13): shaders left to compile 17
[2025.05.25-21.02.06:916][426]LogShaderCompilers: Display: Worker (6/13): shaders left to compile 16
[2025.05.25-21.02.06:916][426]LogShaderCompilers: Display: Worker (7/13): shaders left to compile 15
[2025.05.25-21.02.06:916][426]LogShaderCompilers: Display: Worker (8/13): shaders left to compile 14
[2025.05.25-21.02.06:916][426]LogShaderCompilers: Display: Worker (9/13): shaders left to compile 13
[2025.05.25-21.02.06:916][426]LogShaderCompilers: Display: Worker (10/13): shaders left to compile 12
[2025.05.25-21.02.06:916][426]LogShaderCompilers: Display: Worker (11/13): shaders left to compile 11
[2025.05.25-21.02.06:916][426]LogShaderCompilers: Display: Worker (12/13): shaders left to compile 10
[2025.05.25-21.02.07:065][438]LogShaderCompilers: Display: Worker (8/13): shaders left to compile 9
[2025.05.25-21.02.07:191][445]LogShaderCompilers: Display: Worker (3/13): shaders left to compile 8
[2025.05.25-21.02.07:191][445]LogShaderCompilers: Display: Worker (9/13): shaders left to compile 7
[2025.05.25-21.02.07:206][446]LogShaderCompilers: Display: Worker (2/13): shaders left to compile 6
[2025.05.25-21.02.07:206][446]LogShaderCompilers: Display: Worker (6/13): shaders left to compile 5
[2025.05.25-21.02.07:223][447]LogShaderCompilers: Display: Worker (4/13): shaders left to compile 4
[2025.05.25-21.02.07:224][447]LogShaderCompilers: Display: Worker (5/13): shaders left to compile 3
[2025.05.25-21.02.07:224][447]LogShaderCompilers: Display: Worker (7/13): shaders left to compile 2
[2025.05.25-21.02.07:224][447]LogShaderCompilers: Display: Worker (1/13): shaders left to compile 1
[2025.05.25-21.02.07:684][484]MaterialEditorStats: Base pass shader: 120 instructions
[2025.05.25-21.02.07:684][484]MaterialEditorStats: Base pass shader with Volumetric Lightmap: 196 instructions
[2025.05.25-21.02.07:684][484]MaterialEditorStats: Base pass vertex shader: 40 instructions
[2025.05.25-21.02.07:684][484]MaterialEditorStats: Texture samplers: 3/16
[2025.05.25-21.02.09:838][738]LogMaterial: Display: Missing cached shader map for material sound-boom, compiling. 
[2025.05.25-21.02.09:860][740]LogShaderCompilers: Display: Worker (1/13): shaders left to compile 21
[2025.05.25-21.02.09:860][740]LogShaderCompilers: Display: Worker (2/13): shaders left to compile 20
[2025.05.25-21.02.09:860][740]LogShaderCompilers: Display: Worker (3/13): shaders left to compile 19
[2025.05.25-21.02.09:860][740]LogShaderCompilers: Display: Worker (4/13): shaders left to compile 18
[2025.05.25-21.02.09:860][740]LogShaderCompilers: Display: Worker (5/13): shaders left to compile 17
[2025.05.25-21.02.09:860][740]LogShaderCompilers: Display: Worker (6/13): shaders left to compile 16
[2025.05.25-21.02.09:860][740]LogShaderCompilers: Display: Worker (7/13): shaders left to compile 15
[2025.05.25-21.02.09:860][740]LogShaderCompilers: Display: Worker (8/13): shaders left to compile 14
[2025.05.25-21.02.09:860][740]LogShaderCompilers: Display: Worker (9/13): shaders left to compile 13
[2025.05.25-21.02.09:860][740]LogShaderCompilers: Display: Worker (10/13): shaders left to compile 12
[2025.05.25-21.02.09:860][740]LogShaderCompilers: Display: Worker (11/13): shaders left to compile 11
[2025.05.25-21.02.09:860][740]LogShaderCompilers: Display: Worker (12/13): shaders left to compile 10
[2025.05.25-21.02.10:005][751]LogShaderCompilers: Display: Worker (8/13): shaders left to compile 9
[2025.05.25-21.02.10:137][759]LogShaderCompilers: Display: Worker (2/13): shaders left to compile 8
[2025.05.25-21.02.10:151][760]LogShaderCompilers: Display: Worker (3/13): shaders left to compile 7
[2025.05.25-21.02.10:151][760]LogShaderCompilers: Display: Worker (4/13): shaders left to compile 6
[2025.05.25-21.02.10:151][760]LogShaderCompilers: Display: Worker (5/13): shaders left to compile 5
[2025.05.25-21.02.10:151][760]LogShaderCompilers: Display: Worker (7/13): shaders left to compile 4
[2025.05.25-21.02.10:169][761]LogShaderCompilers: Display: Worker (1/13): shaders left to compile 3
[2025.05.25-21.02.10:170][761]LogShaderCompilers: Display: Worker (6/13): shaders left to compile 2
[2025.05.25-21.02.10:170][761]LogShaderCompilers: Display: Worker (9/13): shaders left to compile 1
[2025.05.25-21.02.10:638][795]MaterialEditorStats: Base pass shader: 120 instructions
[2025.05.25-21.02.10:638][795]MaterialEditorStats: Base pass shader with Volumetric Lightmap: 194 instructions
[2025.05.25-21.02.10:638][795]MaterialEditorStats: Base pass vertex shader: 40 instructions
[2025.05.25-21.02.10:638][795]MaterialEditorStats: Texture samplers: 3/16
[2025.05.25-21.02.12:990][ 75]LogMaterialEditor: Applying material sound-boom
[2025.05.25-21.02.13:302][ 75]LogMaterial: Display: Missing cached shader map for material sound-boom, compiling. 
[2025.05.25-21.02.13:338][ 75]LogShaderCompilers: Display: Worker (1/13): shaders left to compile 21
[2025.05.25-21.02.13:338][ 75]LogShaderCompilers: Display: Worker (2/13): shaders left to compile 20
[2025.05.25-21.02.13:338][ 75]LogShaderCompilers: Display: Worker (3/13): shaders left to compile 19
[2025.05.25-21.02.13:338][ 75]LogShaderCompilers: Display: Worker (4/13): shaders left to compile 18
[2025.05.25-21.02.13:338][ 75]LogShaderCompilers: Display: Worker (5/13): shaders left to compile 17
[2025.05.25-21.02.13:338][ 75]LogShaderCompilers: Display: Worker (6/13): shaders left to compile 16
[2025.05.25-21.02.13:338][ 75]LogShaderCompilers: Display: Worker (7/13): shaders left to compile 15
[2025.05.25-21.02.13:338][ 75]LogShaderCompilers: Display: Worker (8/13): shaders left to compile 14
[2025.05.25-21.02.13:338][ 75]LogShaderCompilers: Display: Worker (9/13): shaders left to compile 13
[2025.05.25-21.02.13:338][ 75]LogShaderCompilers: Display: Worker (10/13): shaders left to compile 12
[2025.05.25-21.02.13:338][ 75]LogShaderCompilers: Display: Worker (11/13): shaders left to compile 11
[2025.05.25-21.02.13:338][ 75]LogShaderCompilers: Display: Worker (12/13): shaders left to compile 10
[2025.05.25-21.02.13:346][ 75]LogMaterial: Display: Missing cached shader map for material sound-boom, compiling. 
[2025.05.25-21.02.13:364][ 75]LogMaterial: Display: Missing cached shader map for material sound-boom, compiling. 
[2025.05.25-21.02.13:414][ 75]LogUObjectHash: Compacting FUObjectHashTables data took   4.40ms
[2025.05.25-21.02.13:424][ 75]LogMaterial: Display: Missing cached shader map for material DebugViewMode MaterialTexCoordScale, compiling. 
[2025.05.25-21.02.14:004][ 75]LogShaderCompilers: Display: Worker (8/13): shaders left to compile 33
[2025.05.25-21.02.14:004][ 75]LogShaderCompilers: Display: Worker (1/13): shaders left to compile 32
[2025.05.25-21.02.14:004][ 75]LogShaderCompilers: Display: Worker (3/13): shaders left to compile 31
[2025.05.25-21.02.14:004][ 75]LogShaderCompilers: Display: Worker (2/13): shaders left to compile 30
[2025.05.25-21.02.14:004][ 75]LogShaderCompilers: Display: Worker (4/13): shaders left to compile 29
[2025.05.25-21.02.14:004][ 75]LogShaderCompilers: Display: Worker (9/13): shaders left to compile 28
[2025.05.25-21.02.14:004][ 75]LogShaderCompilers: Display: Worker (6/13): shaders left to compile 27
[2025.05.25-21.02.14:004][ 75]LogShaderCompilers: Display: Worker (7/13): shaders left to compile 26
[2025.05.25-21.02.14:004][ 75]LogShaderCompilers: Display: Worker (5/13): shaders left to compile 25
[2025.05.25-21.02.14:004][ 75]LogShaderCompilers: Display: Worker (12/13): shaders left to compile 24
[2025.05.25-21.02.14:004][ 75]LogShaderCompilers: Display: Worker (10/13): shaders left to compile 23
[2025.05.25-21.02.14:005][ 75]LogShaderCompilers: Display: Worker (11/13): shaders left to compile 22
[2025.05.25-21.02.14:005][ 75]LogShaderCompilers: Display: Worker (12/13): shaders left to compile 20
[2025.05.25-21.02.14:005][ 75]LogShaderCompilers: Display: Worker (8/13): shaders left to compile 18
[2025.05.25-21.02.14:005][ 75]LogShaderCompilers: Display: Worker (9/13): shaders left to compile 16
[2025.05.25-21.02.14:005][ 75]LogShaderCompilers: Display: Worker (3/13): shaders left to compile 14
[2025.05.25-21.02.14:005][ 75]LogShaderCompilers: Display: Worker (5/13): shaders left to compile 12
[2025.05.25-21.02.14:005][ 75]LogShaderCompilers: Display: Worker (10/13): shaders left to compile 10
[2025.05.25-21.02.14:005][ 75]LogShaderCompilers: Display: Worker (6/13): shaders left to compile 9
[2025.05.25-21.02.14:007][ 75]TextureStreamingBuild: Display: Compiling optional shaders took 0.592 seconds.
[2025.05.25-21.02.14:043][ 75]LogUObjectHash: Compacting FUObjectHashTables data took   1.63ms
[2025.05.25-21.02.14:064][ 76]LogShaderCompilers: Display: Worker (1/13): shaders left to compile 8
[2025.05.25-21.02.14:064][ 76]LogShaderCompilers: Display: Worker (7/13): shaders left to compile 7
[2025.05.25-21.02.14:075][ 77]LogShaderCompilers: Display: Worker (2/13): shaders left to compile 6
[2025.05.25-21.02.14:097][ 79]LogShaderCompilers: Display: Worker (4/13): shaders left to compile 5
[2025.05.25-21.02.14:247][ 87]LogShaderCompilers: Display: Worker (9/13): shaders left to compile 4
[2025.05.25-21.02.14:280][ 89]LogShaderCompilers: Display: Worker (11/13): shaders left to compile 3
[2025.05.25-21.02.14:300][ 90]LogShaderCompilers: Display: Worker (12/13): shaders left to compile 2
[2025.05.25-21.02.14:382][ 95]LogShaderCompilers: Display: Worker (8/13): shaders left to compile 1
[2025.05.25-21.02.14:697][119]MaterialEditorStats: Base pass shader: 120 instructions
[2025.05.25-21.02.14:697][119]MaterialEditorStats: Base pass shader with Volumetric Lightmap: 194 instructions
[2025.05.25-21.02.14:697][119]MaterialEditorStats: Base pass vertex shader: 40 instructions
[2025.05.25-21.02.14:697][119]MaterialEditorStats: Texture samplers: 3/16
[2025.05.25-21.02.30:602][ 14]LogEditorTransaction: Undo Paste Component(s)
[2025.05.25-21.02.30:616][ 14]LogMaterial: Display: Missing cached shader map for material sound-boom, compiling. 
[2025.05.25-21.02.30:649][ 15]LogShaderCompilers: Display: Worker (1/13): shaders left to compile 21
[2025.05.25-21.02.30:649][ 15]LogShaderCompilers: Display: Worker (2/13): shaders left to compile 20
[2025.05.25-21.02.30:649][ 15]LogShaderCompilers: Display: Worker (3/13): shaders left to compile 19
[2025.05.25-21.02.30:649][ 15]LogShaderCompilers: Display: Worker (4/13): shaders left to compile 18
[2025.05.25-21.02.30:649][ 15]LogShaderCompilers: Display: Worker (5/13): shaders left to compile 17
[2025.05.25-21.02.30:649][ 15]LogShaderCompilers: Display: Worker (6/13): shaders left to compile 16
[2025.05.25-21.02.30:649][ 15]LogShaderCompilers: Display: Worker (7/13): shaders left to compile 15
[2025.05.25-21.02.30:649][ 15]LogShaderCompilers: Display: Worker (8/13): shaders left to compile 14
[2025.05.25-21.02.30:649][ 15]LogShaderCompilers: Display: Worker (9/13): shaders left to compile 13
[2025.05.25-21.02.30:649][ 15]LogShaderCompilers: Display: Worker (10/13): shaders left to compile 12
[2025.05.25-21.02.30:649][ 15]LogShaderCompilers: Display: Worker (11/13): shaders left to compile 11
[2025.05.25-21.02.30:649][ 15]LogShaderCompilers: Display: Worker (12/13): shaders left to compile 10
[2025.05.25-21.02.30:795][ 24]LogShaderCompilers: Display: Worker (8/13): shaders left to compile 9
[2025.05.25-21.02.30:932][ 29]LogShaderCompilers: Display: Worker (2/13): shaders left to compile 8
[2025.05.25-21.02.30:932][ 29]LogShaderCompilers: Display: Worker (9/13): shaders left to compile 7
[2025.05.25-21.02.30:932][ 29]LogShaderCompilers: Display: Worker (3/13): shaders left to compile 6
[2025.05.25-21.02.30:932][ 29]LogShaderCompilers: Display: Worker (4/13): shaders left to compile 5
[2025.05.25-21.02.30:932][ 29]LogShaderCompilers: Display: Worker (6/13): shaders left to compile 4
[2025.05.25-21.02.30:952][ 30]LogShaderCompilers: Display: Worker (5/13): shaders left to compile 3
[2025.05.25-21.02.30:955][ 31]LogShaderCompilers: Display: Worker (7/13): shaders left to compile 2
[2025.05.25-21.02.30:969][ 31]LogShaderCompilers: Display: Worker (1/13): shaders left to compile 1
[2025.05.25-21.02.31:512][ 72]MaterialEditorStats: Base pass shader: 120 instructions
[2025.05.25-21.02.31:512][ 72]MaterialEditorStats: Base pass shader with Volumetric Lightmap: 194 instructions
[2025.05.25-21.02.31:512][ 72]MaterialEditorStats: Base pass vertex shader: 40 instructions
[2025.05.25-21.02.31:512][ 72]MaterialEditorStats: Texture samplers: 3/16
[2025.05.25-21.02.37:271][752]LogEditorTransaction: Undo Modify Component(s)
[2025.05.25-21.02.37:277][752]LogMaterial: Display: Missing cached shader map for material sound-boom, compiling. 
[2025.05.25-21.02.37:308][753]LogShaderCompilers: Display: Worker (1/13): shaders left to compile 21
[2025.05.25-21.02.37:308][753]LogShaderCompilers: Display: Worker (2/13): shaders left to compile 20
[2025.05.25-21.02.37:308][753]LogShaderCompilers: Display: Worker (3/13): shaders left to compile 19
[2025.05.25-21.02.37:308][753]LogShaderCompilers: Display: Worker (4/13): shaders left to compile 18
[2025.05.25-21.02.37:308][753]LogShaderCompilers: Display: Worker (5/13): shaders left to compile 17
[2025.05.25-21.02.37:308][753]LogShaderCompilers: Display: Worker (6/13): shaders left to compile 16
[2025.05.25-21.02.37:308][753]LogShaderCompilers: Display: Worker (7/13): shaders left to compile 15
[2025.05.25-21.02.37:308][753]LogShaderCompilers: Display: Worker (8/13): shaders left to compile 14
[2025.05.25-21.02.37:308][753]LogShaderCompilers: Display: Worker (9/13): shaders left to compile 13
[2025.05.25-21.02.37:308][753]LogShaderCompilers: Display: Worker (10/13): shaders left to compile 12
[2025.05.25-21.02.37:308][753]LogShaderCompilers: Display: Worker (11/13): shaders left to compile 11
[2025.05.25-21.02.37:308][753]LogShaderCompilers: Display: Worker (12/13): shaders left to compile 10
[2025.05.25-21.02.37:451][762]LogShaderCompilers: Display: Worker (8/13): shaders left to compile 9
[2025.05.25-21.02.37:577][767]LogShaderCompilers: Display: Worker (3/13): shaders left to compile 8
[2025.05.25-21.02.37:577][767]LogShaderCompilers: Display: Worker (4/13): shaders left to compile 7
[2025.05.25-21.02.37:577][767]LogShaderCompilers: Display: Worker (1/13): shaders left to compile 6
[2025.05.25-21.02.37:577][767]LogShaderCompilers: Display: Worker (9/13): shaders left to compile 5
[2025.05.25-21.02.37:593][768]LogShaderCompilers: Display: Worker (2/13): shaders left to compile 4
[2025.05.25-21.02.37:593][768]LogShaderCompilers: Display: Worker (6/13): shaders left to compile 3
[2025.05.25-21.02.37:593][768]LogShaderCompilers: Display: Worker (7/13): shaders left to compile 2
[2025.05.25-21.02.37:594][768]LogShaderCompilers: Display: Worker (5/13): shaders left to compile 1
[2025.05.25-21.02.38:060][804]MaterialEditorStats: Base pass shader: 120 instructions
[2025.05.25-21.02.38:060][804]MaterialEditorStats: Base pass shader with Volumetric Lightmap: 194 instructions
[2025.05.25-21.02.38:060][804]MaterialEditorStats: Base pass vertex shader: 40 instructions
[2025.05.25-21.02.38:060][804]MaterialEditorStats: Texture samplers: 3/16
[2025.05.25-21.02.41:902][257]LogSlate: FSceneViewport::OnFocusLost() reason 0
[2025.05.25-21.02.48:115][987]LogSlate: FSceneViewport::OnFocusLost() reason 0
[2025.05.25-21.02.48:248][  3]BlueprintLog: New page: Compile projectile-sound
[2025.05.25-21.02.48:248][  3]LogUObjectHash: Warning: Ambiguous search, could be StaticMeshComponent /Engine/Transient.Sphere_GEN_VARIABLE or StaticMeshComponent /Engine/Transient.Sphere_GEN_VARIABLE
[2025.05.25-21.02.48:428][  3]LogUObjectHash: Compacting FUObjectHashTables data took   3.20ms
[2025.05.25-21.02.50:537][245]LogSlate: FSceneViewport::OnFocusLost() reason 0
[2025.05.25-21.02.50:604][253]LogTemp: Repeating last play command: Selected Viewport
[2025.05.25-21.02.50:619][253]LogBlueprintUserMessages: Early PlayInEditor Detection: Level '/Game/2DSideScrollerBP/Maps/2DSideScrollerExampleMap.2DSideScrollerExampleMap:PersistentLevel' has LevelScriptBlueprint '/Game/2DSideScrollerBP/Maps/2DSideScrollerExampleMap.2DSideScrollerExampleMap:PersistentLevel.2DSideScrollerExampleMap' with GeneratedClass '/Game/2DSideScrollerBP/Maps/2DSideScrollerExampleMap.2DSideScrollerExampleMap_C' with ClassGeneratedBy '/Game/2DSideScrollerBP/Maps/2DSideScrollerExampleMap.2DSideScrollerExampleMap:PersistentLevel.2DSideScrollerExampleMap'
[2025.05.25-21.02.50:619][253]LogPlayLevel: PlayLevel: No blueprints needed recompiling
[2025.05.25-21.02.50:620][253]PIE: New page: PIE session: 2DSideScrollerExampleMap (25 May 2025 23:02:50)
[2025.05.25-21.02.50:620][253]LogPlayLevel: Creating play world package: /Game/2DSideScrollerBP/Maps/UEDPIE_0_2DSideScrollerExampleMap
[2025.05.25-21.02.50:622][253]LogPlayLevel: PIE: StaticDuplicateObject took: (0.002028s)
[2025.05.25-21.02.50:622][253]LogAIModule: Creating AISystem for world 2DSideScrollerExampleMap
[2025.05.25-21.02.50:622][253]LogPlayLevel: PIE: World Init took: (0.000634s)
[2025.05.25-21.02.50:622][253]LogPlayLevel: PIE: Created PIE world by copying editor world from /Game/2DSideScrollerBP/Maps/2DSideScrollerExampleMap.2DSideScrollerExampleMap to /Game/2DSideScrollerBP/Maps/UEDPIE_0_2DSideScrollerExampleMap.2DSideScrollerExampleMap (0.002761s)
[2025.05.25-21.02.50:648][253]LogUObjectHash: Compacting FUObjectHashTables data took   2.89ms
[2025.05.25-21.02.50:661][253]LogInit: XAudio2 using 'Headphones (Soundcore Q30)' : 2 channels at 48 kHz using 16 bits per sample (channel mask 0x3)
[2025.05.25-21.02.50:676][253]LogInit: FAudioDevice initialized.
[2025.05.25-21.02.50:682][253]LogLoad: Game class is '2DSideScrollerGameMode_C'
[2025.05.25-21.02.50:683][253]LogWorld: Bringing World /Game/2DSideScrollerBP/Maps/UEDPIE_0_2DSideScrollerExampleMap.2DSideScrollerExampleMap up for play (max tick rate 0) at 2025.05.25-22.02.50
[2025.05.25-21.02.50:684][253]LogWorld: Bringing up level for play took: 0.000616
[2025.05.25-21.02.50:684][253]LogOnline: OSS: Creating online subsystem instance for: :Context_10
[2025.05.25-21.02.50:685][253]PIE: Play in editor start time for /Game/2DSideScrollerBP/Maps/UEDPIE_0_2DSideScrollerExampleMap -0.36
[2025.05.25-21.02.50:685][253]LogBlueprintUserMessages: Late PlayInEditor Detection: Level '/Game/2DSideScrollerBP/Maps/2DSideScrollerExampleMap.2DSideScrollerExampleMap:PersistentLevel' has LevelScriptBlueprint '/Game/2DSideScrollerBP/Maps/2DSideScrollerExampleMap.2DSideScrollerExampleMap:PersistentLevel.2DSideScrollerExampleMap' with GeneratedClass '/Game/2DSideScrollerBP/Maps/2DSideScrollerExampleMap.2DSideScrollerExampleMap_C' with ClassGeneratedBy '/Game/2DSideScrollerBP/Maps/2DSideScrollerExampleMap.2DSideScrollerExampleMap:PersistentLevel.2DSideScrollerExampleMap'
[2025.05.25-21.02.52:322][448]LogSlate: FSceneViewport::OnFocusLost() reason 0
[2025.05.25-21.02.56:864][993]LogBlueprintUserMessages: Early EndPlayMap Detection: Level '/Game/2DSideScrollerBP/Maps/2DSideScrollerExampleMap.2DSideScrollerExampleMap:PersistentLevel' has LevelScriptBlueprint '/Game/2DSideScrollerBP/Maps/2DSideScrollerExampleMap.2DSideScrollerExampleMap:PersistentLevel.2DSideScrollerExampleMap' with GeneratedClass '/Game/2DSideScrollerBP/Maps/2DSideScrollerExampleMap.2DSideScrollerExampleMap_C' with ClassGeneratedBy '/Game/2DSideScrollerBP/Maps/2DSideScrollerExampleMap.2DSideScrollerExampleMap:PersistentLevel.2DSideScrollerExampleMap'
[2025.05.25-21.02.56:864][993]LogSlate: Updating window title bar state: overlay mode, drag disabled, window buttons hidden, title bar hidden
[2025.05.25-21.02.56:864][993]LogWorld: BeginTearingDown for /Game/2DSideScrollerBP/Maps/UEDPIE_0_2DSideScrollerExampleMap
[2025.05.25-21.02.56:864][993]LogWorld: UWorld::CleanupWorld for 2DSideScrollerExampleMap, bSessionEnded=true, bCleanupResources=true
[2025.05.25-21.02.56:874][993]LogPlayLevel: Display: Shutting down PIE online subsystems
[2025.05.25-21.02.56:874][993]LogBlueprintUserMessages: Late EndPlayMap Detection: Level '/Game/2DSideScrollerBP/Maps/2DSideScrollerExampleMap.2DSideScrollerExampleMap:PersistentLevel' has LevelScriptBlueprint '/Game/2DSideScrollerBP/Maps/2DSideScrollerExampleMap.2DSideScrollerExampleMap:PersistentLevel.2DSideScrollerExampleMap' with GeneratedClass '/Game/2DSideScrollerBP/Maps/2DSideScrollerExampleMap.2DSideScrollerExampleMap_C' with ClassGeneratedBy '/Game/2DSideScrollerBP/Maps/2DSideScrollerExampleMap.2DSideScrollerExampleMap:PersistentLevel.2DSideScrollerExampleMap'
[2025.05.25-21.02.56:902][993]LogSlate: Updating window title bar state: overlay mode, drag disabled, window buttons hidden, title bar hidden
[2025.05.25-21.02.56:905][993]LogUObjectHash: Compacting FUObjectHashTables data took   2.37ms
[2025.05.25-21.02.56:972][999]LogPlayLevel: Display: Destroying online subsystem :Context_10
[2025.05.25-21.02.57:772][ 93]LogSlate: FSceneViewport::OnFocusLost() reason 0
[2025.05.25-21.03.03:864][813]LogSlate: FSceneViewport::OnFocusLost() reason 0
[2025.05.25-21.03.16:639][333]LogSlate: FSceneViewport::OnFocusLost() reason 0
[2025.05.25-21.03.19:004][613]BlueprintLog: New page: Compile projectile-sound
[2025.05.25-21.03.19:165][613]LogUObjectHash: Compacting FUObjectHashTables data took   2.78ms
[2025.05.25-21.03.20:640][781]LogTemp: Repeating last play command: Selected Viewport
[2025.05.25-21.03.20:656][781]LogBlueprintUserMessages: Early PlayInEditor Detection: Level '/Game/2DSideScrollerBP/Maps/2DSideScrollerExampleMap.2DSideScrollerExampleMap:PersistentLevel' has LevelScriptBlueprint '/Game/2DSideScrollerBP/Maps/2DSideScrollerExampleMap.2DSideScrollerExampleMap:PersistentLevel.2DSideScrollerExampleMap' with GeneratedClass '/Game/2DSideScrollerBP/Maps/2DSideScrollerExampleMap.2DSideScrollerExampleMap_C' with ClassGeneratedBy '/Game/2DSideScrollerBP/Maps/2DSideScrollerExampleMap.2DSideScrollerExampleMap:PersistentLevel.2DSideScrollerExampleMap'
[2025.05.25-21.03.20:656][781]LogPlayLevel: PlayLevel: No blueprints needed recompiling
[2025.05.25-21.03.20:656][781]PIE: New page: PIE session: 2DSideScrollerExampleMap (25 May 2025 23:03:20)
[2025.05.25-21.03.20:657][781]LogPlayLevel: Creating play world package: /Game/2DSideScrollerBP/Maps/UEDPIE_0_2DSideScrollerExampleMap
[2025.05.25-21.03.20:659][781]LogPlayLevel: PIE: StaticDuplicateObject took: (0.001996s)
[2025.05.25-21.03.20:659][781]LogAIModule: Creating AISystem for world 2DSideScrollerExampleMap
[2025.05.25-21.03.20:659][781]LogPlayLevel: PIE: World Init took: (0.000640s)
[2025.05.25-21.03.20:659][781]LogPlayLevel: PIE: Created PIE world by copying editor world from /Game/2DSideScrollerBP/Maps/2DSideScrollerExampleMap.2DSideScrollerExampleMap to /Game/2DSideScrollerBP/Maps/UEDPIE_0_2DSideScrollerExampleMap.2DSideScrollerExampleMap (0.002733s)
[2025.05.25-21.03.20:688][781]LogUObjectHash: Compacting FUObjectHashTables data took   2.80ms
[2025.05.25-21.03.20:701][781]LogInit: XAudio2 using 'Headphones (Soundcore Q30)' : 2 channels at 48 kHz using 16 bits per sample (channel mask 0x3)
[2025.05.25-21.03.20:716][781]LogInit: FAudioDevice initialized.
[2025.05.25-21.03.20:724][781]LogLoad: Game class is '2DSideScrollerGameMode_C'
[2025.05.25-21.03.20:725][781]LogWorld: Bringing World /Game/2DSideScrollerBP/Maps/UEDPIE_0_2DSideScrollerExampleMap.2DSideScrollerExampleMap up for play (max tick rate 0) at 2025.05.25-22.03.20
[2025.05.25-21.03.20:725][781]LogWorld: Bringing up level for play took: 0.000614
[2025.05.25-21.03.20:725][781]LogOnline: OSS: Creating online subsystem instance for: :Context_11
[2025.05.25-21.03.20:727][781]PIE: Play in editor start time for /Game/2DSideScrollerBP/Maps/UEDPIE_0_2DSideScrollerExampleMap -0.318
[2025.05.25-21.03.20:727][781]LogBlueprintUserMessages: Late PlayInEditor Detection: Level '/Game/2DSideScrollerBP/Maps/2DSideScrollerExampleMap.2DSideScrollerExampleMap:PersistentLevel' has LevelScriptBlueprint '/Game/2DSideScrollerBP/Maps/2DSideScrollerExampleMap.2DSideScrollerExampleMap:PersistentLevel.2DSideScrollerExampleMap' with GeneratedClass '/Game/2DSideScrollerBP/Maps/2DSideScrollerExampleMap.2DSideScrollerExampleMap_C' with ClassGeneratedBy '/Game/2DSideScrollerBP/Maps/2DSideScrollerExampleMap.2DSideScrollerExampleMap:PersistentLevel.2DSideScrollerExampleMap'
[2025.05.25-21.03.23:609][126]LogBlueprintUserMessages: Early EndPlayMap Detection: Level '/Game/2DSideScrollerBP/Maps/2DSideScrollerExampleMap.2DSideScrollerExampleMap:PersistentLevel' has LevelScriptBlueprint '/Game/2DSideScrollerBP/Maps/2DSideScrollerExampleMap.2DSideScrollerExampleMap:PersistentLevel.2DSideScrollerExampleMap' with GeneratedClass '/Game/2DSideScrollerBP/Maps/2DSideScrollerExampleMap.2DSideScrollerExampleMap_C' with ClassGeneratedBy '/Game/2DSideScrollerBP/Maps/2DSideScrollerExampleMap.2DSideScrollerExampleMap:PersistentLevel.2DSideScrollerExampleMap'
[2025.05.25-21.03.23:609][126]LogSlate: Updating window title bar state: overlay mode, drag disabled, window buttons hidden, title bar hidden
[2025.05.25-21.03.23:609][126]LogWorld: BeginTearingDown for /Game/2DSideScrollerBP/Maps/UEDPIE_0_2DSideScrollerExampleMap
[2025.05.25-21.03.23:610][126]LogWorld: UWorld::CleanupWorld for 2DSideScrollerExampleMap, bSessionEnded=true, bCleanupResources=true
[2025.05.25-21.03.23:614][126]LogPlayLevel: Display: Shutting down PIE online subsystems
[2025.05.25-21.03.23:614][126]LogBlueprintUserMessages: Late EndPlayMap Detection: Level '/Game/2DSideScrollerBP/Maps/2DSideScrollerExampleMap.2DSideScrollerExampleMap:PersistentLevel' has LevelScriptBlueprint '/Game/2DSideScrollerBP/Maps/2DSideScrollerExampleMap.2DSideScrollerExampleMap:PersistentLevel.2DSideScrollerExampleMap' with GeneratedClass '/Game/2DSideScrollerBP/Maps/2DSideScrollerExampleMap.2DSideScrollerExampleMap_C' with ClassGeneratedBy '/Game/2DSideScrollerBP/Maps/2DSideScrollerExampleMap.2DSideScrollerExampleMap:PersistentLevel.2DSideScrollerExampleMap'
[2025.05.25-21.03.23:644][126]LogSlate: Updating window title bar state: overlay mode, drag disabled, window buttons hidden, title bar hidden
[2025.05.25-21.03.23:648][126]LogUObjectHash: Compacting FUObjectHashTables data took   2.57ms
[2025.05.25-21.03.23:714][132]LogPlayLevel: Display: Destroying online subsystem :Context_11
[2025.05.25-21.03.25:001][284]LogSlate: FSceneViewport::OnFocusLost() reason 0
[2025.05.25-21.03.26:814][501]LogEditorTransaction: Undo Modify Component(s)
[2025.05.25-21.03.26:820][501]LogMaterial: Display: Missing cached shader map for material sound-boom, compiling. 
[2025.05.25-21.03.26:851][502]LogShaderCompilers: Display: Worker (1/13): shaders left to compile 21
[2025.05.25-21.03.26:851][502]LogShaderCompilers: Display: Worker (2/13): shaders left to compile 20
[2025.05.25-21.03.26:851][502]LogShaderCompilers: Display: Worker (3/13): shaders left to compile 19
[2025.05.25-21.03.26:851][502]LogShaderCompilers: Display: Worker (4/13): shaders left to compile 18
[2025.05.25-21.03.26:851][502]LogShaderCompilers: Display: Worker (5/13): shaders left to compile 17
[2025.05.25-21.03.26:851][502]LogShaderCompilers: Display: Worker (6/13): shaders left to compile 16
[2025.05.25-21.03.26:851][502]LogShaderCompilers: Display: Worker (7/13): shaders left to compile 15
[2025.05.25-21.03.26:851][502]LogShaderCompilers: Display: Worker (8/13): shaders left to compile 14
[2025.05.25-21.03.26:851][502]LogShaderCompilers: Display: Worker (9/13): shaders left to compile 13
[2025.05.25-21.03.26:851][502]LogShaderCompilers: Display: Worker (10/13): shaders left to compile 12
[2025.05.25-21.03.26:851][502]LogShaderCompilers: Display: Worker (11/13): shaders left to compile 11
[2025.05.25-21.03.26:851][502]LogShaderCompilers: Display: Worker (12/13): shaders left to compile 10
[2025.05.25-21.03.27:117][520]LogShaderCompilers: Display: Worker (8/13): shaders left to compile 9
[2025.05.25-21.03.27:259][526]LogShaderCompilers: Display: Worker (3/13): shaders left to compile 8
[2025.05.25-21.03.27:259][526]LogShaderCompilers: Display: Worker (2/13): shaders left to compile 7
[2025.05.25-21.03.27:259][526]LogShaderCompilers: Display: Worker (9/13): shaders left to compile 6
[2025.05.25-21.03.27:259][526]LogShaderCompilers: Display: Worker (1/13): shaders left to compile 5
[2025.05.25-21.03.27:259][526]LogShaderCompilers: Display: Worker (4/13): shaders left to compile 4
[2025.05.25-21.03.27:259][526]LogShaderCompilers: Display: Worker (5/13): shaders left to compile 3
[2025.05.25-21.03.27:275][527]LogShaderCompilers: Display: Worker (6/13): shaders left to compile 2
[2025.05.25-21.03.27:275][527]LogShaderCompilers: Display: Worker (7/13): shaders left to compile 1
[2025.05.25-21.03.27:789][568]MaterialEditorStats: Base pass shader: 120 instructions
[2025.05.25-21.03.27:789][568]MaterialEditorStats: Base pass shader with Volumetric Lightmap: 194 instructions
[2025.05.25-21.03.27:789][568]MaterialEditorStats: Base pass vertex shader: 40 instructions
[2025.05.25-21.03.27:789][568]MaterialEditorStats: Texture samplers: 3/16
[2025.05.25-21.03.28:979][706]LogSlate: FSceneViewport::OnFocusLost() reason 0
[2025.05.25-21.03.33:368][224]LogSlate: FSceneViewport::OnFocusLost() reason 0
[2025.05.25-21.03.43:435][425]LogSlate: FSceneViewport::OnFocusLost() reason 0
[2025.05.25-21.03.47:952][962]LogSlate: FSceneViewport::OnFocusLost() reason 0
[2025.05.25-21.03.56:903][ 29]BlueprintLog: New page: Compile projectile-sound
[2025.05.25-21.03.57:080][ 29]LogUObjectHash: Compacting FUObjectHashTables data took   2.67ms
[2025.05.25-21.03.57:982][128]LogTemp: Repeating last play command: Selected Viewport
[2025.05.25-21.03.57:996][128]LogBlueprintUserMessages: Early PlayInEditor Detection: Level '/Game/2DSideScrollerBP/Maps/2DSideScrollerExampleMap.2DSideScrollerExampleMap:PersistentLevel' has LevelScriptBlueprint '/Game/2DSideScrollerBP/Maps/2DSideScrollerExampleMap.2DSideScrollerExampleMap:PersistentLevel.2DSideScrollerExampleMap' with GeneratedClass '/Game/2DSideScrollerBP/Maps/2DSideScrollerExampleMap.2DSideScrollerExampleMap_C' with ClassGeneratedBy '/Game/2DSideScrollerBP/Maps/2DSideScrollerExampleMap.2DSideScrollerExampleMap:PersistentLevel.2DSideScrollerExampleMap'
[2025.05.25-21.03.57:996][128]LogPlayLevel: PlayLevel: No blueprints needed recompiling
[2025.05.25-21.03.57:996][128]PIE: New page: PIE session: 2DSideScrollerExampleMap (25 May 2025 23:03:57)
[2025.05.25-21.03.57:997][128]LogPlayLevel: Creating play world package: /Game/2DSideScrollerBP/Maps/UEDPIE_0_2DSideScrollerExampleMap
[2025.05.25-21.03.57:999][128]LogPlayLevel: PIE: StaticDuplicateObject took: (0.001987s)
[2025.05.25-21.03.57:999][128]LogAIModule: Creating AISystem for world 2DSideScrollerExampleMap
[2025.05.25-21.03.57:999][128]LogPlayLevel: PIE: World Init took: (0.000620s)
[2025.05.25-21.03.57:999][128]LogPlayLevel: PIE: Created PIE world by copying editor world from /Game/2DSideScrollerBP/Maps/2DSideScrollerExampleMap.2DSideScrollerExampleMap to /Game/2DSideScrollerBP/Maps/UEDPIE_0_2DSideScrollerExampleMap.2DSideScrollerExampleMap (0.002702s)
[2025.05.25-21.03.58:028][128]LogUObjectHash: Compacting FUObjectHashTables data took   2.80ms
[2025.05.25-21.03.58:040][128]LogInit: XAudio2 using 'Headphones (Soundcore Q30)' : 2 channels at 48 kHz using 16 bits per sample (channel mask 0x3)
[2025.05.25-21.03.58:055][128]LogInit: FAudioDevice initialized.
[2025.05.25-21.03.58:064][128]LogLoad: Game class is '2DSideScrollerGameMode_C'
[2025.05.25-21.03.58:065][128]LogWorld: Bringing World /Game/2DSideScrollerBP/Maps/UEDPIE_0_2DSideScrollerExampleMap.2DSideScrollerExampleMap up for play (max tick rate 0) at 2025.05.25-22.03.58
[2025.05.25-21.03.58:065][128]LogWorld: Bringing up level for play took: 0.000622
[2025.05.25-21.03.58:066][128]LogOnline: OSS: Creating online subsystem instance for: :Context_12
[2025.05.25-21.03.58:067][128]PIE: Play in editor start time for /Game/2DSideScrollerBP/Maps/UEDPIE_0_2DSideScrollerExampleMap 1.022
[2025.05.25-21.03.58:067][128]LogBlueprintUserMessages: Late PlayInEditor Detection: Level '/Game/2DSideScrollerBP/Maps/2DSideScrollerExampleMap.2DSideScrollerExampleMap:PersistentLevel' has LevelScriptBlueprint '/Game/2DSideScrollerBP/Maps/2DSideScrollerExampleMap.2DSideScrollerExampleMap:PersistentLevel.2DSideScrollerExampleMap' with GeneratedClass '/Game/2DSideScrollerBP/Maps/2DSideScrollerExampleMap.2DSideScrollerExampleMap_C' with ClassGeneratedBy '/Game/2DSideScrollerBP/Maps/2DSideScrollerExampleMap.2DSideScrollerExampleMap:PersistentLevel.2DSideScrollerExampleMap'
[2025.05.25-21.04.03:591][790]LogBlueprintUserMessages: Early EndPlayMap Detection: Level '/Game/2DSideScrollerBP/Maps/2DSideScrollerExampleMap.2DSideScrollerExampleMap:PersistentLevel' has LevelScriptBlueprint '/Game/2DSideScrollerBP/Maps/2DSideScrollerExampleMap.2DSideScrollerExampleMap:PersistentLevel.2DSideScrollerExampleMap' with GeneratedClass '/Game/2DSideScrollerBP/Maps/2DSideScrollerExampleMap.2DSideScrollerExampleMap_C' with ClassGeneratedBy '/Game/2DSideScrollerBP/Maps/2DSideScrollerExampleMap.2DSideScrollerExampleMap:PersistentLevel.2DSideScrollerExampleMap'
[2025.05.25-21.04.03:591][790]LogSlate: Updating window title bar state: overlay mode, drag disabled, window buttons hidden, title bar hidden
[2025.05.25-21.04.03:591][790]LogWorld: BeginTearingDown for /Game/2DSideScrollerBP/Maps/UEDPIE_0_2DSideScrollerExampleMap
[2025.05.25-21.04.03:591][790]LogWorld: UWorld::CleanupWorld for 2DSideScrollerExampleMap, bSessionEnded=true, bCleanupResources=true
[2025.05.25-21.04.03:597][790]LogPlayLevel: Display: Shutting down PIE online subsystems
[2025.05.25-21.04.03:597][790]LogBlueprintUserMessages: Late EndPlayMap Detection: Level '/Game/2DSideScrollerBP/Maps/2DSideScrollerExampleMap.2DSideScrollerExampleMap:PersistentLevel' has LevelScriptBlueprint '/Game/2DSideScrollerBP/Maps/2DSideScrollerExampleMap.2DSideScrollerExampleMap:PersistentLevel.2DSideScrollerExampleMap' with GeneratedClass '/Game/2DSideScrollerBP/Maps/2DSideScrollerExampleMap.2DSideScrollerExampleMap_C' with ClassGeneratedBy '/Game/2DSideScrollerBP/Maps/2DSideScrollerExampleMap.2DSideScrollerExampleMap:PersistentLevel.2DSideScrollerExampleMap'
[2025.05.25-21.04.03:628][790]LogSlate: Updating window title bar state: overlay mode, drag disabled, window buttons hidden, title bar hidden
[2025.05.25-21.04.03:631][790]LogUObjectHash: Compacting FUObjectHashTables data took   2.41ms
[2025.05.25-21.04.03:696][796]LogPlayLevel: Display: Destroying online subsystem :Context_12
[2025.05.25-21.04.04:365][875]LogSlate: FSceneViewport::OnFocusLost() reason 0
[2025.05.25-21.04.05:745][ 33]LogSlate: FSceneViewport::OnFocusLost() reason 0
[2025.05.25-21.04.10:963][653]LogMaterial: Display: Missing cached shader map for material sound-boom, compiling. 
[2025.05.25-21.04.10:980][654]LogShaderCompilers: Display: Worker (1/13): shaders left to compile 21
[2025.05.25-21.04.10:980][654]LogShaderCompilers: Display: Worker (2/13): shaders left to compile 20
[2025.05.25-21.04.10:980][654]LogShaderCompilers: Display: Worker (3/13): shaders left to compile 19
[2025.05.25-21.04.10:980][654]LogShaderCompilers: Display: Worker (4/13): shaders left to compile 18
[2025.05.25-21.04.10:980][654]LogShaderCompilers: Display: Worker (5/13): shaders left to compile 17
[2025.05.25-21.04.10:980][654]LogShaderCompilers: Display: Worker (6/13): shaders left to compile 16
[2025.05.25-21.04.10:980][654]LogShaderCompilers: Display: Worker (7/13): shaders left to compile 15
[2025.05.25-21.04.10:980][654]LogShaderCompilers: Display: Worker (8/13): shaders left to compile 14
[2025.05.25-21.04.10:980][654]LogShaderCompilers: Display: Worker (9/13): shaders left to compile 13
[2025.05.25-21.04.10:980][654]LogShaderCompilers: Display: Worker (10/13): shaders left to compile 12
[2025.05.25-21.04.10:980][654]LogShaderCompilers: Display: Worker (11/13): shaders left to compile 11
[2025.05.25-21.04.10:980][654]LogShaderCompilers: Display: Worker (12/13): shaders left to compile 10
[2025.05.25-21.04.11:258][678]LogShaderCompilers: Display: Worker (8/13): shaders left to compile 9
[2025.05.25-21.04.11:386][686]LogShaderCompilers: Display: Worker (3/13): shaders left to compile 8
[2025.05.25-21.04.11:386][686]LogShaderCompilers: Display: Worker (1/13): shaders left to compile 7
[2025.05.25-21.04.11:386][686]LogShaderCompilers: Display: Worker (9/13): shaders left to compile 6
[2025.05.25-21.04.11:403][687]LogShaderCompilers: Display: Worker (2/13): shaders left to compile 5
[2025.05.25-21.04.11:403][687]LogShaderCompilers: Display: Worker (4/13): shaders left to compile 4
[2025.05.25-21.04.11:412][688]LogShaderCompilers: Display: Worker (5/13): shaders left to compile 3
[2025.05.25-21.04.11:412][688]LogShaderCompilers: Display: Worker (7/13): shaders left to compile 2
[2025.05.25-21.04.11:412][688]LogShaderCompilers: Display: Worker (6/13): shaders left to compile 1
[2025.05.25-21.04.11:895][727]MaterialEditorStats: Base pass shader: 121 instructions
[2025.05.25-21.04.11:895][727]MaterialEditorStats: Base pass shader with Volumetric Lightmap: 195 instructions
[2025.05.25-21.04.11:895][727]MaterialEditorStats: Base pass vertex shader: 40 instructions
[2025.05.25-21.04.11:895][727]MaterialEditorStats: Texture samplers: 3/16
[2025.05.25-21.04.16:074][221]LogMaterial: Display: Missing cached shader map for material sound-boom, compiling. 
[2025.05.25-21.04.16:085][221]LogMaterial: Display: Missing cached shader map for material sound-boom, compiling. 
[2025.05.25-21.04.16:105][222]LogShaderCompilers: Display: Worker (1/13): shaders left to compile 21
[2025.05.25-21.04.16:105][222]LogShaderCompilers: Display: Worker (2/13): shaders left to compile 20
[2025.05.25-21.04.16:105][222]LogShaderCompilers: Display: Worker (3/13): shaders left to compile 19
[2025.05.25-21.04.16:105][222]LogShaderCompilers: Display: Worker (4/13): shaders left to compile 18
[2025.05.25-21.04.16:105][222]LogShaderCompilers: Display: Worker (5/13): shaders left to compile 17
[2025.05.25-21.04.16:105][222]LogShaderCompilers: Display: Worker (6/13): shaders left to compile 16
[2025.05.25-21.04.16:105][222]LogShaderCompilers: Display: Worker (7/13): shaders left to compile 15
[2025.05.25-21.04.16:105][222]LogShaderCompilers: Display: Worker (8/13): shaders left to compile 14
[2025.05.25-21.04.16:105][222]LogShaderCompilers: Display: Worker (9/13): shaders left to compile 13
[2025.05.25-21.04.16:105][222]LogShaderCompilers: Display: Worker (10/13): shaders left to compile 12
[2025.05.25-21.04.16:105][222]LogShaderCompilers: Display: Worker (11/13): shaders left to compile 11
[2025.05.25-21.04.16:105][222]LogShaderCompilers: Display: Worker (12/13): shaders left to compile 10
[2025.05.25-21.04.16:239][233]LogShaderCompilers: Display: Worker (8/13): shaders left to compile 9
[2025.05.25-21.04.16:377][240]LogShaderCompilers: Display: Worker (9/13): shaders left to compile 8
[2025.05.25-21.04.16:377][240]LogShaderCompilers: Display: Worker (3/13): shaders left to compile 7
[2025.05.25-21.04.16:392][241]LogShaderCompilers: Display: Worker (5/13): shaders left to compile 6
[2025.05.25-21.04.16:392][241]LogShaderCompilers: Display: Worker (2/13): shaders left to compile 5
[2025.05.25-21.04.16:392][241]LogShaderCompilers: Display: Worker (1/13): shaders left to compile 4
[2025.05.25-21.04.16:409][242]LogShaderCompilers: Display: Worker (4/13): shaders left to compile 3
[2025.05.25-21.04.16:409][242]LogShaderCompilers: Display: Worker (7/13): shaders left to compile 2
[2025.05.25-21.04.16:409][242]LogShaderCompilers: Display: Worker (6/13): shaders left to compile 1
[2025.05.25-21.04.16:883][279]MaterialEditorStats: Base pass shader: 121 instructions
[2025.05.25-21.04.16:883][279]MaterialEditorStats: Base pass shader with Volumetric Lightmap: 195 instructions
[2025.05.25-21.04.16:883][279]MaterialEditorStats: Base pass vertex shader: 40 instructions
[2025.05.25-21.04.16:883][279]MaterialEditorStats: Texture samplers: 3/16
[2025.05.25-21.04.18:169][433]LogMaterial: Display: Missing cached shader map for material sound-boom, compiling. 
[2025.05.25-21.04.18:181][433]LogMaterial: Display: Missing cached shader map for material sound-boom, compiling. 
[2025.05.25-21.04.18:199][434]LogShaderCompilers: Display: Worker (1/13): shaders left to compile 21
[2025.05.25-21.04.18:199][434]LogShaderCompilers: Display: Worker (2/13): shaders left to compile 20
[2025.05.25-21.04.18:199][434]LogShaderCompilers: Display: Worker (3/13): shaders left to compile 19
[2025.05.25-21.04.18:199][434]LogShaderCompilers: Display: Worker (4/13): shaders left to compile 18
[2025.05.25-21.04.18:199][434]LogShaderCompilers: Display: Worker (5/13): shaders left to compile 17
[2025.05.25-21.04.18:199][434]LogShaderCompilers: Display: Worker (6/13): shaders left to compile 16
[2025.05.25-21.04.18:199][434]LogShaderCompilers: Display: Worker (7/13): shaders left to compile 15
[2025.05.25-21.04.18:199][434]LogShaderCompilers: Display: Worker (8/13): shaders left to compile 14
[2025.05.25-21.04.18:199][434]LogShaderCompilers: Display: Worker (9/13): shaders left to compile 13
[2025.05.25-21.04.18:199][434]LogShaderCompilers: Display: Worker (10/13): shaders left to compile 12
[2025.05.25-21.04.18:199][434]LogShaderCompilers: Display: Worker (11/13): shaders left to compile 11
[2025.05.25-21.04.18:200][434]LogShaderCompilers: Display: Worker (12/13): shaders left to compile 10
[2025.05.25-21.04.18:338][445]LogShaderCompilers: Display: Worker (8/13): shaders left to compile 9
[2025.05.25-21.04.18:478][453]LogShaderCompilers: Display: Worker (4/13): shaders left to compile 8
[2025.05.25-21.04.18:478][453]LogShaderCompilers: Display: Worker (9/13): shaders left to compile 7
[2025.05.25-21.04.18:478][453]LogShaderCompilers: Display: Worker (1/13): shaders left to compile 6
[2025.05.25-21.04.18:493][454]LogShaderCompilers: Display: Worker (2/13): shaders left to compile 5
[2025.05.25-21.04.18:493][454]LogShaderCompilers: Display: Worker (3/13): shaders left to compile 4
[2025.05.25-21.04.18:493][454]LogShaderCompilers: Display: Worker (5/13): shaders left to compile 3
[2025.05.25-21.04.18:493][454]LogShaderCompilers: Display: Worker (6/13): shaders left to compile 2
[2025.05.25-21.04.18:493][454]LogShaderCompilers: Display: Worker (7/13): shaders left to compile 1
[2025.05.25-21.04.18:968][492]MaterialEditorStats: Base pass shader: 121 instructions
[2025.05.25-21.04.18:968][492]MaterialEditorStats: Base pass shader with Volumetric Lightmap: 195 instructions
[2025.05.25-21.04.18:968][492]MaterialEditorStats: Base pass vertex shader: 40 instructions
[2025.05.25-21.04.18:968][492]MaterialEditorStats: Texture samplers: 3/16
[2025.05.25-21.04.19:712][581]LogMaterial: Display: Missing cached shader map for material sound-boom, compiling. 
[2025.05.25-21.04.19:724][581]LogMaterial: Display: Missing cached shader map for material sound-boom, compiling. 
[2025.05.25-21.04.19:742][582]LogShaderCompilers: Display: Worker (1/13): shaders left to compile 21
[2025.05.25-21.04.19:742][582]LogShaderCompilers: Display: Worker (2/13): shaders left to compile 20
[2025.05.25-21.04.19:742][582]LogShaderCompilers: Display: Worker (3/13): shaders left to compile 19
[2025.05.25-21.04.19:742][582]LogShaderCompilers: Display: Worker (4/13): shaders left to compile 18
[2025.05.25-21.04.19:742][582]LogShaderCompilers: Display: Worker (5/13): shaders left to compile 17
[2025.05.25-21.04.19:742][582]LogShaderCompilers: Display: Worker (6/13): shaders left to compile 16
[2025.05.25-21.04.19:742][582]LogShaderCompilers: Display: Worker (7/13): shaders left to compile 15
[2025.05.25-21.04.19:742][582]LogShaderCompilers: Display: Worker (8/13): shaders left to compile 14
[2025.05.25-21.04.19:742][582]LogShaderCompilers: Display: Worker (9/13): shaders left to compile 13
[2025.05.25-21.04.19:742][582]LogShaderCompilers: Display: Worker (10/13): shaders left to compile 12
[2025.05.25-21.04.19:742][582]LogShaderCompilers: Display: Worker (11/13): shaders left to compile 11
[2025.05.25-21.04.19:742][582]LogShaderCompilers: Display: Worker (12/13): shaders left to compile 10
[2025.05.25-21.04.19:883][594]LogShaderCompilers: Display: Worker (8/13): shaders left to compile 9
[2025.05.25-21.04.20:015][601]LogShaderCompilers: Display: Worker (3/13): shaders left to compile 8
[2025.05.25-21.04.20:035][602]LogShaderCompilers: Display: Worker (1/13): shaders left to compile 7
[2025.05.25-21.04.20:035][602]LogShaderCompilers: Display: Worker (5/13): shaders left to compile 6
[2025.05.25-21.04.20:035][602]LogShaderCompilers: Display: Worker (9/13): shaders left to compile 5
[2025.05.25-21.04.20:044][603]LogShaderCompilers: Display: Worker (2/13): shaders left to compile 4
[2025.05.25-21.04.20:044][603]LogShaderCompilers: Display: Worker (4/13): shaders left to compile 3
[2025.05.25-21.04.20:044][603]LogShaderCompilers: Display: Worker (6/13): shaders left to compile 2
[2025.05.25-21.04.20:044][603]LogShaderCompilers: Display: Worker (7/13): shaders left to compile 1
[2025.05.25-21.04.20:515][642]MaterialEditorStats: Base pass shader: 121 instructions
[2025.05.25-21.04.20:515][642]MaterialEditorStats: Base pass shader with Volumetric Lightmap: 195 instructions
[2025.05.25-21.04.20:515][642]MaterialEditorStats: Base pass vertex shader: 40 instructions
[2025.05.25-21.04.20:515][642]MaterialEditorStats: Texture samplers: 3/16
[2025.05.25-21.04.20:910][689]LogMaterial: Display: Missing cached shader map for material sound-boom, compiling. 
[2025.05.25-21.04.20:926][689]LogMaterial: Display: Missing cached shader map for material sound-boom, compiling. 
[2025.05.25-21.04.20:950][690]LogShaderCompilers: Display: Worker (1/13): shaders left to compile 21
[2025.05.25-21.04.20:951][690]LogShaderCompilers: Display: Worker (2/13): shaders left to compile 20
[2025.05.25-21.04.20:951][690]LogShaderCompilers: Display: Worker (3/13): shaders left to compile 19
[2025.05.25-21.04.20:951][690]LogShaderCompilers: Display: Worker (4/13): shaders left to compile 18
[2025.05.25-21.04.20:951][690]LogShaderCompilers: Display: Worker (5/13): shaders left to compile 17
[2025.05.25-21.04.20:951][690]LogShaderCompilers: Display: Worker (6/13): shaders left to compile 16
[2025.05.25-21.04.20:951][690]LogShaderCompilers: Display: Worker (7/13): shaders left to compile 15
[2025.05.25-21.04.20:951][690]LogShaderCompilers: Display: Worker (8/13): shaders left to compile 14
[2025.05.25-21.04.20:951][690]LogShaderCompilers: Display: Worker (9/13): shaders left to compile 13
[2025.05.25-21.04.20:951][690]LogShaderCompilers: Display: Worker (10/13): shaders left to compile 12
[2025.05.25-21.04.20:951][690]LogShaderCompilers: Display: Worker (11/13): shaders left to compile 11
[2025.05.25-21.04.20:951][690]LogShaderCompilers: Display: Worker (12/13): shaders left to compile 10
[2025.05.25-21.04.21:100][701]LogShaderCompilers: Display: Worker (8/13): shaders left to compile 9
[2025.05.25-21.04.21:216][707]LogShaderCompilers: Display: Worker (3/13): shaders left to compile 8
[2025.05.25-21.04.21:232][708]LogShaderCompilers: Display: Worker (9/13): shaders left to compile 7
[2025.05.25-21.04.21:232][708]LogShaderCompilers: Display: Worker (1/13): shaders left to compile 6
[2025.05.25-21.04.21:232][708]LogShaderCompilers: Display: Worker (4/13): shaders left to compile 5
[2025.05.25-21.04.21:245][709]LogShaderCompilers: Display: Worker (2/13): shaders left to compile 4
[2025.05.25-21.04.21:245][709]LogShaderCompilers: Display: Worker (5/13): shaders left to compile 3
[2025.05.25-21.04.21:245][709]LogShaderCompilers: Display: Worker (7/13): shaders left to compile 2
[2025.05.25-21.04.21:259][710]LogShaderCompilers: Display: Worker (6/13): shaders left to compile 1
[2025.05.25-21.04.21:724][746]MaterialEditorStats: Base pass shader: 121 instructions
[2025.05.25-21.04.21:724][746]MaterialEditorStats: Base pass shader with Volumetric Lightmap: 195 instructions
[2025.05.25-21.04.21:724][746]MaterialEditorStats: Base pass vertex shader: 40 instructions
[2025.05.25-21.04.21:724][746]MaterialEditorStats: Texture samplers: 3/16
[2025.05.25-21.04.22:049][784]LogMaterial: Display: Missing cached shader map for material sound-boom, compiling. 
[2025.05.25-21.04.22:061][784]LogMaterial: Display: Missing cached shader map for material sound-boom, compiling. 
[2025.05.25-21.04.22:081][785]LogShaderCompilers: Display: Worker (1/13): shaders left to compile 21
[2025.05.25-21.04.22:081][785]LogShaderCompilers: Display: Worker (2/13): shaders left to compile 20
[2025.05.25-21.04.22:081][785]LogShaderCompilers: Display: Worker (3/13): shaders left to compile 19
[2025.05.25-21.04.22:081][785]LogShaderCompilers: Display: Worker (4/13): shaders left to compile 18
[2025.05.25-21.04.22:081][785]LogShaderCompilers: Display: Worker (5/13): shaders left to compile 17
[2025.05.25-21.04.22:081][785]LogShaderCompilers: Display: Worker (6/13): shaders left to compile 16
[2025.05.25-21.04.22:081][785]LogShaderCompilers: Display: Worker (7/13): shaders left to compile 15
[2025.05.25-21.04.22:081][785]LogShaderCompilers: Display: Worker (8/13): shaders left to compile 14
[2025.05.25-21.04.22:081][785]LogShaderCompilers: Display: Worker (9/13): shaders left to compile 13
[2025.05.25-21.04.22:081][785]LogShaderCompilers: Display: Worker (10/13): shaders left to compile 12
[2025.05.25-21.04.22:081][785]LogShaderCompilers: Display: Worker (11/13): shaders left to compile 11
[2025.05.25-21.04.22:081][785]LogShaderCompilers: Display: Worker (12/13): shaders left to compile 10
[2025.05.25-21.04.22:220][796]LogShaderCompilers: Display: Worker (8/13): shaders left to compile 9
[2025.05.25-21.04.22:352][803]LogShaderCompilers: Display: Worker (9/13): shaders left to compile 8
[2025.05.25-21.04.22:352][803]LogShaderCompilers: Display: Worker (2/13): shaders left to compile 7
[2025.05.25-21.04.22:367][804]LogShaderCompilers: Display: Worker (4/13): shaders left to compile 6
[2025.05.25-21.04.22:367][804]LogShaderCompilers: Display: Worker (6/13): shaders left to compile 5
[2025.05.25-21.04.22:382][805]LogShaderCompilers: Display: Worker (1/13): shaders left to compile 4
[2025.05.25-21.04.22:383][805]LogShaderCompilers: Display: Worker (3/13): shaders left to compile 3
[2025.05.25-21.04.22:383][805]LogShaderCompilers: Display: Worker (5/13): shaders left to compile 2
[2025.05.25-21.04.22:383][805]LogShaderCompilers: Display: Worker (7/13): shaders left to compile 1
[2025.05.25-21.04.22:862][845]MaterialEditorStats: Base pass shader: 121 instructions
[2025.05.25-21.04.22:862][845]MaterialEditorStats: Base pass shader with Volumetric Lightmap: 195 instructions
[2025.05.25-21.04.22:862][845]MaterialEditorStats: Base pass vertex shader: 40 instructions
[2025.05.25-21.04.22:862][845]MaterialEditorStats: Texture samplers: 3/16
[2025.05.25-21.04.23:658][940]LogMaterial: Display: Missing cached shader map for material sound-boom, compiling. 
[2025.05.25-21.04.23:670][940]LogMaterial: Display: Missing cached shader map for material sound-boom, compiling. 
[2025.05.25-21.04.23:687][941]LogShaderCompilers: Display: Worker (1/13): shaders left to compile 21
[2025.05.25-21.04.23:687][941]LogShaderCompilers: Display: Worker (2/13): shaders left to compile 20
[2025.05.25-21.04.23:687][941]LogShaderCompilers: Display: Worker (3/13): shaders left to compile 19
[2025.05.25-21.04.23:687][941]LogShaderCompilers: Display: Worker (4/13): shaders left to compile 18
[2025.05.25-21.04.23:687][941]LogShaderCompilers: Display: Worker (5/13): shaders left to compile 17
[2025.05.25-21.04.23:687][941]LogShaderCompilers: Display: Worker (6/13): shaders left to compile 16
[2025.05.25-21.04.23:687][941]LogShaderCompilers: Display: Worker (7/13): shaders left to compile 15
[2025.05.25-21.04.23:687][941]LogShaderCompilers: Display: Worker (8/13): shaders left to compile 14
[2025.05.25-21.04.23:687][941]LogShaderCompilers: Display: Worker (9/13): shaders left to compile 13
[2025.05.25-21.04.23:687][941]LogShaderCompilers: Display: Worker (10/13): shaders left to compile 12
[2025.05.25-21.04.23:687][941]LogShaderCompilers: Display: Worker (11/13): shaders left to compile 11
[2025.05.25-21.04.23:687][941]LogShaderCompilers: Display: Worker (12/13): shaders left to compile 10
[2025.05.25-21.04.23:845][954]LogShaderCompilers: Display: Worker (8/13): shaders left to compile 9
[2025.05.25-21.04.23:953][961]LogShaderCompilers: Display: Worker (9/13): shaders left to compile 8
[2025.05.25-21.04.23:953][961]LogShaderCompilers: Display: Worker (3/13): shaders left to compile 7
[2025.05.25-21.04.23:968][962]LogShaderCompilers: Display: Worker (2/13): shaders left to compile 6
[2025.05.25-21.04.23:969][962]LogShaderCompilers: Display: Worker (1/13): shaders left to compile 5
[2025.05.25-21.04.23:969][962]LogShaderCompilers: Display: Worker (5/13): shaders left to compile 4
[2025.05.25-21.04.23:969][962]LogShaderCompilers: Display: Worker (4/13): shaders left to compile 3
[2025.05.25-21.04.23:985][963]LogShaderCompilers: Display: Worker (6/13): shaders left to compile 2
[2025.05.25-21.04.23:985][963]LogShaderCompilers: Display: Worker (7/13): shaders left to compile 1
[2025.05.25-21.04.24:462][  2]MaterialEditorStats: Base pass shader: 121 instructions
[2025.05.25-21.04.24:462][  2]MaterialEditorStats: Base pass shader with Volumetric Lightmap: 195 instructions
[2025.05.25-21.04.24:462][  2]MaterialEditorStats: Base pass vertex shader: 40 instructions
[2025.05.25-21.04.24:462][  2]MaterialEditorStats: Texture samplers: 3/16
[2025.05.25-21.04.26:716][272]LogMaterial: Display: Missing cached shader map for material sound-boom, compiling. 
[2025.05.25-21.04.26:726][272]LogShaderCompilers: Display: Worker (1/13): shaders left to compile 21
[2025.05.25-21.04.26:726][272]LogShaderCompilers: Display: Worker (2/13): shaders left to compile 20
[2025.05.25-21.04.26:726][272]LogShaderCompilers: Display: Worker (3/13): shaders left to compile 19
[2025.05.25-21.04.26:726][272]LogShaderCompilers: Display: Worker (4/13): shaders left to compile 18
[2025.05.25-21.04.26:726][272]LogShaderCompilers: Display: Worker (5/13): shaders left to compile 17
[2025.05.25-21.04.26:726][272]LogShaderCompilers: Display: Worker (6/13): shaders left to compile 16
[2025.05.25-21.04.26:726][272]LogShaderCompilers: Display: Worker (7/13): shaders left to compile 15
[2025.05.25-21.04.26:726][272]LogShaderCompilers: Display: Worker (8/13): shaders left to compile 14
[2025.05.25-21.04.26:726][272]LogShaderCompilers: Display: Worker (9/13): shaders left to compile 13
[2025.05.25-21.04.26:726][272]LogShaderCompilers: Display: Worker (10/13): shaders left to compile 12
[2025.05.25-21.04.26:726][272]LogShaderCompilers: Display: Worker (11/13): shaders left to compile 11
[2025.05.25-21.04.26:726][272]LogShaderCompilers: Display: Worker (12/13): shaders left to compile 10
[2025.05.25-21.04.26:728][272]LogMaterial: Display: Missing cached shader map for material sound-boom, compiling. 
[2025.05.25-21.04.26:885][284]LogShaderCompilers: Display: Worker (8/13): shaders left to compile 21
[2025.05.25-21.04.27:002][291]LogShaderCompilers: Display: Worker (2/13): shaders left to compile 20
[2025.05.25-21.04.27:017][292]LogShaderCompilers: Display: Worker (1/13): shaders left to compile 19
[2025.05.25-21.04.27:017][292]LogShaderCompilers: Display: Worker (3/13): shaders left to compile 18
[2025.05.25-21.04.27:017][292]LogShaderCompilers: Display: Worker (9/13): shaders left to compile 17
[2025.05.25-21.04.27:029][293]LogShaderCompilers: Display: Worker (7/13): shaders left to compile 16
[2025.05.25-21.04.27:029][293]LogShaderCompilers: Display: Worker (5/13): shaders left to compile 15
[2025.05.25-21.04.27:040][294]LogShaderCompilers: Display: Worker (4/13): shaders left to compile 14
[2025.05.25-21.04.27:041][294]LogShaderCompilers: Display: Worker (6/13): shaders left to compile 13
[2025.05.25-21.04.27:099][299]LogShaderCompilers: Display: Worker (12/13): shaders left to compile 12
[2025.05.25-21.04.27:155][302]LogShaderCompilers: Display: Worker (8/13): shaders left to compile 11
[2025.05.25-21.04.27:171][303]LogShaderCompilers: Display: Worker (4/13): shaders left to compile 10
[2025.05.25-21.04.27:282][311]LogShaderCompilers: Display: Worker (2/13): shaders left to compile 9
[2025.05.25-21.04.27:282][311]LogShaderCompilers: Display: Worker (6/13): shaders left to compile 8
[2025.05.25-21.04.27:299][312]LogShaderCompilers: Display: Worker (1/13): shaders left to compile 7
[2025.05.25-21.04.27:299][312]LogShaderCompilers: Display: Worker (9/13): shaders left to compile 6
[2025.05.25-21.04.27:315][313]LogShaderCompilers: Display: Worker (3/13): shaders left to compile 5
[2025.05.25-21.04.27:315][313]LogShaderCompilers: Display: Worker (5/13): shaders left to compile 4
[2025.05.25-21.04.27:315][313]LogShaderCompilers: Display: Worker (7/13): shaders left to compile 3
[2025.05.25-21.04.27:315][313]LogShaderCompilers: Display: Worker (10/13): shaders left to compile 2
[2025.05.25-21.04.27:327][314]LogShaderCompilers: Display: Worker (11/13): shaders left to compile 1
[2025.05.25-21.04.27:824][352]MaterialEditorStats: Base pass shader: 121 instructions
[2025.05.25-21.04.27:824][352]MaterialEditorStats: Base pass shader with Volumetric Lightmap: 195 instructions
[2025.05.25-21.04.27:824][352]MaterialEditorStats: Base pass vertex shader: 40 instructions
[2025.05.25-21.04.27:824][352]MaterialEditorStats: Texture samplers: 3/16
[2025.05.25-21.04.29:060][500]LogMaterial: Display: Missing cached shader map for material sound-boom, compiling. 
[2025.05.25-21.04.29:072][500]LogMaterial: Display: Missing cached shader map for material sound-boom, compiling. 
[2025.05.25-21.04.29:090][501]LogShaderCompilers: Display: Worker (1/13): shaders left to compile 21
[2025.05.25-21.04.29:090][501]LogShaderCompilers: Display: Worker (2/13): shaders left to compile 20
[2025.05.25-21.04.29:090][501]LogShaderCompilers: Display: Worker (3/13): shaders left to compile 19
[2025.05.25-21.04.29:090][501]LogShaderCompilers: Display: Worker (4/13): shaders left to compile 18
[2025.05.25-21.04.29:090][501]LogShaderCompilers: Display: Worker (5/13): shaders left to compile 17
[2025.05.25-21.04.29:090][501]LogShaderCompilers: Display: Worker (6/13): shaders left to compile 16
[2025.05.25-21.04.29:090][501]LogShaderCompilers: Display: Worker (7/13): shaders left to compile 15
[2025.05.25-21.04.29:090][501]LogShaderCompilers: Display: Worker (8/13): shaders left to compile 14
[2025.05.25-21.04.29:090][501]LogShaderCompilers: Display: Worker (9/13): shaders left to compile 13
[2025.05.25-21.04.29:090][501]LogShaderCompilers: Display: Worker (10/13): shaders left to compile 12
[2025.05.25-21.04.29:090][501]LogShaderCompilers: Display: Worker (11/13): shaders left to compile 11
[2025.05.25-21.04.29:090][501]LogShaderCompilers: Display: Worker (12/13): shaders left to compile 10
[2025.05.25-21.04.29:250][514]LogShaderCompilers: Display: Worker (8/13): shaders left to compile 9
[2025.05.25-21.04.29:362][520]LogShaderCompilers: Display: Worker (3/13): shaders left to compile 8
[2025.05.25-21.04.29:362][520]LogShaderCompilers: Display: Worker (9/13): shaders left to compile 7
[2025.05.25-21.04.29:375][521]LogShaderCompilers: Display: Worker (1/13): shaders left to compile 6
[2025.05.25-21.04.29:375][521]LogShaderCompilers: Display: Worker (5/13): shaders left to compile 5
[2025.05.25-21.04.29:375][521]LogShaderCompilers: Display: Worker (4/13): shaders left to compile 4
[2025.05.25-21.04.29:387][522]LogShaderCompilers: Display: Worker (2/13): shaders left to compile 3
[2025.05.25-21.04.29:387][522]LogShaderCompilers: Display: Worker (7/13): shaders left to compile 2
[2025.05.25-21.04.29:387][522]LogShaderCompilers: Display: Worker (6/13): shaders left to compile 1
[2025.05.25-21.04.29:858][560]MaterialEditorStats: Base pass shader: 121 instructions
[2025.05.25-21.04.29:858][560]MaterialEditorStats: Base pass shader with Volumetric Lightmap: 195 instructions
[2025.05.25-21.04.29:858][560]MaterialEditorStats: Base pass vertex shader: 40 instructions
[2025.05.25-21.04.29:858][560]MaterialEditorStats: Texture samplers: 3/16
[2025.05.25-21.04.31:020][698]LogMaterialEditor: Applying material sound-boom
[2025.05.25-21.04.31:330][698]LogMaterial: Display: Missing cached shader map for material sound-boom, compiling. 
[2025.05.25-21.04.31:370][698]LogShaderCompilers: Display: Worker (1/13): shaders left to compile 21
[2025.05.25-21.04.31:370][698]LogShaderCompilers: Display: Worker (2/13): shaders left to compile 20
[2025.05.25-21.04.31:370][698]LogShaderCompilers: Display: Worker (3/13): shaders left to compile 19
[2025.05.25-21.04.31:370][698]LogShaderCompilers: Display: Worker (4/13): shaders left to compile 18
[2025.05.25-21.04.31:370][698]LogShaderCompilers: Display: Worker (5/13): shaders left to compile 17
[2025.05.25-21.04.31:370][698]LogShaderCompilers: Display: Worker (6/13): shaders left to compile 16
[2025.05.25-21.04.31:370][698]LogShaderCompilers: Display: Worker (7/13): shaders left to compile 15
[2025.05.25-21.04.31:370][698]LogShaderCompilers: Display: Worker (8/13): shaders left to compile 14
[2025.05.25-21.04.31:370][698]LogShaderCompilers: Display: Worker (9/13): shaders left to compile 13
[2025.05.25-21.04.31:370][698]LogShaderCompilers: Display: Worker (10/13): shaders left to compile 12
[2025.05.25-21.04.31:370][698]LogShaderCompilers: Display: Worker (11/13): shaders left to compile 11
[2025.05.25-21.04.31:370][698]LogShaderCompilers: Display: Worker (12/13): shaders left to compile 10
[2025.05.25-21.04.31:378][698]LogMaterial: Display: Missing cached shader map for material sound-boom, compiling. 
[2025.05.25-21.04.31:392][698]LogMaterial: Display: Missing cached shader map for material sound-boom, compiling. 
[2025.05.25-21.04.31:439][698]LogUObjectHash: Compacting FUObjectHashTables data took   3.71ms
[2025.05.25-21.04.31:448][698]LogMaterial: Display: Missing cached shader map for material DebugViewMode MaterialTexCoordScale, compiling. 
[2025.05.25-21.04.32:065][698]LogShaderCompilers: Display: Worker (8/13): shaders left to compile 33
[2025.05.25-21.04.32:065][698]LogShaderCompilers: Display: Worker (9/13): shaders left to compile 32
[2025.05.25-21.04.32:066][698]LogShaderCompilers: Display: Worker (1/13): shaders left to compile 31
[2025.05.25-21.04.32:066][698]LogShaderCompilers: Display: Worker (2/13): shaders left to compile 30
[2025.05.25-21.04.32:066][698]LogShaderCompilers: Display: Worker (3/13): shaders left to compile 29
[2025.05.25-21.04.32:066][698]LogShaderCompilers: Display: Worker (6/13): shaders left to compile 28
[2025.05.25-21.04.32:066][698]LogShaderCompilers: Display: Worker (7/13): shaders left to compile 27
[2025.05.25-21.04.32:066][698]LogShaderCompilers: Display: Worker (4/13): shaders left to compile 26
[2025.05.25-21.04.32:066][698]LogShaderCompilers: Display: Worker (5/13): shaders left to compile 25
[2025.05.25-21.04.32:066][698]LogShaderCompilers: Display: Worker (12/13): shaders left to compile 24
[2025.05.25-21.04.32:066][698]LogShaderCompilers: Display: Worker (10/13): shaders left to compile 23
[2025.05.25-21.04.32:066][698]LogShaderCompilers: Display: Worker (12/13): shaders left to compile 22
[2025.05.25-21.04.32:066][698]LogShaderCompilers: Display: Worker (11/13): shaders left to compile 20
[2025.05.25-21.04.32:066][698]LogShaderCompilers: Display: Worker (1/13): shaders left to compile 18
[2025.05.25-21.04.32:066][698]LogShaderCompilers: Display: Worker (6/13): shaders left to compile 16
[2025.05.25-21.04.32:066][698]LogShaderCompilers: Display: Worker (5/13): shaders left to compile 14
[2025.05.25-21.04.32:066][698]LogShaderCompilers: Display: Worker (8/13): shaders left to compile 12
[2025.05.25-21.04.32:066][698]LogShaderCompilers: Display: Worker (10/13): shaders left to compile 10
[2025.05.25-21.04.32:068][698]TextureStreamingBuild: Display: Compiling optional shaders took 0.628 seconds.
[2025.05.25-21.04.32:104][698]LogShaderCompilers: Display: Worker (7/13): shaders left to compile 9
[2025.05.25-21.04.32:104][698]LogUObjectHash: Compacting FUObjectHashTables data took   2.94ms
[2025.05.25-21.04.32:154][698]LogShaderCompilers: Display: Worker (4/13): shaders left to compile 8
[2025.05.25-21.04.32:154][698]LogShaderCompilers: Display: Worker (9/13): shaders left to compile 7
[2025.05.25-21.04.32:154][698]LogShaderCompilers: Display: Worker (2/13): shaders left to compile 6
[2025.05.25-21.04.32:178][700]LogShaderCompilers: Display: Worker (3/13): shaders left to compile 5
[2025.05.25-21.04.32:292][706]LogShaderCompilers: Display: Worker (6/13): shaders left to compile 4
[2025.05.25-21.04.32:341][708]LogShaderCompilers: Display: Worker (12/13): shaders left to compile 3
[2025.05.25-21.04.32:385][710]LogShaderCompilers: Display: Worker (11/13): shaders left to compile 2
[2025.05.25-21.04.32:435][712]LogShaderCompilers: Display: Worker (1/13): shaders left to compile 1
[2025.05.25-21.04.32:537][717]LogSlate: FSceneViewport::OnFocusLost() reason 0
[2025.05.25-21.04.32:652][725]LogTemp: Repeating last play command: Selected Viewport
[2025.05.25-21.04.32:668][725]LogBlueprintUserMessages: Early PlayInEditor Detection: Level '/Game/2DSideScrollerBP/Maps/2DSideScrollerExampleMap.2DSideScrollerExampleMap:PersistentLevel' has LevelScriptBlueprint '/Game/2DSideScrollerBP/Maps/2DSideScrollerExampleMap.2DSideScrollerExampleMap:PersistentLevel.2DSideScrollerExampleMap' with GeneratedClass '/Game/2DSideScrollerBP/Maps/2DSideScrollerExampleMap.2DSideScrollerExampleMap_C' with ClassGeneratedBy '/Game/2DSideScrollerBP/Maps/2DSideScrollerExampleMap.2DSideScrollerExampleMap:PersistentLevel.2DSideScrollerExampleMap'
[2025.05.25-21.04.32:668][725]LogPlayLevel: PlayLevel: No blueprints needed recompiling
[2025.05.25-21.04.32:668][725]PIE: New page: PIE session: 2DSideScrollerExampleMap (25 May 2025 23:04:32)
[2025.05.25-21.04.32:669][725]LogPlayLevel: Creating play world package: /Game/2DSideScrollerBP/Maps/UEDPIE_0_2DSideScrollerExampleMap
[2025.05.25-21.04.32:672][725]LogPlayLevel: PIE: StaticDuplicateObject took: (0.002578s)
[2025.05.25-21.04.32:673][725]LogAIModule: Creating AISystem for world 2DSideScrollerExampleMap
[2025.05.25-21.04.32:673][725]LogPlayLevel: PIE: World Init took: (0.000872s)
[2025.05.25-21.04.32:673][725]LogPlayLevel: PIE: Created PIE world by copying editor world from /Game/2DSideScrollerBP/Maps/2DSideScrollerExampleMap.2DSideScrollerExampleMap to /Game/2DSideScrollerBP/Maps/UEDPIE_0_2DSideScrollerExampleMap.2DSideScrollerExampleMap (0.003615s)
[2025.05.25-21.04.32:704][725]LogUObjectHash: Compacting FUObjectHashTables data took   2.27ms
[2025.05.25-21.04.32:718][725]LogInit: XAudio2 using 'Headphones (Soundcore Q30)' : 2 channels at 48 kHz using 16 bits per sample (channel mask 0x3)
[2025.05.25-21.04.32:735][725]LogInit: FAudioDevice initialized.
[2025.05.25-21.04.32:740][725]LogLoad: Game class is '2DSideScrollerGameMode_C'
[2025.05.25-21.04.32:741][725]LogWorld: Bringing World /Game/2DSideScrollerBP/Maps/UEDPIE_0_2DSideScrollerExampleMap.2DSideScrollerExampleMap up for play (max tick rate 0) at 2025.05.25-22.04.32
[2025.05.25-21.04.32:741][725]LogWorld: Bringing up level for play took: 0.001027
[2025.05.25-21.04.32:741][725]LogOnline: OSS: Creating online subsystem instance for: :Context_13
[2025.05.25-21.04.32:743][725]PIE: Play in editor start time for /Game/2DSideScrollerBP/Maps/UEDPIE_0_2DSideScrollerExampleMap -0.302
[2025.05.25-21.04.32:744][725]LogBlueprintUserMessages: Late PlayInEditor Detection: Level '/Game/2DSideScrollerBP/Maps/2DSideScrollerExampleMap.2DSideScrollerExampleMap:PersistentLevel' has LevelScriptBlueprint '/Game/2DSideScrollerBP/Maps/2DSideScrollerExampleMap.2DSideScrollerExampleMap:PersistentLevel.2DSideScrollerExampleMap' with GeneratedClass '/Game/2DSideScrollerBP/Maps/2DSideScrollerExampleMap.2DSideScrollerExampleMap_C' with ClassGeneratedBy '/Game/2DSideScrollerBP/Maps/2DSideScrollerExampleMap.2DSideScrollerExampleMap:PersistentLevel.2DSideScrollerExampleMap'
[2025.05.25-21.04.32:760][726]MaterialEditorStats: Base pass shader: 121 instructions
[2025.05.25-21.04.32:760][726]MaterialEditorStats: Base pass shader with Volumetric Lightmap: 195 instructions
[2025.05.25-21.04.32:760][726]MaterialEditorStats: Base pass vertex shader: 40 instructions
[2025.05.25-21.04.32:760][726]MaterialEditorStats: Texture samplers: 3/16
[2025.05.25-21.04.41:846][816]LogBlueprintUserMessages: Early EndPlayMap Detection: Level '/Game/2DSideScrollerBP/Maps/2DSideScrollerExampleMap.2DSideScrollerExampleMap:PersistentLevel' has LevelScriptBlueprint '/Game/2DSideScrollerBP/Maps/2DSideScrollerExampleMap.2DSideScrollerExampleMap:PersistentLevel.2DSideScrollerExampleMap' with GeneratedClass '/Game/2DSideScrollerBP/Maps/2DSideScrollerExampleMap.2DSideScrollerExampleMap_C' with ClassGeneratedBy '/Game/2DSideScrollerBP/Maps/2DSideScrollerExampleMap.2DSideScrollerExampleMap:PersistentLevel.2DSideScrollerExampleMap'
[2025.05.25-21.04.41:847][816]LogSlate: Updating window title bar state: overlay mode, drag disabled, window buttons hidden, title bar hidden
[2025.05.25-21.04.41:847][816]LogWorld: BeginTearingDown for /Game/2DSideScrollerBP/Maps/UEDPIE_0_2DSideScrollerExampleMap
[2025.05.25-21.04.41:847][816]LogWorld: UWorld::CleanupWorld for 2DSideScrollerExampleMap, bSessionEnded=true, bCleanupResources=true
[2025.05.25-21.04.41:856][816]LogPlayLevel: Display: Shutting down PIE online subsystems
[2025.05.25-21.04.41:856][816]LogBlueprintUserMessages: Late EndPlayMap Detection: Level '/Game/2DSideScrollerBP/Maps/2DSideScrollerExampleMap.2DSideScrollerExampleMap:PersistentLevel' has LevelScriptBlueprint '/Game/2DSideScrollerBP/Maps/2DSideScrollerExampleMap.2DSideScrollerExampleMap:PersistentLevel.2DSideScrollerExampleMap' with GeneratedClass '/Game/2DSideScrollerBP/Maps/2DSideScrollerExampleMap.2DSideScrollerExampleMap_C' with ClassGeneratedBy '/Game/2DSideScrollerBP/Maps/2DSideScrollerExampleMap.2DSideScrollerExampleMap:PersistentLevel.2DSideScrollerExampleMap'
[2025.05.25-21.04.41:887][816]LogSlate: Updating window title bar state: overlay mode, drag disabled, window buttons hidden, title bar hidden
[2025.05.25-21.04.41:890][816]LogUObjectHash: Compacting FUObjectHashTables data took   2.38ms
[2025.05.25-21.04.41:954][822]LogPlayLevel: Display: Destroying online subsystem :Context_13
[2025.05.25-21.04.42:529][889]LogSlate: FSceneViewport::OnFocusLost() reason 0
[2025.05.25-21.04.43:183][967]LogEditorTransaction: Undo Edit Default Value
[2025.05.25-21.04.43:185][967]LogMaterial: Display: Missing cached shader map for material sound-boom, compiling. 
[2025.05.25-21.04.43:195][967]LogShaderCompilers: Display: Worker (1/13): shaders left to compile 21
[2025.05.25-21.04.43:195][967]LogShaderCompilers: Display: Worker (2/13): shaders left to compile 20
[2025.05.25-21.04.43:195][967]LogShaderCompilers: Display: Worker (3/13): shaders left to compile 19
[2025.05.25-21.04.43:195][967]LogShaderCompilers: Display: Worker (4/13): shaders left to compile 18
[2025.05.25-21.04.43:195][967]LogShaderCompilers: Display: Worker (5/13): shaders left to compile 17
[2025.05.25-21.04.43:195][967]LogShaderCompilers: Display: Worker (6/13): shaders left to compile 16
[2025.05.25-21.04.43:195][967]LogShaderCompilers: Display: Worker (7/13): shaders left to compile 15
[2025.05.25-21.04.43:195][967]LogShaderCompilers: Display: Worker (8/13): shaders left to compile 14
[2025.05.25-21.04.43:195][967]LogShaderCompilers: Display: Worker (9/13): shaders left to compile 13
[2025.05.25-21.04.43:195][967]LogShaderCompilers: Display: Worker (10/13): shaders left to compile 12
[2025.05.25-21.04.43:195][967]LogShaderCompilers: Display: Worker (11/13): shaders left to compile 11
[2025.05.25-21.04.43:195][967]LogShaderCompilers: Display: Worker (12/13): shaders left to compile 10
[2025.05.25-21.04.43:197][967]LogMaterial: Display: Missing cached shader map for material sound-boom, compiling. 
[2025.05.25-21.04.43:341][974]LogShaderCompilers: Display: Worker (8/13): shaders left to compile 21
[2025.05.25-21.04.43:418][977]LogEditorTransaction: Undo Edit Default Value
[2025.05.25-21.04.43:423][977]LogMaterial: Display: Missing cached shader map for material sound-boom, compiling. 
[2025.05.25-21.04.43:442][977]LogMaterial: Display: Missing cached shader map for material sound-boom, compiling. 
[2025.05.25-21.04.43:458][977]LogShaderCompilers: Display: Worker (1/13): shaders left to compile 21
[2025.05.25-21.04.43:458][977]LogShaderCompilers: Display: Worker (9/13): shaders left to compile 20
[2025.05.25-21.04.43:492][977]LogShaderCompilers: Display: Worker (2/13): shaders left to compile 19
[2025.05.25-21.04.43:492][977]LogShaderCompilers: Display: Worker (3/13): shaders left to compile 18
[2025.05.25-21.04.43:492][977]LogShaderCompilers: Display: Worker (7/13): shaders left to compile 17
[2025.05.25-21.04.43:492][977]LogShaderCompilers: Display: Worker (6/13): shaders left to compile 16
[2025.05.25-21.04.43:496][977]LogShaderCompilers: Display: Worker (4/13): shaders left to compile 15
[2025.05.25-21.04.43:496][977]LogShaderCompilers: Display: Worker (5/13): shaders left to compile 14
[2025.05.25-21.04.43:552][980]LogShaderCompilers: Display: Worker (12/13): shaders left to compile 13
[2025.05.25-21.04.43:583][982]LogEditorTransaction: Undo Edit Default Value
[2025.05.25-21.04.43:588][982]LogMaterial: Display: Missing cached shader map for material sound-boom, compiling. 
[2025.05.25-21.04.43:605][982]LogShaderCompilers: Display: Worker (8/13): shaders left to compile 21
[2025.05.25-21.04.43:608][982]LogMaterial: Display: Missing cached shader map for material sound-boom, compiling. 
[2025.05.25-21.04.43:660][982]LogShaderCompilers: Display: Worker (5/13): shaders left to compile 21
[2025.05.25-21.04.43:729][986]LogShaderCompilers: Display: Worker (10/13): shaders left to compile 20
[2025.05.25-21.04.43:729][986]LogShaderCompilers: Display: Worker (2/13): shaders left to compile 19
[2025.05.25-21.04.43:729][986]LogShaderCompilers: Display: Worker (1/13): shaders left to compile 18
[2025.05.25-21.04.43:742][987]LogShaderCompilers: Display: Worker (9/13): shaders left to compile 17
[2025.05.25-21.04.43:742][987]LogShaderCompilers: Display: Worker (3/13): shaders left to compile 16
[2025.05.25-21.04.43:742][987]LogShaderCompilers: Display: Worker (11/13): shaders left to compile 15
[2025.05.25-21.04.43:756][988]LogShaderCompilers: Display: Worker (7/13): shaders left to compile 14
[2025.05.25-21.04.43:757][988]LogShaderCompilers: Display: Worker (4/13): shaders left to compile 13
[2025.05.25-21.04.43:767][989]LogShaderCompilers: Display: Worker (6/13): shaders left to compile 12
[2025.05.25-21.04.43:767][989]LogShaderCompilers: Display: Worker (12/13): shaders left to compile 11
[2025.05.25-21.04.43:854][996]LogShaderCompilers: Display: Worker (8/13): shaders left to compile 10
[2025.05.25-21.04.43:889][998]LogShaderCompilers: Display: Worker (7/13): shaders left to compile 9
[2025.05.25-21.04.43:889][998]LogShaderCompilers: Display: Worker (5/13): shaders left to compile 8
[2025.05.25-21.04.44:002][  5]LogShaderCompilers: Display: Worker (10/13): shaders left to compile 7
[2025.05.25-21.04.44:002][  5]LogShaderCompilers: Display: Worker (2/13): shaders left to compile 6
[2025.05.25-21.04.44:002][  5]LogShaderCompilers: Display: Worker (4/13): shaders left to compile 5
[2025.05.25-21.04.44:018][  6]LogShaderCompilers: Display: Worker (9/13): shaders left to compile 4
[2025.05.25-21.04.44:018][  6]LogShaderCompilers: Display: Worker (1/13): shaders left to compile 3
[2025.05.25-21.04.44:018][  6]LogShaderCompilers: Display: Worker (11/13): shaders left to compile 2
[2025.05.25-21.04.44:031][  7]LogShaderCompilers: Display: Worker (3/13): shaders left to compile 1
[2025.05.25-21.04.44:033][  7]LogEditorTransaction: Undo Edit Default Value
[2025.05.25-21.04.44:037][  7]LogMaterial: Display: Missing cached shader map for material sound-boom, compiling. 
[2025.05.25-21.04.44:052][  7]LogMaterial: Display: Missing cached shader map for material sound-boom, compiling. 
[2025.05.25-21.04.44:172][ 12]LogShaderCompilers: Display: Worker (8/13): shaders left to compile 21
[2025.05.25-21.04.44:292][ 19]LogShaderCompilers: Display: Worker (6/13): shaders left to compile 20
[2025.05.25-21.04.44:292][ 19]LogShaderCompilers: Display: Worker (12/13): shaders left to compile 19
[2025.05.25-21.04.44:351][ 23]LogShaderCompilers: Display: Worker (10/13): shaders left to compile 18
[2025.05.25-21.04.44:351][ 23]LogShaderCompilers: Display: Worker (9/13): shaders left to compile 17
[2025.05.25-21.04.44:391][ 26]LogShaderCompilers: Display: Worker (3/13): shaders left to compile 16
[2025.05.25-21.04.44:434][ 29]LogShaderCompilers: Display: Worker (7/13): shaders left to compile 15
[2025.05.25-21.04.44:452][ 30]LogShaderCompilers: Display: Worker (8/13): shaders left to compile 14
[2025.05.25-21.04.44:453][ 30]LogShaderCompilers: Display: Worker (5/13): shaders left to compile 13
[2025.05.25-21.04.44:510][ 34]LogShaderCompilers: Display: Worker (1/13): shaders left to compile 12
[2025.05.25-21.04.44:538][ 36]LogShaderCompilers: Display: Worker (11/13): shaders left to compile 11
[2025.05.25-21.04.44:552][ 37]LogShaderCompilers: Display: Worker (6/13): shaders left to compile 10
[2025.05.25-21.04.44:564][ 38]LogShaderCompilers: Display: Worker (2/13): shaders left to compile 9
[2025.05.25-21.04.44:578][ 39]LogShaderCompilers: Display: Worker (8/13): shaders left to compile 8
[2025.05.25-21.04.44:578][ 39]LogShaderCompilers: Display: Worker (12/13): shaders left to compile 7
[2025.05.25-21.04.44:603][ 41]LogShaderCompilers: Display: Worker (10/13): shaders left to compile 6
[2025.05.25-21.04.44:615][ 42]LogShaderCompilers: Display: Worker (4/13): shaders left to compile 5
[2025.05.25-21.04.44:615][ 42]LogShaderCompilers: Display: Worker (9/13): shaders left to compile 4
[2025.05.25-21.04.44:651][ 45]LogShaderCompilers: Display: Worker (3/13): shaders left to compile 3
[2025.05.25-21.04.44:679][ 47]LogShaderCompilers: Display: Worker (7/13): shaders left to compile 2
[2025.05.25-21.04.44:695][ 48]LogShaderCompilers: Display: Worker (5/13): shaders left to compile 1
[2025.05.25-21.04.44:735][ 50]LogEditorTransaction: Undo Edit Default Value
[2025.05.25-21.04.44:739][ 50]LogMaterial: Display: Missing cached shader map for material sound-boom, compiling. 
[2025.05.25-21.04.44:758][ 50]LogMaterial: Display: Missing cached shader map for material sound-boom, compiling. 
[2025.05.25-21.04.44:905][ 56]LogShaderCompilers: Display: Worker (6/13): shaders left to compile 21
[2025.05.25-21.04.44:921][ 57]LogShaderCompilers: Display: Worker (12/13): shaders left to compile 20
[2025.05.25-21.04.44:984][ 61]LogShaderCompilers: Display: Worker (9/13): shaders left to compile 19
[2025.05.25-21.04.45:069][ 66]LogShaderCompilers: Display: Worker (5/13): shaders left to compile 18
[2025.05.25-21.04.45:069][ 66]LogShaderCompilers: Display: Worker (1/13): shaders left to compile 17
[2025.05.25-21.04.45:115][ 69]LogEditorTransaction: Undo Edit Default Value
[2025.05.25-21.04.45:118][ 69]LogMaterial: Display: Missing cached shader map for material sound-boom, compiling. 
[2025.05.25-21.04.45:135][ 69]LogShaderCompilers: Display: Worker (11/13): shaders left to compile 21
[2025.05.25-21.04.45:138][ 69]LogMaterial: Display: Missing cached shader map for material sound-boom, compiling. 
[2025.05.25-21.04.45:182][ 70]LogShaderCompilers: Display: Worker (2/13): shaders left to compile 21
[2025.05.25-21.04.45:182][ 70]LogShaderCompilers: Display: Worker (3/13): shaders left to compile 20
[2025.05.25-21.04.45:182][ 70]LogShaderCompilers: Display: Worker (8/13): shaders left to compile 19
[2025.05.25-21.04.45:182][ 70]LogShaderCompilers: Display: Worker (6/13): shaders left to compile 18
[2025.05.25-21.04.45:212][ 72]LogShaderCompilers: Display: Worker (12/13): shaders left to compile 17
[2025.05.25-21.04.45:212][ 72]LogShaderCompilers: Display: Worker (10/13): shaders left to compile 16
[2025.05.25-21.04.45:212][ 72]LogShaderCompilers: Display: Worker (7/13): shaders left to compile 15
[2025.05.25-21.04.45:224][ 73]LogShaderCompilers: Display: Worker (4/13): shaders left to compile 14
[2025.05.25-21.04.45:238][ 74]LogShaderCompilers: Display: Worker (9/13): shaders left to compile 13
[2025.05.25-21.04.45:307][ 79]LogShaderCompilers: Display: Worker (5/13): shaders left to compile 12
[2025.05.25-21.04.45:326][ 80]LogShaderCompilers: Display: Worker (1/13): shaders left to compile 11
[2025.05.25-21.04.45:359][ 82]LogShaderCompilers: Display: Worker (4/13): shaders left to compile 10
[2025.05.25-21.04.45:415][ 86]LogShaderCompilers: Display: Worker (11/13): shaders left to compile 9
[2025.05.25-21.04.45:442][ 88]LogShaderCompilers: Display: Worker (2/13): shaders left to compile 8
[2025.05.25-21.04.45:455][ 89]LogShaderCompilers: Display: Worker (3/13): shaders left to compile 7
[2025.05.25-21.04.45:455][ 89]LogShaderCompilers: Display: Worker (6/13): shaders left to compile 6
[2025.05.25-21.04.45:468][ 90]LogShaderCompilers: Display: Worker (8/13): shaders left to compile 5
[2025.05.25-21.04.45:471][ 90]LogEditorTransaction: Undo Edit Default Value
[2025.05.25-21.04.45:475][ 90]LogMaterial: Display: Missing cached shader map for material sound-boom, compiling. 
[2025.05.25-21.04.45:489][ 90]LogShaderCompilers: Display: Worker (7/13): shaders left to compile 21
[2025.05.25-21.04.45:489][ 90]LogShaderCompilers: Display: Worker (9/13): shaders left to compile 20
[2025.05.25-21.04.45:489][ 90]LogShaderCompilers: Display: Worker (10/13): shaders left to compile 19
[2025.05.25-21.04.45:489][ 90]LogShaderCompilers: Display: Worker (12/13): shaders left to compile 18
[2025.05.25-21.04.45:491][ 90]LogMaterial: Display: Missing cached shader map for material sound-boom, compiling. 
[2025.05.25-21.04.45:652][ 98]LogShaderCompilers: Display: Worker (4/13): shaders left to compile 21
[2025.05.25-21.04.45:765][105]LogShaderCompilers: Display: Worker (9/13): shaders left to compile 20
[2025.05.25-21.04.45:780][106]LogShaderCompilers: Display: Worker (12/13): shaders left to compile 19
[2025.05.25-21.04.45:796][107]LogShaderCompilers: Display: Worker (10/13): shaders left to compile 18
[2025.05.25-21.04.45:796][107]LogShaderCompilers: Display: Worker (3/13): shaders left to compile 17
[2025.05.25-21.04.45:811][108]LogShaderCompilers: Display: Worker (7/13): shaders left to compile 16
[2025.05.25-21.04.45:842][110]LogShaderCompilers: Display: Worker (5/13): shaders left to compile 15
[2025.05.25-21.04.45:845][110]LogEditorTransaction: Undo Edit Default Value
[2025.05.25-21.04.45:849][110]LogMaterial: Display: Missing cached shader map for material sound-boom, compiling. 
[2025.05.25-21.04.45:867][110]LogMaterial: Display: Missing cached shader map for material sound-boom, compiling. 
[2025.05.25-21.04.45:915][111]LogShaderCompilers: Display: Worker (1/13): shaders left to compile 21
[2025.05.25-21.04.45:915][111]LogShaderCompilers: Display: Worker (4/13): shaders left to compile 20
[2025.05.25-21.04.45:947][113]LogShaderCompilers: Display: Worker (11/13): shaders left to compile 19
[2025.05.25-21.04.46:007][117]LogShaderCompilers: Display: Worker (2/13): shaders left to compile 18
[2025.05.25-21.04.46:007][117]LogShaderCompilers: Display: Worker (6/13): shaders left to compile 17
[2025.05.25-21.04.46:022][118]LogShaderCompilers: Display: Worker (9/13): shaders left to compile 16
[2025.05.25-21.04.46:036][119]LogShaderCompilers: Display: Worker (8/13): shaders left to compile 15
[2025.05.25-21.04.46:051][120]LogShaderCompilers: Display: Worker (10/13): shaders left to compile 14
[2025.05.25-21.04.46:051][120]LogShaderCompilers: Display: Worker (12/13): shaders left to compile 13
[2025.05.25-21.04.46:063][121]LogShaderCompilers: Display: Worker (7/13): shaders left to compile 12
[2025.05.25-21.04.46:074][122]LogShaderCompilers: Display: Worker (3/13): shaders left to compile 11
[2025.05.25-21.04.46:099][124]LogShaderCompilers: Display: Worker (5/13): shaders left to compile 10
[2025.05.25-21.04.46:140][127]LogShaderCompilers: Display: Worker (1/13): shaders left to compile 9
[2025.05.25-21.04.46:171][129]LogShaderCompilers: Display: Worker (4/13): shaders left to compile 8
[2025.05.25-21.04.46:171][129]LogShaderCompilers: Display: Worker (10/13): shaders left to compile 7
[2025.05.25-21.04.46:200][131]LogShaderCompilers: Display: Worker (11/13): shaders left to compile 6
[2025.05.25-21.04.46:220][132]LogEditorTransaction: Undo Create Pin Link
[2025.05.25-21.04.46:224][132]LogMaterial: Display: Missing cached shader map for material sound-boom, compiling. 
[2025.05.25-21.04.46:239][132]LogMaterial: Display: Missing cached shader map for material sound-boom, compiling. 
[2025.05.25-21.04.46:287][133]LogShaderCompilers: Display: Worker (2/13): shaders left to compile 21
[2025.05.25-21.04.46:287][133]LogShaderCompilers: Display: Worker (6/13): shaders left to compile 20
[2025.05.25-21.04.46:287][133]LogShaderCompilers: Display: Worker (9/13): shaders left to compile 19
[2025.05.25-21.04.46:287][133]LogShaderCompilers: Display: Worker (12/13): shaders left to compile 18
[2025.05.25-21.04.46:287][133]LogShaderCompilers: Display: Worker (8/13): shaders left to compile 17
[2025.05.25-21.04.46:414][140]LogShaderCompilers: Display: Worker (5/13): shaders left to compile 16
[2025.05.25-21.04.46:499][145]LogShaderCompilers: Display: Worker (10/13): shaders left to compile 15
[2025.05.25-21.04.46:558][149]LogShaderCompilers: Display: Worker (2/13): shaders left to compile 14
[2025.05.25-21.04.46:571][150]LogShaderCompilers: Display: Worker (9/13): shaders left to compile 13
[2025.05.25-21.04.46:571][150]LogShaderCompilers: Display: Worker (6/13): shaders left to compile 12
[2025.05.25-21.04.46:571][150]LogShaderCompilers: Display: Worker (12/13): shaders left to compile 11
[2025.05.25-21.04.46:586][151]LogShaderCompilers: Display: Worker (8/13): shaders left to compile 10
[2025.05.25-21.04.46:599][152]LogShaderCompilers: Display: Worker (7/13): shaders left to compile 9
[2025.05.25-21.04.46:626][154]LogEditorTransaction: Undo Move Node
[2025.05.25-21.04.46:630][154]LogMaterial: Display: Missing cached shader map for material sound-boom, compiling. 
[2025.05.25-21.04.46:678][155]LogShaderCompilers: Display: Worker (3/13): shaders left to compile 21
[2025.05.25-21.04.46:678][155]LogShaderCompilers: Display: Worker (5/13): shaders left to compile 20
[2025.05.25-21.04.46:693][156]LogShaderCompilers: Display: Worker (1/13): shaders left to compile 19
[2025.05.25-21.04.46:693][156]LogShaderCompilers: Display: Worker (2/13): shaders left to compile 18
[2025.05.25-21.04.46:720][158]LogShaderCompilers: Display: Worker (4/13): shaders left to compile 17
[2025.05.25-21.04.46:755][160]LogShaderCompilers: Display: Worker (11/13): shaders left to compile 16
[2025.05.25-21.04.46:772][161]LogShaderCompilers: Display: Worker (10/13): shaders left to compile 15
[2025.05.25-21.04.46:789][162]LogShaderCompilers: Display: Worker (9/13): shaders left to compile 14
[2025.05.25-21.04.46:947][171]LogShaderCompilers: Display: Worker (9/13): shaders left to compile 13
[2025.05.25-21.04.46:947][171]LogShaderCompilers: Display: Worker (3/13): shaders left to compile 12
[2025.05.25-21.04.46:947][171]LogShaderCompilers: Display: Worker (8/13): shaders left to compile 11
[2025.05.25-21.04.46:982][173]LogShaderCompilers: Display: Worker (5/13): shaders left to compile 10
[2025.05.25-21.04.46:998][174]LogShaderCompilers: Display: Worker (1/13): shaders left to compile 9
[2025.05.25-21.04.46:998][174]LogShaderCompilers: Display: Worker (2/13): shaders left to compile 8
[2025.05.25-21.04.47:037][177]LogShaderCompilers: Display: Worker (4/13): shaders left to compile 7
[2025.05.25-21.04.47:062][179]LogShaderCompilers: Display: Worker (10/13): shaders left to compile 6
[2025.05.25-21.04.47:062][179]LogShaderCompilers: Display: Worker (11/13): shaders left to compile 5
[2025.05.25-21.04.47:149][184]LogShaderCompilers: Display: Worker (6/13): shaders left to compile 4
[2025.05.25-21.04.47:165][185]LogShaderCompilers: Display: Worker (7/13): shaders left to compile 3
[2025.05.25-21.04.47:165][185]LogShaderCompilers: Display: Worker (9/13): shaders left to compile 2
[2025.05.25-21.04.47:197][186]LogShaderCompilers: Display: Worker (12/13): shaders left to compile 1
[2025.05.25-21.04.47:631][216]MaterialEditorStats: Base pass shader: 120 instructions
[2025.05.25-21.04.47:631][216]MaterialEditorStats: Base pass shader with Volumetric Lightmap: 194 instructions
[2025.05.25-21.04.47:631][216]MaterialEditorStats: Base pass vertex shader: 40 instructions
[2025.05.25-21.04.47:631][216]MaterialEditorStats: Texture samplers: 3/16
[2025.05.25-21.05.01:965][886]LogEditorTransaction: Undo Modify Component(s)
[2025.05.25-21.05.01:972][886]LogMaterial: Display: Missing cached shader map for material sound-boom, compiling. 
[2025.05.25-21.05.02:004][887]LogShaderCompilers: Display: Worker (1/13): shaders left to compile 21
[2025.05.25-21.05.02:004][887]LogShaderCompilers: Display: Worker (2/13): shaders left to compile 20
[2025.05.25-21.05.02:004][887]LogShaderCompilers: Display: Worker (3/13): shaders left to compile 19
[2025.05.25-21.05.02:004][887]LogShaderCompilers: Display: Worker (4/13): shaders left to compile 18
[2025.05.25-21.05.02:004][887]LogShaderCompilers: Display: Worker (5/13): shaders left to compile 17
[2025.05.25-21.05.02:004][887]LogShaderCompilers: Display: Worker (6/13): shaders left to compile 16
[2025.05.25-21.05.02:004][887]LogShaderCompilers: Display: Worker (7/13): shaders left to compile 15
[2025.05.25-21.05.02:004][887]LogShaderCompilers: Display: Worker (8/13): shaders left to compile 14
[2025.05.25-21.05.02:004][887]LogShaderCompilers: Display: Worker (9/13): shaders left to compile 13
[2025.05.25-21.05.02:004][887]LogShaderCompilers: Display: Worker (10/13): shaders left to compile 12
[2025.05.25-21.05.02:004][887]LogShaderCompilers: Display: Worker (11/13): shaders left to compile 11
[2025.05.25-21.05.02:004][887]LogShaderCompilers: Display: Worker (12/13): shaders left to compile 10
[2025.05.25-21.05.02:169][897]LogShaderCompilers: Display: Worker (8/13): shaders left to compile 9
[2025.05.25-21.05.02:278][901]LogShaderCompilers: Display: Worker (3/13): shaders left to compile 8
[2025.05.25-21.05.02:278][901]LogShaderCompilers: Display: Worker (2/13): shaders left to compile 7
[2025.05.25-21.05.02:278][901]LogShaderCompilers: Display: Worker (9/13): shaders left to compile 6
[2025.05.25-21.05.02:279][901]LogShaderCompilers: Display: Worker (1/13): shaders left to compile 5
[2025.05.25-21.05.02:279][901]LogShaderCompilers: Display: Worker (5/13): shaders left to compile 4
[2025.05.25-21.05.02:295][902]LogShaderCompilers: Display: Worker (4/13): shaders left to compile 3
[2025.05.25-21.05.02:295][902]LogShaderCompilers: Display: Worker (6/13): shaders left to compile 2
[2025.05.25-21.05.02:295][902]LogShaderCompilers: Display: Worker (7/13): shaders left to compile 1
[2025.05.25-21.05.02:762][935]MaterialEditorStats: Base pass shader: 120 instructions
[2025.05.25-21.05.02:763][935]MaterialEditorStats: Base pass shader with Volumetric Lightmap: 194 instructions
[2025.05.25-21.05.02:763][935]MaterialEditorStats: Base pass vertex shader: 40 instructions
[2025.05.25-21.05.02:763][935]MaterialEditorStats: Texture samplers: 3/16
[2025.05.25-21.05.03:092][974]LogSlate: FSceneViewport::OnFocusLost() reason 0
[2025.05.25-21.05.07:000][438]LogEditorTransaction: Undo Set Scale
[2025.05.25-21.05.07:005][438]LogMaterial: Display: Missing cached shader map for material sound-boom, compiling. 
[2025.05.25-21.05.07:037][439]LogShaderCompilers: Display: Worker (1/13): shaders left to compile 21
[2025.05.25-21.05.07:037][439]LogShaderCompilers: Display: Worker (2/13): shaders left to compile 20
[2025.05.25-21.05.07:037][439]LogShaderCompilers: Display: Worker (3/13): shaders left to compile 19
[2025.05.25-21.05.07:038][439]LogShaderCompilers: Display: Worker (4/13): shaders left to compile 18
[2025.05.25-21.05.07:038][439]LogShaderCompilers: Display: Worker (5/13): shaders left to compile 17
[2025.05.25-21.05.07:038][439]LogShaderCompilers: Display: Worker (6/13): shaders left to compile 16
[2025.05.25-21.05.07:038][439]LogShaderCompilers: Display: Worker (7/13): shaders left to compile 15
[2025.05.25-21.05.07:038][439]LogShaderCompilers: Display: Worker (8/13): shaders left to compile 14
[2025.05.25-21.05.07:038][439]LogShaderCompilers: Display: Worker (9/13): shaders left to compile 13
[2025.05.25-21.05.07:038][439]LogShaderCompilers: Display: Worker (10/13): shaders left to compile 12
[2025.05.25-21.05.07:038][439]LogShaderCompilers: Display: Worker (11/13): shaders left to compile 11
[2025.05.25-21.05.07:038][439]LogShaderCompilers: Display: Worker (12/13): shaders left to compile 10
[2025.05.25-21.05.07:169][448]LogShaderCompilers: Display: Worker (8/13): shaders left to compile 9
[2025.05.25-21.05.07:300][453]LogShaderCompilers: Display: Worker (3/13): shaders left to compile 8
[2025.05.25-21.05.07:301][453]LogShaderCompilers: Display: Worker (2/13): shaders left to compile 7
[2025.05.25-21.05.07:301][453]LogShaderCompilers: Display: Worker (9/13): shaders left to compile 6
[2025.05.25-21.05.07:301][453]LogShaderCompilers: Display: Worker (1/13): shaders left to compile 5
[2025.05.25-21.05.07:301][453]LogShaderCompilers: Display: Worker (5/13): shaders left to compile 4
[2025.05.25-21.05.07:321][454]LogShaderCompilers: Display: Worker (7/13): shaders left to compile 3
[2025.05.25-21.05.07:321][454]LogShaderCompilers: Display: Worker (4/13): shaders left to compile 2
[2025.05.25-21.05.07:324][455]LogShaderCompilers: Display: Worker (6/13): shaders left to compile 1
[2025.05.25-21.05.07:779][489]MaterialEditorStats: Base pass shader: 120 instructions
[2025.05.25-21.05.07:779][489]MaterialEditorStats: Base pass shader with Volumetric Lightmap: 194 instructions
[2025.05.25-21.05.07:779][489]MaterialEditorStats: Base pass vertex shader: 40 instructions
[2025.05.25-21.05.07:779][489]MaterialEditorStats: Texture samplers: 3/16
[2025.05.25-21.05.18:714][782]LogSlate: FSceneViewport::OnFocusLost() reason 0
[2025.05.25-21.05.18:797][792]BlueprintLog: New page: Compile projectile-sound
[2025.05.25-21.05.18:983][792]LogUObjectHash: Compacting FUObjectHashTables data took   2.76ms
[2025.05.25-21.05.22:361][146]LogEditorViewport: Clicking on Actor (LMB): 2DSideScrollerCharacter_C (2DSideScrollerCharacter)
[2025.05.25-21.05.23:269][240]LogSlate: FSceneViewport::OnFocusLost() reason 2
[2025.05.25-21.05.24:211][349]LogSlate: FSceneViewport::OnFocusLost() reason 5
[2025.05.25-21.05.24:215][349]LogAssetEditorManager: Opening Asset editor for Blueprint /Game/2DSideScrollerBP/Blueprints/2DSideScrollerCharacter.2DSideScrollerCharacter
[2025.05.25-21.05.39:699][897]Cmd: OBJ SAVEPACKAGE PACKAGE="/Game/2DSideScrollerBP/Blueprints/2DSideScrollerCharacter" FILE="H:/homebound/project file/Content/2DSideScrollerBP/Blueprints/2DSideScrollerCharacter.uasset" SILENT=true
[2025.05.25-21.05.39:956][897]LogSavePackage: Moving 'H:/homebound/project file/Saved/2DSideScrollerCharacterEDC7B036443D4F6D6D6544B0AE5D854F.tmp' to 'H:/homebound/project file/Content/2DSideScrollerBP/Blueprints/2DSideScrollerCharacter.uasset'
[2025.05.25-21.05.41:749][ 43]LogSlate: FSceneViewport::OnFocusLost() reason 0
[2025.05.25-21.06.05:874][824]BlueprintLog: New page: Compile 2DSideScrollerCharacter
[2025.05.25-21.06.06:216][824]LogUObjectHash: Compacting FUObjectHashTables data took   3.43ms
[2025.05.25-21.06.29:292][128]LogUObjectHash: Compacting FUObjectHashTables data took   3.24ms
[2025.05.25-21.06.30:191][128]LogSlate: Window 'Save Content' being destroyed
[2025.05.25-21.06.30:203][128]LogSlate: FSceneViewport::OnFocusLost() reason 5
[2025.05.25-21.06.30:209][128]Cmd: OBJ SAVEPACKAGE PACKAGE="/Game/2DSideScrollerBP/Blueprints/2DSideScrollerCharacter" FILE="H:/homebound/project file/Content/2DSideScrollerBP/Blueprints/2DSideScrollerCharacter.uasset" SILENT=true
[2025.05.25-21.06.30:304][128]LogSavePackage: Moving 'H:/homebound/project file/Saved/2DSideScrollerCharacterAEA251DA406E14C3505787A4AB6B58DB.tmp' to 'H:/homebound/project file/Content/2DSideScrollerBP/Blueprints/2DSideScrollerCharacter.uasset'
[2025.05.25-21.06.30:459][128]LogUObjectHash: Compacting FUObjectHashTables data took   0.72ms
[2025.05.25-21.06.30:608][128]LogSavePackage: Moving 'H:/homebound/project file/Saved/2DSideScrollerExampleMap5267543C452EFAA15780539E7E870935.tmp' to 'H:/homebound/project file/Content/2DSideScrollerBP/Maps/2DSideScrollerExampleMap.umap'
[2025.05.25-21.06.30:754][128]LogFileHelpers: Saving map '2DSideScrollerExampleMap' took 0.361
[2025.05.25-21.06.30:760][128]Cmd: OBJ SAVEPACKAGE PACKAGE="/Game/2DSideScrollerBP/projectiles-2-sound/projectile-sound" FILE="H:/homebound/project file/Content/2DSideScrollerBP/projectiles-2-sound/projectile-sound.uasset" SILENT=true
[2025.05.25-21.06.30:822][128]LogSavePackage: Moving 'H:/homebound/project file/Saved/projectile-soundCBAF381946988F159B3B96A30EEB8FA0.tmp' to 'H:/homebound/project file/Content/2DSideScrollerBP/projectiles-2-sound/projectile-sound.uasset'
[2025.05.25-21.06.30:901][128]Cmd: OBJ SAVEPACKAGE PACKAGE="/Game/2DSideScrollerBP/projectiles-2-sound/sound-boom" FILE="H:/homebound/project file/Content/2DSideScrollerBP/projectiles-2-sound/sound-boom.uasset" SILENT=true
[2025.05.25-21.06.30:941][128]LogSavePackage: Moving 'H:/homebound/project file/Saved/sound-boomAFCD9D9242156E036AF709B80073C4AB.tmp' to 'H:/homebound/project file/Content/2DSideScrollerBP/projectiles-2-sound/sound-boom.uasset'
[2025.05.25-21.06.42:464][298]LogSlate: FSceneViewport::OnFocusLost() reason 0
[2025.05.25-21.07.32:882][149]LogFactory: FactoryCreateFile: Texture with ReimportTextureFactory (0 0 C:\Users\zack1\Desktop\game jam 2025\game jam 2025 animation\character walking cv.2\0024.png)
[2025.05.25-21.07.32:915][149]LogTexture: Display: Building textures: 0024 (AutoDXT, 1920X1080)
[2025.05.25-21.07.34:547][149]LogFactory: FactoryCreateFile: Texture with ReimportTextureFactory (0 0 C:\Users\zack1\Desktop\game jam 2025\game jam 2025 animation\character walking cv.2\0025.png)
[2025.05.25-21.07.34:579][149]LogTexture: Display: Building textures: 0025 (AutoDXT, 1920X1080)
[2025.05.25-21.07.36:232][149]LogFactory: FactoryCreateFile: Texture with ReimportTextureFactory (0 0 C:\Users\zack1\Desktop\game jam 2025\game jam 2025 animation\character walking cv.2\0026.png)
[2025.05.25-21.07.36:263][149]LogTexture: Display: Building textures: 0026 (AutoDXT, 1920X1080)
[2025.05.25-21.07.37:978][149]LogFactory: FactoryCreateFile: Texture with ReimportTextureFactory (0 0 C:\Users\zack1\Desktop\game jam 2025\game jam 2025 animation\character walking cv.2\0027.png)
[2025.05.25-21.07.38:010][149]LogTexture: Display: Building textures: 0027 (AutoDXT, 1920X1080)
[2025.05.25-21.07.39:725][149]LogFactory: FactoryCreateFile: Texture with ReimportTextureFactory (0 0 C:\Users\zack1\Desktop\game jam 2025\game jam 2025 animation\character walking cv.2\0028.png)
[2025.05.25-21.07.39:758][149]LogTexture: Display: Building textures: 0028 (AutoDXT, 1920X1080)
[2025.05.25-21.07.41:474][149]LogFactory: FactoryCreateFile: Texture with ReimportTextureFactory (0 0 C:\Users\zack1\Desktop\game jam 2025\game jam 2025 animation\character walking cv.2\0029.png)
[2025.05.25-21.07.41:506][149]LogTexture: Display: Building textures: 0029 (AutoDXT, 1920X1080)
[2025.05.25-21.07.43:227][149]LogFactory: FactoryCreateFile: Texture with ReimportTextureFactory (0 0 C:\Users\zack1\Desktop\game jam 2025\game jam 2025 animation\character walking cv.2\0030.png)
[2025.05.25-21.07.43:259][149]LogTexture: Display: Building textures: 0030 (AutoDXT, 1920X1080)
[2025.05.25-21.07.45:001][149]LogFactory: FactoryCreateFile: Texture with ReimportTextureFactory (0 0 C:\Users\zack1\Desktop\game jam 2025\game jam 2025 animation\character walking cv.2\0031.png)
[2025.05.25-21.07.45:034][149]LogTexture: Display: Building textures: 0031 (AutoDXT, 1920X1080)
[2025.05.25-21.07.46:761][149]LogFactory: FactoryCreateFile: Texture with ReimportTextureFactory (0 0 C:\Users\zack1\Desktop\game jam 2025\game jam 2025 animation\character walking cv.2\0032.png)
[2025.05.25-21.07.46:792][149]LogTexture: Display: Building textures: 0032 (AutoDXT, 1920X1080)
[2025.05.25-21.07.48:529][149]LogFactory: FactoryCreateFile: Texture with ReimportTextureFactory (0 0 C:\Users\zack1\Desktop\game jam 2025\game jam 2025 animation\character walking cv.2\0033.png)
[2025.05.25-21.07.48:561][149]LogTexture: Display: Building textures: 0033 (AutoDXT, 1920X1080)
[2025.05.25-21.07.50:200][149]LogFactory: FactoryCreateFile: Texture with ReimportTextureFactory (0 0 C:\Users\zack1\Desktop\game jam 2025\game jam 2025 animation\character walking cv.2\0034.png)
[2025.05.25-21.07.50:232][149]LogTexture: Display: Building textures: 0034 (AutoDXT, 1920X1080)
[2025.05.25-21.07.51:959][149]LogFactory: FactoryCreateFile: Texture with ReimportTextureFactory (0 0 C:\Users\zack1\Desktop\game jam 2025\game jam 2025 animation\character walking cv.2\0035.png)
[2025.05.25-21.07.51:990][149]LogTexture: Display: Building textures: 0035 (AutoDXT, 1920X1080)
[2025.05.25-21.07.53:690][149]LogFactory: FactoryCreateFile: Texture with ReimportTextureFactory (0 0 C:\Users\zack1\Desktop\game jam 2025\game jam 2025 animation\character walking cv.2\0036.png)
[2025.05.25-21.07.53:721][149]LogTexture: Display: Building textures: 0036 (AutoDXT, 1920X1080)
[2025.05.25-21.07.55:366][149]LogFactory: FactoryCreateFile: Texture with ReimportTextureFactory (0 0 C:\Users\zack1\Desktop\game jam 2025\game jam 2025 animation\character walking cv.2\0037.png)
[2025.05.25-21.07.55:398][149]LogTexture: Display: Building textures: 0037 (AutoDXT, 1920X1080)
[2025.05.25-21.07.57:058][149]LogFactory: FactoryCreateFile: Texture with ReimportTextureFactory (0 0 C:\Users\zack1\Desktop\game jam 2025\game jam 2025 animation\character walking cv.2\0038.png)
[2025.05.25-21.07.57:092][149]LogTexture: Display: Building textures: 0038 (AutoDXT, 1920X1080)
[2025.05.25-21.07.58:728][149]LogFactory: FactoryCreateFile: Texture with ReimportTextureFactory (0 0 C:\Users\zack1\Desktop\game jam 2025\game jam 2025 animation\character walking cv.2\0039.png)
[2025.05.25-21.07.58:759][149]LogTexture: Display: Building textures: 0039 (AutoDXT, 1920X1080)
[2025.05.25-21.08.00:421][149]LogFactory: FactoryCreateFile: Texture with ReimportTextureFactory (0 0 C:\Users\zack1\Desktop\game jam 2025\game jam 2025 animation\character walking cv.2\0040.png)
[2025.05.25-21.08.00:452][149]LogTexture: Display: Building textures: 0040 (AutoDXT, 1920X1080)
[2025.05.25-21.08.02:079][149]LogFactory: FactoryCreateFile: Texture with ReimportTextureFactory (0 0 C:\Users\zack1\Desktop\game jam 2025\game jam 2025 animation\character walking cv.2\0041.png)
[2025.05.25-21.08.02:111][149]LogTexture: Display: Building textures: 0041 (AutoDXT, 1920X1080)
[2025.05.25-21.08.03:749][149]LogFactory: FactoryCreateFile: Texture with ReimportTextureFactory (0 0 C:\Users\zack1\Desktop\game jam 2025\game jam 2025 animation\character walking cv.2\0042.png)
[2025.05.25-21.08.03:782][149]LogTexture: Display: Building textures: 0042 (AutoDXT, 1920X1080)
[2025.05.25-21.08.05:421][149]LogFactory: FactoryCreateFile: Texture with ReimportTextureFactory (0 0 C:\Users\zack1\Desktop\game jam 2025\game jam 2025 animation\character walking cv.2\0043.png)
[2025.05.25-21.08.05:453][149]LogTexture: Display: Building textures: 0043 (AutoDXT, 1920X1080)
[2025.05.25-21.08.07:068][149]LogFactory: FactoryCreateFile: Texture with ReimportTextureFactory (0 0 C:\Users\zack1\Desktop\game jam 2025\game jam 2025 animation\character walking cv.2\0044.png)
[2025.05.25-21.08.07:102][149]LogTexture: Display: Building textures: 0044 (AutoDXT, 1920X1080)
[2025.05.25-21.08.08:739][149]LogFactory: FactoryCreateFile: Texture with ReimportTextureFactory (0 0 C:\Users\zack1\Desktop\game jam 2025\game jam 2025 animation\character walking cv.2\0045.png)
[2025.05.25-21.08.08:771][149]LogTexture: Display: Building textures: 0045 (AutoDXT, 1920X1080)
[2025.05.25-21.08.10:398][149]LogFactory: FactoryCreateFile: Texture with ReimportTextureFactory (0 0 C:\Users\zack1\Desktop\game jam 2025\game jam 2025 animation\character walking cv.2\0046.png)
[2025.05.25-21.08.10:432][149]LogTexture: Display: Building textures: 0046 (AutoDXT, 1920X1080)
[2025.05.25-21.08.12:055][149]LogFactory: FactoryCreateFile: Texture with ReimportTextureFactory (0 0 C:\Users\zack1\Desktop\game jam 2025\game jam 2025 animation\character walking cv.2\0047.png)
[2025.05.25-21.08.12:087][149]LogTexture: Display: Building textures: 0047 (AutoDXT, 1920X1080)
[2025.05.25-21.08.13:705][149]LogFactory: FactoryCreateFile: Texture with ReimportTextureFactory (0 0 C:\Users\zack1\Desktop\game jam 2025\game jam 2025 animation\character walking cv.2\0048.png)
[2025.05.25-21.08.13:736][149]LogTexture: Display: Building textures: 0048 (AutoDXT, 1920X1080)
[2025.05.25-21.08.15:398][149]LogFactory: FactoryCreateFile: Texture with ReimportTextureFactory (0 0 C:\Users\zack1\Desktop\game jam 2025\game jam 2025 animation\character walking cv.2\0049.png)
[2025.05.25-21.08.15:430][149]LogTexture: Display: Building textures: 0049 (AutoDXT, 1920X1080)
[2025.05.25-21.08.17:146][149]LogFactory: FactoryCreateFile: Texture with ReimportTextureFactory (0 0 C:\Users\zack1\Desktop\game jam 2025\game jam 2025 animation\character walking cv.2\0050.png)
[2025.05.25-21.08.17:178][149]LogTexture: Display: Building textures: 0050 (AutoDXT, 1920X1080)
[2025.05.25-21.08.18:893][149]LogFactory: FactoryCreateFile: Texture with ReimportTextureFactory (0 0 C:\Users\zack1\Desktop\game jam 2025\game jam 2025 animation\character walking cv.2\0051.png)
[2025.05.25-21.08.18:926][149]LogTexture: Display: Building textures: 0051 (AutoDXT, 1920X1080)
[2025.05.25-21.08.20:553][149]LogFactory: FactoryCreateFile: Texture with ReimportTextureFactory (0 0 C:\Users\zack1\Desktop\game jam 2025\game jam 2025 animation\character walking cv.2\0052.png)
[2025.05.25-21.08.20:585][149]LogTexture: Display: Building textures: 0052 (AutoDXT, 1920X1080)
[2025.05.25-21.08.22:301][149]LogFactory: FactoryCreateFile: Texture with ReimportTextureFactory (0 0 C:\Users\zack1\Desktop\game jam 2025\game jam 2025 animation\character walking cv.2\0053.png)
[2025.05.25-21.08.22:333][149]LogTexture: Display: Building textures: 0053 (AutoDXT, 1920X1080)
[2025.05.25-21.08.24:049][149]LogFactory: FactoryCreateFile: Texture with ReimportTextureFactory (0 0 C:\Users\zack1\Desktop\game jam 2025\game jam 2025 animation\character walking cv.2\0054.png)
[2025.05.25-21.08.24:080][149]LogTexture: Display: Building textures: 0054 (AutoDXT, 1920X1080)
[2025.05.25-21.08.25:733][149]LogFactory: FactoryCreateFile: Texture with ReimportTextureFactory (0 0 C:\Users\zack1\Desktop\game jam 2025\game jam 2025 animation\character walking cv.2\0055.png)
[2025.05.25-21.08.25:766][149]LogTexture: Display: Building textures: 0055 (AutoDXT, 1920X1080)
[2025.05.25-21.08.27:478][149]LogFactory: FactoryCreateFile: Texture with ReimportTextureFactory (0 0 C:\Users\zack1\Desktop\game jam 2025\game jam 2025 animation\character walking cv.2\0056.png)
[2025.05.25-21.08.27:509][149]LogTexture: Display: Building textures: 0056 (AutoDXT, 1920X1080)
[2025.05.25-21.08.29:225][149]LogFactory: FactoryCreateFile: Texture with ReimportTextureFactory (0 0 C:\Users\zack1\Desktop\game jam 2025\game jam 2025 animation\character walking cv.2\0057.png)
[2025.05.25-21.08.29:257][149]LogTexture: Display: Building textures: 0057 (AutoDXT, 1920X1080)
[2025.05.25-21.08.30:885][149]LogFactory: FactoryCreateFile: Texture with ReimportTextureFactory (0 0 C:\Users\zack1\Desktop\game jam 2025\game jam 2025 animation\character walking cv.2\0058.png)
[2025.05.25-21.08.30:916][149]LogTexture: Display: Building textures: 0058 (AutoDXT, 1920X1080)
[2025.05.25-21.08.32:643][149]LogFactory: FactoryCreateFile: Texture with ReimportTextureFactory (0 0 C:\Users\zack1\Desktop\game jam 2025\game jam 2025 animation\character walking cv.2\0059.png)
[2025.05.25-21.08.32:675][149]LogTexture: Display: Building textures: 0059 (AutoDXT, 1920X1080)
[2025.05.25-21.08.34:380][149]LogFactory: FactoryCreateFile: Texture with ReimportTextureFactory (0 0 C:\Users\zack1\Desktop\game jam 2025\game jam 2025 animation\character walking cv.2\0060.png)
[2025.05.25-21.08.34:411][149]LogTexture: Display: Building textures: 0060 (AutoDXT, 1920X1080)
[2025.05.25-21.08.36:059][149]LogFactory: FactoryCreateFile: Texture with ReimportTextureFactory (0 0 C:\Users\zack1\Desktop\game jam 2025\game jam 2025 animation\character walking cv.2\0001.png)
[2025.05.25-21.08.36:090][149]LogTexture: Display: Building textures: 0001 (AutoDXT, 1920X1080)
[2025.05.25-21.08.37:809][149]LogFactory: FactoryCreateFile: Texture with ReimportTextureFactory (0 0 C:\Users\zack1\Desktop\game jam 2025\game jam 2025 animation\character walking cv.2\0002.png)
[2025.05.25-21.08.37:840][149]LogTexture: Display: Building textures: 0002 (AutoDXT, 1920X1080)
[2025.05.25-21.08.39:557][149]LogFactory: FactoryCreateFile: Texture with ReimportTextureFactory (0 0 C:\Users\zack1\Desktop\game jam 2025\game jam 2025 animation\character walking cv.2\0003.png)
[2025.05.25-21.08.39:590][149]LogTexture: Display: Building textures: 0003 (AutoDXT, 1920X1080)
[2025.05.25-21.08.41:239][149]LogFactory: FactoryCreateFile: Texture with ReimportTextureFactory (0 0 C:\Users\zack1\Desktop\game jam 2025\game jam 2025 animation\character walking cv.2\0004.png)
[2025.05.25-21.08.41:271][149]LogTexture: Display: Building textures: 0004 (AutoDXT, 1920X1080)
[2025.05.25-21.08.42:975][149]LogFactory: FactoryCreateFile: Texture with ReimportTextureFactory (0 0 C:\Users\zack1\Desktop\game jam 2025\game jam 2025 animation\character walking cv.2\0005.png)
[2025.05.25-21.08.43:007][149]LogTexture: Display: Building textures: 0005 (AutoDXT, 1920X1080)
[2025.05.25-21.08.44:722][149]LogFactory: FactoryCreateFile: Texture with ReimportTextureFactory (0 0 C:\Users\zack1\Desktop\game jam 2025\game jam 2025 animation\character walking cv.2\0006.png)
[2025.05.25-21.08.44:756][149]LogTexture: Display: Building textures: 0006 (AutoDXT, 1920X1080)
[2025.05.25-21.08.46:470][149]LogFactory: FactoryCreateFile: Texture with ReimportTextureFactory (0 0 C:\Users\zack1\Desktop\game jam 2025\game jam 2025 animation\character walking cv.2\0007.png)
[2025.05.25-21.08.46:502][149]LogTexture: Display: Building textures: 0007 (AutoDXT, 1920X1080)
[2025.05.25-21.08.48:218][149]LogFactory: FactoryCreateFile: Texture with ReimportTextureFactory (0 0 C:\Users\zack1\Desktop\game jam 2025\game jam 2025 animation\character walking cv.2\0008.png)
[2025.05.25-21.08.48:249][149]LogTexture: Display: Building textures: 0008 (AutoDXT, 1920X1080)
[2025.05.25-21.08.49:977][149]LogFactory: FactoryCreateFile: Texture with ReimportTextureFactory (0 0 C:\Users\zack1\Desktop\game jam 2025\game jam 2025 animation\character walking cv.2\0009.png)
[2025.05.25-21.08.50:008][149]LogTexture: Display: Building textures: 0009 (AutoDXT, 1920X1080)
[2025.05.25-21.08.51:747][149]LogFactory: FactoryCreateFile: Texture with ReimportTextureFactory (0 0 C:\Users\zack1\Desktop\game jam 2025\game jam 2025 animation\character walking cv.2\0010.png)
[2025.05.25-21.08.51:779][149]LogTexture: Display: Building textures: 0010 (AutoDXT, 1920X1080)
[2025.05.25-21.08.53:515][149]LogFactory: FactoryCreateFile: Texture with ReimportTextureFactory (0 0 C:\Users\zack1\Desktop\game jam 2025\game jam 2025 animation\character walking cv.2\0011.png)
[2025.05.25-21.08.53:551][149]LogTexture: Display: Building textures: 0011 (AutoDXT, 1920X1080)
[2025.05.25-21.08.55:198][149]LogFactory: FactoryCreateFile: Texture with ReimportTextureFactory (0 0 C:\Users\zack1\Desktop\game jam 2025\game jam 2025 animation\character walking cv.2\0012.png)
[2025.05.25-21.08.55:230][149]LogTexture: Display: Building textures: 0012 (AutoDXT, 1920X1080)
[2025.05.25-21.08.56:968][149]LogFactory: FactoryCreateFile: Texture with ReimportTextureFactory (0 0 C:\Users\zack1\Desktop\game jam 2025\game jam 2025 animation\character walking cv.2\0013.png)
[2025.05.25-21.08.56:999][149]LogTexture: Display: Building textures: 0013 (AutoDXT, 1920X1080)
[2025.05.25-21.08.58:647][149]LogFactory: FactoryCreateFile: Texture with ReimportTextureFactory (0 0 C:\Users\zack1\Desktop\game jam 2025\game jam 2025 animation\character walking cv.2\0014.png)
[2025.05.25-21.08.58:679][149]LogTexture: Display: Building textures: 0014 (AutoDXT, 1920X1080)
[2025.05.25-21.09.00:419][149]LogFactory: FactoryCreateFile: Texture with ReimportTextureFactory (0 0 C:\Users\zack1\Desktop\game jam 2025\game jam 2025 animation\character walking cv.2\0015.png)
[2025.05.25-21.09.00:450][149]LogTexture: Display: Building textures: 0015 (AutoDXT, 1920X1080)
[2025.05.25-21.09.02:155][149]LogFactory: FactoryCreateFile: Texture with ReimportTextureFactory (0 0 C:\Users\zack1\Desktop\game jam 2025\game jam 2025 animation\character walking cv.2\0016.png)
[2025.05.25-21.09.02:188][149]LogTexture: Display: Building textures: 0016 (AutoDXT, 1920X1080)
[2025.05.25-21.09.03:915][149]LogFactory: FactoryCreateFile: Texture with ReimportTextureFactory (0 0 C:\Users\zack1\Desktop\game jam 2025\game jam 2025 animation\character walking cv.2\0017.png)
[2025.05.25-21.09.03:946][149]LogTexture: Display: Building textures: 0017 (AutoDXT, 1920X1080)
[2025.05.25-21.09.05:673][149]LogFactory: FactoryCreateFile: Texture with ReimportTextureFactory (0 0 C:\Users\zack1\Desktop\game jam 2025\game jam 2025 animation\character walking cv.2\0018.png)
[2025.05.25-21.09.05:703][149]LogTexture: Display: Building textures: 0018 (AutoDXT, 1920X1080)
[2025.05.25-21.09.07:442][149]LogFactory: FactoryCreateFile: Texture with ReimportTextureFactory (0 0 C:\Users\zack1\Desktop\game jam 2025\game jam 2025 animation\character walking cv.2\0019.png)
[2025.05.25-21.09.07:474][149]LogTexture: Display: Building textures: 0019 (AutoDXT, 1920X1080)
[2025.05.25-21.09.09:201][149]LogFactory: FactoryCreateFile: Texture with ReimportTextureFactory (0 0 C:\Users\zack1\Desktop\game jam 2025\game jam 2025 animation\character walking cv.2\0020.png)
[2025.05.25-21.09.09:233][149]LogTexture: Display: Building textures: 0020 (AutoDXT, 1920X1080)
[2025.05.25-21.09.10:943][149]LogFactory: FactoryCreateFile: Texture with ReimportTextureFactory (0 0 C:\Users\zack1\Desktop\game jam 2025\game jam 2025 animation\character walking cv.2\0021.png)
[2025.05.25-21.09.10:978][149]LogTexture: Display: Building textures: 0021 (AutoDXT, 1920X1080)
[2025.05.25-21.09.12:698][149]LogFactory: FactoryCreateFile: Texture with ReimportTextureFactory (0 0 C:\Users\zack1\Desktop\game jam 2025\game jam 2025 animation\character walking cv.2\0022.png)
[2025.05.25-21.09.12:730][149]LogTexture: Display: Building textures: 0022 (AutoDXT, 1920X1080)
[2025.05.25-21.09.14:455][149]LogFactory: FactoryCreateFile: Texture with ReimportTextureFactory (0 0 C:\Users\zack1\Desktop\game jam 2025\game jam 2025 animation\character walking cv.2\0023.png)
[2025.05.25-21.09.14:489][149]LogTexture: Display: Building textures: 0023 (AutoDXT, 1920X1080)
[2025.05.25-21.09.58:122][848]LogSavePackage: Moving 'H:/homebound/project file/Saved/0001_Sprite4B3F85644517E41D235412BD9BB36390.tmp' to 'H:/homebound/project file/Content/2DSideScrollerBP/character-sprites/character-sprite/0001_Sprite.uasset'
[2025.05.25-21.09.58:249][848]LogSavePackage: Moving 'H:/homebound/project file/Saved/0002_Sprite8C91E8464D2C65CAE237EDA2A25BC708.tmp' to 'H:/homebound/project file/Content/2DSideScrollerBP/character-sprites/character-sprite/0002_Sprite.uasset'
[2025.05.25-21.09.58:392][848]LogSavePackage: Moving 'H:/homebound/project file/Saved/0003_Sprite75F0C62A4417065BD13B9F8423660B3D.tmp' to 'H:/homebound/project file/Content/2DSideScrollerBP/character-sprites/character-sprite/0003_Sprite.uasset'
[2025.05.25-21.09.58:554][848]LogSavePackage: Moving 'H:/homebound/project file/Saved/0004_Sprite2315FC0A4E617A9EC90658A6B19039DF.tmp' to 'H:/homebound/project file/Content/2DSideScrollerBP/character-sprites/character-sprite/0004_Sprite.uasset'
[2025.05.25-21.09.58:671][848]LogSavePackage: Moving 'H:/homebound/project file/Saved/0005_Sprite843C7C92483EDDD66E1CCC8FA122A430.tmp' to 'H:/homebound/project file/Content/2DSideScrollerBP/character-sprites/character-sprite/0005_Sprite.uasset'
[2025.05.25-21.09.58:811][848]LogSavePackage: Moving 'H:/homebound/project file/Saved/0006_Sprite8525835A41F2F193E31A15A8C530EE7A.tmp' to 'H:/homebound/project file/Content/2DSideScrollerBP/character-sprites/character-sprite/0006_Sprite.uasset'
[2025.05.25-21.09.58:991][848]LogSavePackage: Moving 'H:/homebound/project file/Saved/0007_Sprite460F1A144D0F81D794534DB9A5D8C6C8.tmp' to 'H:/homebound/project file/Content/2DSideScrollerBP/character-sprites/character-sprite/0007_Sprite.uasset'
[2025.05.25-21.09.59:108][848]LogSavePackage: Moving 'H:/homebound/project file/Saved/0008_Sprite0AB8414E4DCF588321AD848E51FB5E7B.tmp' to 'H:/homebound/project file/Content/2DSideScrollerBP/character-sprites/character-sprite/0008_Sprite.uasset'
[2025.05.25-21.09.59:265][848]LogSavePackage: Moving 'H:/homebound/project file/Saved/0009_Sprite51B0692D49D68994738914A313B3DF25.tmp' to 'H:/homebound/project file/Content/2DSideScrollerBP/character-sprites/character-sprite/0009_Sprite.uasset'
[2025.05.25-21.09.59:388][848]LogSavePackage: Moving 'H:/homebound/project file/Saved/0010_SpriteFF34CFE24517312E2678399D65F40AC6.tmp' to 'H:/homebound/project file/Content/2DSideScrollerBP/character-sprites/character-sprite/0010_Sprite.uasset'
[2025.05.25-21.09.59:542][848]LogSavePackage: Moving 'H:/homebound/project file/Saved/0011_Sprite89D20E9741B625A728DF73BADBBC45C8.tmp' to 'H:/homebound/project file/Content/2DSideScrollerBP/character-sprites/character-sprite/0011_Sprite.uasset'
[2025.05.25-21.09.59:659][848]LogSavePackage: Moving 'H:/homebound/project file/Saved/0012_SpriteD15B72354BBDE415713C14AB78C2F21A.tmp' to 'H:/homebound/project file/Content/2DSideScrollerBP/character-sprites/character-sprite/0012_Sprite.uasset'
[2025.05.25-21.09.59:799][848]LogSavePackage: Moving 'H:/homebound/project file/Saved/0013_SpriteA7CDC3974B687AD327FF808A265A0609.tmp' to 'H:/homebound/project file/Content/2DSideScrollerBP/character-sprites/character-sprite/0013_Sprite.uasset'
[2025.05.25-21.09.59:917][848]LogSavePackage: Moving 'H:/homebound/project file/Saved/0014_SpriteE3A26C56469A7E523D14939927FC42CB.tmp' to 'H:/homebound/project file/Content/2DSideScrollerBP/character-sprites/character-sprite/0014_Sprite.uasset'
[2025.05.25-21.10.00:046][848]LogSavePackage: Moving 'H:/homebound/project file/Saved/0015_Sprite522BC70340AA295A2AB97FB67B821880.tmp' to 'H:/homebound/project file/Content/2DSideScrollerBP/character-sprites/character-sprite/0015_Sprite.uasset'
[2025.05.25-21.10.00:754][848]LogSavePackage: Moving 'H:/homebound/project file/Saved/0016_Sprite8D44C8E44133FA34E1443CAC8BB97054.tmp' to 'H:/homebound/project file/Content/2DSideScrollerBP/character-sprites/character-sprite/0016_Sprite.uasset'
[2025.05.25-21.10.01:391][848]LogSavePackage: Moving 'H:/homebound/project file/Saved/0017_Sprite9A444EE446E91BF9B0D5FC8A9C66A6A8.tmp' to 'H:/homebound/project file/Content/2DSideScrollerBP/character-sprites/character-sprite/0017_Sprite.uasset'
[2025.05.25-21.10.01:554][848]LogSavePackage: Moving 'H:/homebound/project file/Saved/0018_Sprite5ABF573D4FDEAB0B624350A1226AA1B7.tmp' to 'H:/homebound/project file/Content/2DSideScrollerBP/character-sprites/character-sprite/0018_Sprite.uasset'
[2025.05.25-21.10.01:678][848]LogSavePackage: Moving 'H:/homebound/project file/Saved/0019_Sprite9E2FFAB74639BC30F8555BBEEA46DA59.tmp' to 'H:/homebound/project file/Content/2DSideScrollerBP/character-sprites/character-sprite/0019_Sprite.uasset'
[2025.05.25-21.10.01:811][848]LogSavePackage: Moving 'H:/homebound/project file/Saved/0020_Sprite07153C8C44430B166DED42936FD6AD84.tmp' to 'H:/homebound/project file/Content/2DSideScrollerBP/character-sprites/character-sprite/0020_Sprite.uasset'
[2025.05.25-21.10.01:947][848]LogSavePackage: Moving 'H:/homebound/project file/Saved/0021_Sprite0C35F56E4151AEE448363C952D5B75D1.tmp' to 'H:/homebound/project file/Content/2DSideScrollerBP/character-sprites/character-sprite/0021_Sprite.uasset'
[2025.05.25-21.10.02:084][848]LogSavePackage: Moving 'H:/homebound/project file/Saved/0022_Sprite7042267248461471752613A814EF39ED.tmp' to 'H:/homebound/project file/Content/2DSideScrollerBP/character-sprites/character-sprite/0022_Sprite.uasset'
[2025.05.25-21.10.02:204][848]LogSavePackage: Moving 'H:/homebound/project file/Saved/0023_Sprite9B6CB5DC4128D77AD896C3A7AE2EBB29.tmp' to 'H:/homebound/project file/Content/2DSideScrollerBP/character-sprites/character-sprite/0023_Sprite.uasset'
[2025.05.25-21.10.02:331][848]LogSavePackage: Moving 'H:/homebound/project file/Saved/0024_Sprite3602BB064D9281AC5AE82A8CB443A725.tmp' to 'H:/homebound/project file/Content/2DSideScrollerBP/character-sprites/character-sprite/0024_Sprite.uasset'
[2025.05.25-21.10.02:440][848]LogSavePackage: Moving 'H:/homebound/project file/Saved/0025_SpriteBDAA2BCE45E57F6FE12E628AB36A5B61.tmp' to 'H:/homebound/project file/Content/2DSideScrollerBP/character-sprites/character-sprite/0025_Sprite.uasset'
[2025.05.25-21.10.02:588][848]LogSavePackage: Moving 'H:/homebound/project file/Saved/0026_Sprite28720E754769F424498BDC8869C4BA61.tmp' to 'H:/homebound/project file/Content/2DSideScrollerBP/character-sprites/character-sprite/0026_Sprite.uasset'
[2025.05.25-21.10.02:706][848]LogSavePackage: Moving 'H:/homebound/project file/Saved/0027_Sprite3729F51747507EA0E9492C9DDA927D35.tmp' to 'H:/homebound/project file/Content/2DSideScrollerBP/character-sprites/character-sprite/0027_Sprite.uasset'
[2025.05.25-21.10.02:840][848]LogSavePackage: Moving 'H:/homebound/project file/Saved/0028_SpriteCCCD4F294F59EC52FD514CB21822F459.tmp' to 'H:/homebound/project file/Content/2DSideScrollerBP/character-sprites/character-sprite/0028_Sprite.uasset'
[2025.05.25-21.10.02:995][848]LogSavePackage: Moving 'H:/homebound/project file/Saved/0029_Sprite32F2E09E4D5D08B85237D0904EFC6E9B.tmp' to 'H:/homebound/project file/Content/2DSideScrollerBP/character-sprites/character-sprite/0029_Sprite.uasset'
[2025.05.25-21.10.03:124][848]LogSavePackage: Moving 'H:/homebound/project file/Saved/0030_SpriteC86CB51A4CC74AA5E7066BA95D434291.tmp' to 'H:/homebound/project file/Content/2DSideScrollerBP/character-sprites/character-sprite/0030_Sprite.uasset'
[2025.05.25-21.10.03:315][848]LogSavePackage: Moving 'H:/homebound/project file/Saved/0031_SpriteD0348F5840947E7EB9D66C89A62FD373.tmp' to 'H:/homebound/project file/Content/2DSideScrollerBP/character-sprites/character-sprite/0031_Sprite.uasset'
[2025.05.25-21.10.03:455][848]LogSavePackage: Moving 'H:/homebound/project file/Saved/0032_Sprite700ED7F54C502B102FF87784D12FCB4C.tmp' to 'H:/homebound/project file/Content/2DSideScrollerBP/character-sprites/character-sprite/0032_Sprite.uasset'
[2025.05.25-21.10.03:624][848]LogSavePackage: Moving 'H:/homebound/project file/Saved/0033_Sprite58760AE6438D1D58396936ACF70F39A5.tmp' to 'H:/homebound/project file/Content/2DSideScrollerBP/character-sprites/character-sprite/0033_Sprite.uasset'
[2025.05.25-21.10.03:768][848]LogSavePackage: Moving 'H:/homebound/project file/Saved/0034_Sprite7E3527B14365A24C752698A92CF37FDC.tmp' to 'H:/homebound/project file/Content/2DSideScrollerBP/character-sprites/character-sprite/0034_Sprite.uasset'
[2025.05.25-21.10.03:930][848]LogSavePackage: Moving 'H:/homebound/project file/Saved/0035_SpriteA6DA0E0F49244B43F13DE88EACE71399.tmp' to 'H:/homebound/project file/Content/2DSideScrollerBP/character-sprites/character-sprite/0035_Sprite.uasset'
[2025.05.25-21.10.04:132][848]LogSavePackage: Moving 'H:/homebound/project file/Saved/0036_SpriteBD8C4E9B4D5584D3EA17459FCD77A81A.tmp' to 'H:/homebound/project file/Content/2DSideScrollerBP/character-sprites/character-sprite/0036_Sprite.uasset'
[2025.05.25-21.10.04:284][848]LogSavePackage: Moving 'H:/homebound/project file/Saved/0037_Sprite8D2C1DAC47A3B81F02013BAF15156541.tmp' to 'H:/homebound/project file/Content/2DSideScrollerBP/character-sprites/character-sprite/0037_Sprite.uasset'
[2025.05.25-21.10.04:458][848]LogSavePackage: Moving 'H:/homebound/project file/Saved/0038_Sprite537F9E7C4AD77E76F1D8F99DC6931F37.tmp' to 'H:/homebound/project file/Content/2DSideScrollerBP/character-sprites/character-sprite/0038_Sprite.uasset'
[2025.05.25-21.10.04:631][848]LogSavePackage: Moving 'H:/homebound/project file/Saved/0039_Sprite878828D344C6814E517DFEA91FA2A89B.tmp' to 'H:/homebound/project file/Content/2DSideScrollerBP/character-sprites/character-sprite/0039_Sprite.uasset'
[2025.05.25-21.10.04:787][848]LogSavePackage: Moving 'H:/homebound/project file/Saved/0040_SpriteB8AA7819464A8C811A6E0CAEF013BD8B.tmp' to 'H:/homebound/project file/Content/2DSideScrollerBP/character-sprites/character-sprite/0040_Sprite.uasset'
[2025.05.25-21.10.04:931][848]LogSavePackage: Moving 'H:/homebound/project file/Saved/0041_SpriteF507DCB4417AB4C7D1125287EED264A6.tmp' to 'H:/homebound/project file/Content/2DSideScrollerBP/character-sprites/character-sprite/0041_Sprite.uasset'
[2025.05.25-21.10.05:100][848]LogSavePackage: Moving 'H:/homebound/project file/Saved/0042_Sprite64ADF5324A8A26792317DE95CAE98A0E.tmp' to 'H:/homebound/project file/Content/2DSideScrollerBP/character-sprites/character-sprite/0042_Sprite.uasset'
[2025.05.25-21.10.05:229][848]LogSavePackage: Moving 'H:/homebound/project file/Saved/0043_SpriteEE0C2BA24AADA5ADD07BFD98092FA563.tmp' to 'H:/homebound/project file/Content/2DSideScrollerBP/character-sprites/character-sprite/0043_Sprite.uasset'
[2025.05.25-21.10.05:347][848]LogSavePackage: Moving 'H:/homebound/project file/Saved/0044_Sprite4DE17F81410CA4627E5C5CA8B5355492.tmp' to 'H:/homebound/project file/Content/2DSideScrollerBP/character-sprites/character-sprite/0044_Sprite.uasset'
[2025.05.25-21.10.05:543][848]LogSavePackage: Moving 'H:/homebound/project file/Saved/0045_SpriteDCAA9AAA44E15088C557B29673493986.tmp' to 'H:/homebound/project file/Content/2DSideScrollerBP/character-sprites/character-sprite/0045_Sprite.uasset'
[2025.05.25-21.10.05:705][848]LogSavePackage: Moving 'H:/homebound/project file/Saved/0046_SpriteDC715F514C7FC4A3EC0796A2FCDDF02F.tmp' to 'H:/homebound/project file/Content/2DSideScrollerBP/character-sprites/character-sprite/0046_Sprite.uasset'
[2025.05.25-21.10.05:886][848]LogSavePackage: Moving 'H:/homebound/project file/Saved/0047_SpriteB05C02194C9E7A02523B228221BD5114.tmp' to 'H:/homebound/project file/Content/2DSideScrollerBP/character-sprites/character-sprite/0047_Sprite.uasset'
[2025.05.25-21.10.06:034][848]LogSavePackage: Moving 'H:/homebound/project file/Saved/0048_Sprite8175E0EF4B5471CB63D99F81C4593032.tmp' to 'H:/homebound/project file/Content/2DSideScrollerBP/character-sprites/character-sprite/0048_Sprite.uasset'
[2025.05.25-21.10.06:157][848]LogSavePackage: Moving 'H:/homebound/project file/Saved/0049_Sprite082D1EBD4F7C67867CC12A889BF49B4A.tmp' to 'H:/homebound/project file/Content/2DSideScrollerBP/character-sprites/character-sprite/0049_Sprite.uasset'
[2025.05.25-21.10.06:282][848]LogSavePackage: Moving 'H:/homebound/project file/Saved/0050_Sprite96562DAA483B9EB6540AF98EA2BD5E8A.tmp' to 'H:/homebound/project file/Content/2DSideScrollerBP/character-sprites/character-sprite/0050_Sprite.uasset'
[2025.05.25-21.10.06:394][848]LogSavePackage: Moving 'H:/homebound/project file/Saved/0051_Sprite2729DBA74F15BE7765C84C9F0278E957.tmp' to 'H:/homebound/project file/Content/2DSideScrollerBP/character-sprites/character-sprite/0051_Sprite.uasset'
[2025.05.25-21.10.06:522][848]LogSavePackage: Moving 'H:/homebound/project file/Saved/0052_Sprite66F308B445E707BE161EA7A4CB78CD8E.tmp' to 'H:/homebound/project file/Content/2DSideScrollerBP/character-sprites/character-sprite/0052_Sprite.uasset'
[2025.05.25-21.10.06:641][848]LogSavePackage: Moving 'H:/homebound/project file/Saved/0053_SpriteB62D741E462AF518D71B8283BF1C1AC0.tmp' to 'H:/homebound/project file/Content/2DSideScrollerBP/character-sprites/character-sprite/0053_Sprite.uasset'
[2025.05.25-21.10.06:769][848]LogSavePackage: Moving 'H:/homebound/project file/Saved/0054_Sprite7EDE2C934DD76454A28D7897644EA33B.tmp' to 'H:/homebound/project file/Content/2DSideScrollerBP/character-sprites/character-sprite/0054_Sprite.uasset'
[2025.05.25-21.10.06:888][848]LogSavePackage: Moving 'H:/homebound/project file/Saved/0055_Sprite0BBA297B4410A03643D7AC9C3CEA47F1.tmp' to 'H:/homebound/project file/Content/2DSideScrollerBP/character-sprites/character-sprite/0055_Sprite.uasset'
[2025.05.25-21.10.07:837][848]LogSavePackage: Moving 'H:/homebound/project file/Saved/0056_Sprite75E7D4F7450942492AEE0C92CF38F75E.tmp' to 'H:/homebound/project file/Content/2DSideScrollerBP/character-sprites/character-sprite/0056_Sprite.uasset'
[2025.05.25-21.10.07:987][848]LogSavePackage: Moving 'H:/homebound/project file/Saved/0057_SpriteA8A5B1094C586994066C2380ED7C04C3.tmp' to 'H:/homebound/project file/Content/2DSideScrollerBP/character-sprites/character-sprite/0057_Sprite.uasset'
[2025.05.25-21.10.08:148][848]LogSavePackage: Moving 'H:/homebound/project file/Saved/0058_SpriteF8EDCEA7404617A7E1B3819C78CA3648.tmp' to 'H:/homebound/project file/Content/2DSideScrollerBP/character-sprites/character-sprite/0058_Sprite.uasset'
[2025.05.25-21.10.08:311][848]LogSavePackage: Moving 'H:/homebound/project file/Saved/0059_Sprite6DA63A4B469828CFFA018D8D3A0BB608.tmp' to 'H:/homebound/project file/Content/2DSideScrollerBP/character-sprites/character-sprite/0059_Sprite.uasset'
[2025.05.25-21.10.08:428][848]LogSavePackage: Moving 'H:/homebound/project file/Saved/0060_Sprite1E0ED3964A0ACF51FE862E98EEC03055.tmp' to 'H:/homebound/project file/Content/2DSideScrollerBP/character-sprites/character-sprite/0060_Sprite.uasset'
[2025.05.25-21.10.19:054][848]LogUObjectHash: Compacting FUObjectHashTables data took   3.06ms
[2025.05.25-21.10.19:082][848]LogUObjectHash: Compacting FUObjectHashTables data took   0.78ms
[2025.05.25-21.10.19:112][848]LogUObjectHash: Compacting FUObjectHashTables data took   0.76ms
[2025.05.25-21.10.19:139][848]LogUObjectHash: Compacting FUObjectHashTables data took   0.75ms
[2025.05.25-21.10.19:168][848]LogUObjectHash: Compacting FUObjectHashTables data took   0.74ms
[2025.05.25-21.10.19:198][848]LogUObjectHash: Compacting FUObjectHashTables data took   0.76ms
[2025.05.25-21.10.19:227][848]LogUObjectHash: Compacting FUObjectHashTables data took   0.74ms
[2025.05.25-21.10.19:258][848]LogUObjectHash: Compacting FUObjectHashTables data took   0.76ms
[2025.05.25-21.10.19:289][848]LogUObjectHash: Compacting FUObjectHashTables data took   0.74ms
[2025.05.25-21.10.19:318][848]LogUObjectHash: Compacting FUObjectHashTables data took   0.76ms
[2025.05.25-21.10.19:346][848]LogUObjectHash: Compacting FUObjectHashTables data took   0.75ms
[2025.05.25-21.10.19:372][848]LogUObjectHash: Compacting FUObjectHashTables data took   0.73ms
[2025.05.25-21.10.19:400][848]LogUObjectHash: Compacting FUObjectHashTables data took   0.74ms
[2025.05.25-21.10.19:428][848]LogUObjectHash: Compacting FUObjectHashTables data took   0.73ms
[2025.05.25-21.10.19:459][848]LogUObjectHash: Compacting FUObjectHashTables data took   0.73ms
[2025.05.25-21.10.19:488][848]LogUObjectHash: Compacting FUObjectHashTables data took   0.73ms
[2025.05.25-21.10.19:511][848]LogUObjectHash: Compacting FUObjectHashTables data took   0.73ms
[2025.05.25-21.10.19:539][848]LogUObjectHash: Compacting FUObjectHashTables data took   0.73ms
[2025.05.25-21.10.19:563][848]LogUObjectHash: Compacting FUObjectHashTables data took   0.75ms
[2025.05.25-21.10.19:593][848]LogUObjectHash: Compacting FUObjectHashTables data took   0.75ms
[2025.05.25-21.10.19:622][848]LogUObjectHash: Compacting FUObjectHashTables data took   0.73ms
[2025.05.25-21.10.19:649][848]LogUObjectHash: Compacting FUObjectHashTables data took   0.73ms
[2025.05.25-21.10.19:677][848]LogUObjectHash: Compacting FUObjectHashTables data took   0.72ms
[2025.05.25-21.10.19:702][848]LogUObjectHash: Compacting FUObjectHashTables data took   0.73ms
[2025.05.25-21.10.19:732][848]LogUObjectHash: Compacting FUObjectHashTables data took   0.73ms
[2025.05.25-21.10.19:760][848]LogUObjectHash: Compacting FUObjectHashTables data took   0.72ms
[2025.05.25-21.10.19:789][848]LogUObjectHash: Compacting FUObjectHashTables data took   0.72ms
[2025.05.25-21.10.19:817][848]LogUObjectHash: Compacting FUObjectHashTables data took   0.74ms
[2025.05.25-21.10.19:847][848]LogUObjectHash: Compacting FUObjectHashTables data took   0.83ms
[2025.05.25-21.10.19:872][848]LogUObjectHash: Compacting FUObjectHashTables data took   0.76ms
[2025.05.25-21.10.19:900][848]LogUObjectHash: Compacting FUObjectHashTables data took   0.73ms
[2025.05.25-21.10.19:927][848]LogUObjectHash: Compacting FUObjectHashTables data took   0.79ms
[2025.05.25-21.10.19:953][848]LogUObjectHash: Compacting FUObjectHashTables data took   0.74ms
[2025.05.25-21.10.19:982][848]LogUObjectHash: Compacting FUObjectHashTables data took   0.76ms
[2025.05.25-21.10.20:012][848]LogUObjectHash: Compacting FUObjectHashTables data took   0.75ms
[2025.05.25-21.10.20:040][848]LogUObjectHash: Compacting FUObjectHashTables data took   0.76ms
[2025.05.25-21.10.20:069][848]LogUObjectHash: Compacting FUObjectHashTables data took   0.75ms
[2025.05.25-21.10.20:098][848]LogUObjectHash: Compacting FUObjectHashTables data took   0.80ms
[2025.05.25-21.10.20:124][848]LogUObjectHash: Compacting FUObjectHashTables data took   0.75ms
[2025.05.25-21.10.20:151][848]LogUObjectHash: Compacting FUObjectHashTables data took   0.75ms
[2025.05.25-21.10.20:181][848]LogUObjectHash: Compacting FUObjectHashTables data took   0.75ms
[2025.05.25-21.10.20:207][848]LogUObjectHash: Compacting FUObjectHashTables data took   0.76ms
[2025.05.25-21.10.20:235][848]LogUObjectHash: Compacting FUObjectHashTables data took   0.74ms
[2025.05.25-21.10.20:267][848]LogUObjectHash: Compacting FUObjectHashTables data took   0.73ms
[2025.05.25-21.10.20:296][848]LogUObjectHash: Compacting FUObjectHashTables data took   0.76ms
[2025.05.25-21.10.20:322][848]LogUObjectHash: Compacting FUObjectHashTables data took   0.77ms
[2025.05.25-21.10.20:351][848]LogUObjectHash: Compacting FUObjectHashTables data took   0.75ms
[2025.05.25-21.10.20:381][848]LogUObjectHash: Compacting FUObjectHashTables data took   0.75ms
[2025.05.25-21.10.20:409][848]LogUObjectHash: Compacting FUObjectHashTables data took   0.75ms
[2025.05.25-21.10.20:436][848]LogUObjectHash: Compacting FUObjectHashTables data took   0.95ms
[2025.05.25-21.10.20:464][848]LogUObjectHash: Compacting FUObjectHashTables data took   0.74ms
[2025.05.25-21.10.20:492][848]LogUObjectHash: Compacting FUObjectHashTables data took   0.78ms
[2025.05.25-21.10.20:522][848]LogUObjectHash: Compacting FUObjectHashTables data took   0.74ms
[2025.05.25-21.10.20:550][848]LogUObjectHash: Compacting FUObjectHashTables data took   0.77ms
[2025.05.25-21.10.20:581][848]LogUObjectHash: Compacting FUObjectHashTables data took   0.80ms
[2025.05.25-21.10.20:611][848]LogUObjectHash: Compacting FUObjectHashTables data took   0.76ms
[2025.05.25-21.10.20:638][848]LogUObjectHash: Compacting FUObjectHashTables data took   0.75ms
[2025.05.25-21.10.20:662][848]LogUObjectHash: Compacting FUObjectHashTables data took   0.75ms
[2025.05.25-21.10.20:689][848]LogUObjectHash: Compacting FUObjectHashTables data took   0.74ms
[2025.05.25-21.10.20:718][848]LogUObjectHash: Compacting FUObjectHashTables data took   0.77ms
[2025.05.25-21.10.20:749][848]LogUObjectHash: Compacting FUObjectHashTables data took   2.13ms
[2025.05.25-21.10.20:776][848]LogUObjectHash: Compacting FUObjectHashTables data took   0.71ms
[2025.05.25-21.10.28:981][549]LogSlate: Warning: Ignoring SetUserFocus because it's not an active modal Window (user 0 not set to SAssetView [SContentBrowser.cpp(685)].
[2025.05.25-21.10.52:500][841]LogSlate: FSceneViewport::OnFocusLost() reason 0
[2025.05.25-21.11.08:116][401]LogSlate: FSceneViewport::OnFocusLost() reason 2
[2025.05.25-21.11.10:585][630]LogSlate: FSceneViewport::OnFocusLost() reason 2
[2025.05.25-21.11.12:808][836]Cmd: TRANSACTION UNDO
[2025.05.25-21.11.12:808][836]LogEditorTransaction: Undo Edit Source Flipbook
[2025.05.25-21.11.12:811][836]LogActorComponent: ~FComponentReregisterContext: (/Game/2DSideScrollerBP/Maps/2DSideScrollerExampleMap.2DSideScrollerExampleMap:PersistentLevel.2DSideScrollerCharacter_254.CollisionCylinder) Component already registered.
[2025.05.25-21.11.12:815][836]LogMaterial: Display: Missing cached shader map for material sound-boom, compiling. 
[2025.05.25-21.11.12:845][837]LogShaderCompilers: Display: Worker (1/13): shaders left to compile 21
[2025.05.25-21.11.12:845][837]LogShaderCompilers: Display: Worker (2/13): shaders left to compile 20
[2025.05.25-21.11.12:845][837]LogShaderCompilers: Display: Worker (3/13): shaders left to compile 19
[2025.05.25-21.11.12:845][837]LogShaderCompilers: Display: Worker (4/13): shaders left to compile 18
[2025.05.25-21.11.12:845][837]LogShaderCompilers: Display: Worker (5/13): shaders left to compile 17
[2025.05.25-21.11.12:845][837]LogShaderCompilers: Display: Worker (6/13): shaders left to compile 16
[2025.05.25-21.11.12:845][837]LogShaderCompilers: Display: Worker (7/13): shaders left to compile 15
[2025.05.25-21.11.12:845][837]LogShaderCompilers: Display: Worker (8/13): shaders left to compile 14
[2025.05.25-21.11.12:845][837]LogShaderCompilers: Display: Worker (9/13): shaders left to compile 13
[2025.05.25-21.11.12:845][837]LogShaderCompilers: Display: Worker (10/13): shaders left to compile 12
[2025.05.25-21.11.12:845][837]LogShaderCompilers: Display: Worker (11/13): shaders left to compile 11
[2025.05.25-21.11.12:845][837]LogShaderCompilers: Display: Worker (12/13): shaders left to compile 10
[2025.05.25-21.11.13:158][848]LogShaderCompilers: Display: Worker (8/13): shaders left to compile 9
[2025.05.25-21.11.13:165][849]Cmd: TRANSACTION UNDO
[2025.05.25-21.11.13:165][849]LogEditorTransaction: Undo Move Actors
[2025.05.25-21.11.13:177][849]LogMaterial: Display: Missing cached shader map for material sound-boom, compiling. 
[2025.05.25-21.11.13:299][851]LogShaderCompilers: Display: Worker (9/13): shaders left to compile 21
[2025.05.25-21.11.13:299][851]LogShaderCompilers: Display: Worker (2/13): shaders left to compile 20
[2025.05.25-21.11.13:299][851]LogShaderCompilers: Display: Worker (3/13): shaders left to compile 19
[2025.05.25-21.11.13:299][851]LogShaderCompilers: Display: Worker (1/13): shaders left to compile 18
[2025.05.25-21.11.13:301][851]LogShaderCompilers: Display: Worker (6/13): shaders left to compile 17
[2025.05.25-21.11.13:329][852]LogShaderCompilers: Display: Worker (5/13): shaders left to compile 16
[2025.05.25-21.11.13:329][852]LogShaderCompilers: Display: Worker (7/13): shaders left to compile 15
[2025.05.25-21.11.13:329][852]LogShaderCompilers: Display: Worker (4/13): shaders left to compile 14
[2025.05.25-21.11.13:360][854]LogShaderCompilers: Display: Worker (12/13): shaders left to compile 13
[2025.05.25-21.11.13:462][857]LogShaderCompilers: Display: Worker (4/13): shaders left to compile 12
[2025.05.25-21.11.13:553][860]LogShaderCompilers: Display: Worker (10/13): shaders left to compile 11
[2025.05.25-21.11.13:579][861]LogShaderCompilers: Display: Worker (9/13): shaders left to compile 10
[2025.05.25-21.11.13:579][861]LogShaderCompilers: Display: Worker (2/13): shaders left to compile 9
[2025.05.25-21.11.13:579][861]LogShaderCompilers: Display: Worker (11/13): shaders left to compile 8
[2025.05.25-21.11.13:601][862]LogShaderCompilers: Display: Worker (1/13): shaders left to compile 7
[2025.05.25-21.11.13:601][862]LogShaderCompilers: Display: Worker (3/13): shaders left to compile 6
[2025.05.25-21.11.13:601][862]LogShaderCompilers: Display: Worker (6/13): shaders left to compile 5
[2025.05.25-21.11.13:601][862]LogShaderCompilers: Display: Worker (5/13): shaders left to compile 4
[2025.05.25-21.11.13:601][862]LogShaderCompilers: Display: Worker (7/13): shaders left to compile 3
[2025.05.25-21.11.13:623][863]LogShaderCompilers: Display: Worker (12/13): shaders left to compile 2
[2025.05.25-21.11.13:675][865]Cmd: TRANSACTION UNDO
[2025.05.25-21.11.13:675][865]LogEditorTransaction: Undo Set Scale
[2025.05.25-21.11.13:688][865]LogShaderCompilers: Display: Worker (8/13): shaders left to compile 1
[2025.05.25-21.11.13:692][865]LogMaterial: Display: Missing cached shader map for material sound-boom, compiling. 
[2025.05.25-21.11.13:952][872]LogShaderCompilers: Display: Worker (9/13): shaders left to compile 21
[2025.05.25-21.11.13:982][873]LogShaderCompilers: Display: Worker (5/13): shaders left to compile 20
[2025.05.25-21.11.13:982][873]LogShaderCompilers: Display: Worker (1/13): shaders left to compile 19
[2025.05.25-21.11.14:007][874]LogShaderCompilers: Display: Worker (4/13): shaders left to compile 18
[2025.05.25-21.11.14:053][876]LogShaderCompilers: Display: Worker (8/13): shaders left to compile 17
[2025.05.25-21.11.14:132][879]LogShaderCompilers: Display: Worker (7/13): shaders left to compile 16
[2025.05.25-21.11.14:132][879]LogShaderCompilers: Display: Worker (10/13): shaders left to compile 15
[2025.05.25-21.11.14:158][880]LogShaderCompilers: Display: Worker (2/13): shaders left to compile 14
[2025.05.25-21.11.14:184][881]LogShaderCompilers: Display: Worker (12/13): shaders left to compile 13
[2025.05.25-21.11.14:184][881]LogShaderCompilers: Display: Worker (11/13): shaders left to compile 12
[2025.05.25-21.11.14:209][882]LogShaderCompilers: Display: Worker (3/13): shaders left to compile 11
[2025.05.25-21.11.14:235][883]LogShaderCompilers: Display: Worker (5/13): shaders left to compile 10
[2025.05.25-21.11.14:235][883]LogShaderCompilers: Display: Worker (9/13): shaders left to compile 9
[2025.05.25-21.11.14:259][884]LogShaderCompilers: Display: Worker (1/13): shaders left to compile 8
[2025.05.25-21.11.14:259][884]LogShaderCompilers: Display: Worker (6/13): shaders left to compile 7
[2025.05.25-21.11.14:259][884]LogShaderCompilers: Display: Worker (4/13): shaders left to compile 6
[2025.05.25-21.11.14:284][885]LogShaderCompilers: Display: Worker (2/13): shaders left to compile 5
[2025.05.25-21.11.14:311][886]LogShaderCompilers: Display: Worker (8/13): shaders left to compile 4
[2025.05.25-21.11.14:312][886]Cmd: TRANSACTION UNDO
[2025.05.25-21.11.14:312][886]LogEditorTransaction: Undo Edit Source Flipbook
[2025.05.25-21.11.14:320][886]LogActorComponent: ~FComponentReregisterContext: (/Game/2DSideScrollerBP/Maps/2DSideScrollerExampleMap.2DSideScrollerExampleMap:PersistentLevel.2DSideScrollerCharacter_254.CollisionCylinder) Component already registered.
[2025.05.25-21.11.14:329][886]LogMaterial: Display: Missing cached shader map for material sound-boom, compiling. 
[2025.05.25-21.11.14:396][886]LogShaderCompilers: Display: Worker (7/13): shaders left to compile 21
[2025.05.25-21.11.14:396][886]LogShaderCompilers: Display: Worker (10/13): shaders left to compile 20
[2025.05.25-21.11.14:396][886]LogShaderCompilers: Display: Worker (12/13): shaders left to compile 19
[2025.05.25-21.11.14:569][892]LogShaderCompilers: Display: Worker (5/13): shaders left to compile 18
[2025.05.25-21.11.14:604][893]LogShaderCompilers: Display: Worker (6/13): shaders left to compile 17
[2025.05.25-21.11.14:685][896]LogShaderCompilers: Display: Worker (10/13): shaders left to compile 16
[2025.05.25-21.11.14:685][896]LogShaderCompilers: Display: Worker (7/13): shaders left to compile 15
[2025.05.25-21.11.14:710][897]LogShaderCompilers: Display: Worker (8/13): shaders left to compile 14
[2025.05.25-21.11.14:710][897]LogShaderCompilers: Display: Worker (12/13): shaders left to compile 13
[2025.05.25-21.11.14:815][901]LogShaderCompilers: Display: Worker (11/13): shaders left to compile 12
[2025.05.25-21.11.14:839][902]LogShaderCompilers: Display: Worker (9/13): shaders left to compile 11
[2025.05.25-21.11.14:839][902]LogShaderCompilers: Display: Worker (8/13): shaders left to compile 10
[2025.05.25-21.11.14:858][903]LogShaderCompilers: Display: Worker (4/13): shaders left to compile 9
[2025.05.25-21.11.14:858][903]LogShaderCompilers: Display: Worker (5/13): shaders left to compile 8
[2025.05.25-21.11.14:858][903]LogShaderCompilers: Display: Worker (3/13): shaders left to compile 7
[2025.05.25-21.11.14:858][903]LogShaderCompilers: Display: Worker (1/13): shaders left to compile 6
[2025.05.25-21.11.14:858][903]LogShaderCompilers: Display: Worker (6/13): shaders left to compile 5
[2025.05.25-21.11.14:893][905]LogShaderCompilers: Display: Worker (2/13): shaders left to compile 4
[2025.05.25-21.11.14:941][907]LogShaderCompilers: Display: Worker (12/13): shaders left to compile 3
[2025.05.25-21.11.14:941][907]LogShaderCompilers: Display: Worker (10/13): shaders left to compile 2
[2025.05.25-21.11.14:941][907]LogShaderCompilers: Display: Worker (7/13): shaders left to compile 1
[2025.05.25-21.11.15:420][925]MaterialEditorStats: Base pass shader: 120 instructions
[2025.05.25-21.11.15:420][925]MaterialEditorStats: Base pass shader with Volumetric Lightmap: 194 instructions
[2025.05.25-21.11.15:420][925]MaterialEditorStats: Base pass vertex shader: 40 instructions
[2025.05.25-21.11.15:420][925]MaterialEditorStats: Texture samplers: 3/16
[2025.05.25-21.11.27:880][ 93]LogRenderer: Reallocating scene render targets to support 1288x704 Format 10 NumSamples 1 (Frame:1).
[2025.05.25-21.11.29:458][276]LogEditorTransaction: Undo Edit Source Flipbook
[2025.05.25-21.11.29:462][276]LogActorComponent: ~FComponentReregisterContext: (/Game/2DSideScrollerBP/Maps/2DSideScrollerExampleMap.2DSideScrollerExampleMap:PersistentLevel.2DSideScrollerCharacter_254.CollisionCylinder) Component already registered.
[2025.05.25-21.11.29:466][276]LogMaterial: Display: Missing cached shader map for material sound-boom, compiling. 
[2025.05.25-21.11.29:480][276]LogShaderCompilers: Display: Worker (1/13): shaders left to compile 21
[2025.05.25-21.11.29:480][276]LogShaderCompilers: Display: Worker (2/13): shaders left to compile 20
[2025.05.25-21.11.29:480][276]LogShaderCompilers: Display: Worker (3/13): shaders left to compile 19
[2025.05.25-21.11.29:480][276]LogShaderCompilers: Display: Worker (4/13): shaders left to compile 18
[2025.05.25-21.11.29:480][276]LogShaderCompilers: Display: Worker (5/13): shaders left to compile 17
[2025.05.25-21.11.29:480][276]LogShaderCompilers: Display: Worker (6/13): shaders left to compile 16
[2025.05.25-21.11.29:480][276]LogShaderCompilers: Display: Worker (7/13): shaders left to compile 15
[2025.05.25-21.11.29:480][276]LogShaderCompilers: Display: Worker (8/13): shaders left to compile 14
[2025.05.25-21.11.29:480][276]LogShaderCompilers: Display: Worker (9/13): shaders left to compile 13
[2025.05.25-21.11.29:480][276]LogShaderCompilers: Display: Worker (10/13): shaders left to compile 12
[2025.05.25-21.11.29:480][276]LogShaderCompilers: Display: Worker (11/13): shaders left to compile 11
[2025.05.25-21.11.29:481][276]LogShaderCompilers: Display: Worker (12/13): shaders left to compile 10
[2025.05.25-21.11.29:638][283]LogShaderCompilers: Display: Worker (8/13): shaders left to compile 9
[2025.05.25-21.11.29:757][286]LogShaderCompilers: Display: Worker (3/13): shaders left to compile 8
[2025.05.25-21.11.29:757][286]LogShaderCompilers: Display: Worker (9/13): shaders left to compile 7
[2025.05.25-21.11.29:762][287]LogShaderCompilers: Display: Worker (1/13): shaders left to compile 6
[2025.05.25-21.11.29:762][287]LogShaderCompilers: Display: Worker (2/13): shaders left to compile 5
[2025.05.25-21.11.29:762][287]LogShaderCompilers: Display: Worker (4/13): shaders left to compile 4
[2025.05.25-21.11.29:786][287]LogShaderCompilers: Display: Worker (5/13): shaders left to compile 3
[2025.05.25-21.11.29:786][287]LogShaderCompilers: Display: Worker (6/13): shaders left to compile 2
[2025.05.25-21.11.29:786][287]LogShaderCompilers: Display: Worker (7/13): shaders left to compile 1
[2025.05.25-21.11.30:267][314]MaterialEditorStats: Base pass shader: 120 instructions
[2025.05.25-21.11.30:267][314]MaterialEditorStats: Base pass shader with Volumetric Lightmap: 194 instructions
[2025.05.25-21.11.30:267][314]MaterialEditorStats: Base pass vertex shader: 40 instructions
[2025.05.25-21.11.30:267][314]MaterialEditorStats: Texture samplers: 3/16
[2025.05.25-21.11.32:112][490]LogSlate: FSceneViewport::OnFocusLost() reason 2
[2025.05.25-21.11.36:628][940]LogSlate: FSceneViewport::OnFocusLost() reason 0
[2025.05.25-21.11.39:423][224]LogEditorTransaction: Undo Modify Component(s)
[2025.05.25-21.11.39:432][224]LogMaterial: Display: Missing cached shader map for material sound-boom, compiling. 
[2025.05.25-21.11.39:452][224]LogShaderCompilers: Display: Worker (1/13): shaders left to compile 21
[2025.05.25-21.11.39:452][224]LogShaderCompilers: Display: Worker (2/13): shaders left to compile 20
[2025.05.25-21.11.39:452][224]LogShaderCompilers: Display: Worker (3/13): shaders left to compile 19
[2025.05.25-21.11.39:452][224]LogShaderCompilers: Display: Worker (4/13): shaders left to compile 18
[2025.05.25-21.11.39:452][224]LogShaderCompilers: Display: Worker (5/13): shaders left to compile 17
[2025.05.25-21.11.39:452][224]LogShaderCompilers: Display: Worker (6/13): shaders left to compile 16
[2025.05.25-21.11.39:452][224]LogShaderCompilers: Display: Worker (7/13): shaders left to compile 15
[2025.05.25-21.11.39:452][224]LogShaderCompilers: Display: Worker (8/13): shaders left to compile 14
[2025.05.25-21.11.39:452][224]LogShaderCompilers: Display: Worker (9/13): shaders left to compile 13
[2025.05.25-21.11.39:452][224]LogShaderCompilers: Display: Worker (10/13): shaders left to compile 12
[2025.05.25-21.11.39:452][224]LogShaderCompilers: Display: Worker (11/13): shaders left to compile 11
[2025.05.25-21.11.39:452][224]LogShaderCompilers: Display: Worker (12/13): shaders left to compile 10
[2025.05.25-21.11.39:619][230]LogShaderCompilers: Display: Worker (8/13): shaders left to compile 9
[2025.05.25-21.11.39:747][233]LogShaderCompilers: Display: Worker (9/13): shaders left to compile 8
[2025.05.25-21.11.39:747][233]LogShaderCompilers: Display: Worker (2/13): shaders left to compile 7
[2025.05.25-21.11.39:747][233]LogShaderCompilers: Display: Worker (3/13): shaders left to compile 6
[2025.05.25-21.11.39:747][233]LogShaderCompilers: Display: Worker (4/13): shaders left to compile 5
[2025.05.25-21.11.39:747][233]LogShaderCompilers: Display: Worker (5/13): shaders left to compile 4
[2025.05.25-21.11.39:751][234]LogShaderCompilers: Display: Worker (1/13): shaders left to compile 3
[2025.05.25-21.11.39:767][234]LogShaderCompilers: Display: Worker (6/13): shaders left to compile 2
[2025.05.25-21.11.39:767][234]LogShaderCompilers: Display: Worker (7/13): shaders left to compile 1
[2025.05.25-21.11.40:223][261]MaterialEditorStats: Base pass shader: 120 instructions
[2025.05.25-21.11.40:223][261]MaterialEditorStats: Base pass shader with Volumetric Lightmap: 194 instructions
[2025.05.25-21.11.40:223][261]MaterialEditorStats: Base pass vertex shader: 40 instructions
[2025.05.25-21.11.40:223][261]MaterialEditorStats: Texture samplers: 3/16
[2025.05.25-21.11.51:677][449]LogSlate: FSceneViewport::OnFocusLost() reason 0
[2025.05.25-21.12.01:353][452]LogSlate: FSceneViewport::OnFocusLost() reason 0
[2025.05.25-21.12.01:488][466]BlueprintLog: New page: Compile 2DSideScrollerCharacter
[2025.05.25-21.12.01:829][466]LogUObjectHash: Compacting FUObjectHashTables data took   3.12ms
[2025.05.25-21.12.03:441][640]LogTemp: Repeating last play command: Selected Viewport
[2025.05.25-21.12.03:575][640]LogBlueprintUserMessages: Early PlayInEditor Detection: Level '/Game/2DSideScrollerBP/Maps/2DSideScrollerExampleMap.2DSideScrollerExampleMap:PersistentLevel' has LevelScriptBlueprint '/Game/2DSideScrollerBP/Maps/2DSideScrollerExampleMap.2DSideScrollerExampleMap:PersistentLevel.2DSideScrollerExampleMap' with GeneratedClass '/Game/2DSideScrollerBP/Maps/2DSideScrollerExampleMap.2DSideScrollerExampleMap_C' with ClassGeneratedBy '/Game/2DSideScrollerBP/Maps/2DSideScrollerExampleMap.2DSideScrollerExampleMap:PersistentLevel.2DSideScrollerExampleMap'
[2025.05.25-21.12.03:577][640]LogPlayLevel: PlayLevel: No blueprints needed recompiling
[2025.05.25-21.12.03:577][640]PIE: New page: PIE session: 2DSideScrollerExampleMap (25 May 2025 23:12:03)
[2025.05.25-21.12.03:577][640]LogPlayLevel: Creating play world package: /Game/2DSideScrollerBP/Maps/UEDPIE_0_2DSideScrollerExampleMap
[2025.05.25-21.12.03:579][640]LogPlayLevel: PIE: StaticDuplicateObject took: (0.002124s)
[2025.05.25-21.12.03:580][640]LogAIModule: Creating AISystem for world 2DSideScrollerExampleMap
[2025.05.25-21.12.03:580][640]LogPlayLevel: PIE: World Init took: (0.000683s)
[2025.05.25-21.12.03:580][640]LogPlayLevel: PIE: Created PIE world by copying editor world from /Game/2DSideScrollerBP/Maps/2DSideScrollerExampleMap.2DSideScrollerExampleMap to /Game/2DSideScrollerBP/Maps/UEDPIE_0_2DSideScrollerExampleMap.2DSideScrollerExampleMap (0.002912s)
[2025.05.25-21.12.03:611][640]LogUObjectHash: Compacting FUObjectHashTables data took   3.21ms
[2025.05.25-21.12.03:625][640]LogInit: XAudio2 using 'Headphones (Soundcore Q30)' : 2 channels at 48 kHz using 16 bits per sample (channel mask 0x3)
[2025.05.25-21.12.03:641][640]LogInit: FAudioDevice initialized.
[2025.05.25-21.12.03:647][640]LogLoad: Game class is '2DSideScrollerGameMode_C'
[2025.05.25-21.12.03:648][640]LogWorld: Bringing World /Game/2DSideScrollerBP/Maps/UEDPIE_0_2DSideScrollerExampleMap.2DSideScrollerExampleMap up for play (max tick rate 0) at 2025.05.25-22.12.03
[2025.05.25-21.12.03:649][640]LogWorld: Bringing up level for play took: 0.000642
[2025.05.25-21.12.03:649][640]LogOnline: OSS: Creating online subsystem instance for: :Context_15
[2025.05.25-21.12.03:650][640]PIE: Play in editor start time for /Game/2DSideScrollerBP/Maps/UEDPIE_0_2DSideScrollerExampleMap 0.605
[2025.05.25-21.12.03:650][640]LogBlueprintUserMessages: Late PlayInEditor Detection: Level '/Game/2DSideScrollerBP/Maps/2DSideScrollerExampleMap.2DSideScrollerExampleMap:PersistentLevel' has LevelScriptBlueprint '/Game/2DSideScrollerBP/Maps/2DSideScrollerExampleMap.2DSideScrollerExampleMap:PersistentLevel.2DSideScrollerExampleMap' with GeneratedClass '/Game/2DSideScrollerBP/Maps/2DSideScrollerExampleMap.2DSideScrollerExampleMap_C' with ClassGeneratedBy '/Game/2DSideScrollerBP/Maps/2DSideScrollerExampleMap.2DSideScrollerExampleMap:PersistentLevel.2DSideScrollerExampleMap'
[2025.05.25-21.12.09:378][326]LogBlueprintUserMessages: Early EndPlayMap Detection: Level '/Game/2DSideScrollerBP/Maps/2DSideScrollerExampleMap.2DSideScrollerExampleMap:PersistentLevel' has LevelScriptBlueprint '/Game/2DSideScrollerBP/Maps/2DSideScrollerExampleMap.2DSideScrollerExampleMap:PersistentLevel.2DSideScrollerExampleMap' with GeneratedClass '/Game/2DSideScrollerBP/Maps/2DSideScrollerExampleMap.2DSideScrollerExampleMap_C' with ClassGeneratedBy '/Game/2DSideScrollerBP/Maps/2DSideScrollerExampleMap.2DSideScrollerExampleMap:PersistentLevel.2DSideScrollerExampleMap'
[2025.05.25-21.12.09:378][326]LogSlate: Updating window title bar state: overlay mode, drag disabled, window buttons hidden, title bar hidden
[2025.05.25-21.12.09:378][326]LogWorld: BeginTearingDown for /Game/2DSideScrollerBP/Maps/UEDPIE_0_2DSideScrollerExampleMap
[2025.05.25-21.12.09:378][326]LogWorld: UWorld::CleanupWorld for 2DSideScrollerExampleMap, bSessionEnded=true, bCleanupResources=true
[2025.05.25-21.12.09:385][326]LogPlayLevel: Display: Shutting down PIE online subsystems
[2025.05.25-21.12.09:385][326]LogBlueprintUserMessages: Late EndPlayMap Detection: Level '/Game/2DSideScrollerBP/Maps/2DSideScrollerExampleMap.2DSideScrollerExampleMap:PersistentLevel' has LevelScriptBlueprint '/Game/2DSideScrollerBP/Maps/2DSideScrollerExampleMap.2DSideScrollerExampleMap:PersistentLevel.2DSideScrollerExampleMap' with GeneratedClass '/Game/2DSideScrollerBP/Maps/2DSideScrollerExampleMap.2DSideScrollerExampleMap_C' with ClassGeneratedBy '/Game/2DSideScrollerBP/Maps/2DSideScrollerExampleMap.2DSideScrollerExampleMap:PersistentLevel.2DSideScrollerExampleMap'
[2025.05.25-21.12.09:419][326]LogSlate: Updating window title bar state: overlay mode, drag disabled, window buttons hidden, title bar hidden
[2025.05.25-21.12.09:422][326]LogUObjectHash: Compacting FUObjectHashTables data took   2.54ms
[2025.05.25-21.12.09:479][330]LogPlayLevel: Display: Destroying online subsystem :Context_15
[2025.05.25-21.12.15:599][ 52]LogSlate: FSceneViewport::OnFocusLost() reason 0
[2025.05.25-21.12.15:674][ 61]LogTemp: Repeating last play command: Selected Viewport
[2025.05.25-21.12.15:692][ 61]LogBlueprintUserMessages: Early PlayInEditor Detection: Level '/Game/2DSideScrollerBP/Maps/2DSideScrollerExampleMap.2DSideScrollerExampleMap:PersistentLevel' has LevelScriptBlueprint '/Game/2DSideScrollerBP/Maps/2DSideScrollerExampleMap.2DSideScrollerExampleMap:PersistentLevel.2DSideScrollerExampleMap' with GeneratedClass '/Game/2DSideScrollerBP/Maps/2DSideScrollerExampleMap.2DSideScrollerExampleMap_C' with ClassGeneratedBy '/Game/2DSideScrollerBP/Maps/2DSideScrollerExampleMap.2DSideScrollerExampleMap:PersistentLevel.2DSideScrollerExampleMap'
[2025.05.25-21.12.15:693][ 61]LogPlayLevel: PlayLevel: No blueprints needed recompiling
[2025.05.25-21.12.15:693][ 61]PIE: New page: PIE session: 2DSideScrollerExampleMap (25 May 2025 23:12:15)
[2025.05.25-21.12.15:693][ 61]LogPlayLevel: Creating play world package: /Game/2DSideScrollerBP/Maps/UEDPIE_0_2DSideScrollerExampleMap
[2025.05.25-21.12.15:695][ 61]LogPlayLevel: PIE: StaticDuplicateObject took: (0.002039s)
[2025.05.25-21.12.15:695][ 61]LogAIModule: Creating AISystem for world 2DSideScrollerExampleMap
[2025.05.25-21.12.15:697][ 61]LogPlayLevel: PIE: World Init took: (0.000615s)
[2025.05.25-21.12.15:697][ 61]LogPlayLevel: PIE: Created PIE world by copying editor world from /Game/2DSideScrollerBP/Maps/2DSideScrollerExampleMap.2DSideScrollerExampleMap to /Game/2DSideScrollerBP/Maps/UEDPIE_0_2DSideScrollerExampleMap.2DSideScrollerExampleMap (0.002754s)
[2025.05.25-21.12.15:723][ 61]LogUObjectHash: Compacting FUObjectHashTables data took   2.33ms
[2025.05.25-21.12.15:735][ 61]LogInit: XAudio2 using 'Headphones (Soundcore Q30)' : 2 channels at 48 kHz using 16 bits per sample (channel mask 0x3)
[2025.05.25-21.12.15:751][ 61]LogInit: FAudioDevice initialized.
[2025.05.25-21.12.15:755][ 61]LogLoad: Game class is '2DSideScrollerGameMode_C'
[2025.05.25-21.12.15:755][ 61]LogWorld: Bringing World /Game/2DSideScrollerBP/Maps/UEDPIE_0_2DSideScrollerExampleMap.2DSideScrollerExampleMap up for play (max tick rate 0) at 2025.05.25-22.12.15
[2025.05.25-21.12.15:757][ 61]LogWorld: Bringing up level for play took: 0.000642
[2025.05.25-21.12.15:757][ 61]LogOnline: OSS: Creating online subsystem instance for: :Context_16
[2025.05.25-21.12.15:758][ 61]PIE: Play in editor start time for /Game/2DSideScrollerBP/Maps/UEDPIE_0_2DSideScrollerExampleMap 0.713
[2025.05.25-21.12.15:758][ 61]LogBlueprintUserMessages: Late PlayInEditor Detection: Level '/Game/2DSideScrollerBP/Maps/2DSideScrollerExampleMap.2DSideScrollerExampleMap:PersistentLevel' has LevelScriptBlueprint '/Game/2DSideScrollerBP/Maps/2DSideScrollerExampleMap.2DSideScrollerExampleMap:PersistentLevel.2DSideScrollerExampleMap' with GeneratedClass '/Game/2DSideScrollerBP/Maps/2DSideScrollerExampleMap.2DSideScrollerExampleMap_C' with ClassGeneratedBy '/Game/2DSideScrollerBP/Maps/2DSideScrollerExampleMap.2DSideScrollerExampleMap:PersistentLevel.2DSideScrollerExampleMap'
[2025.05.25-21.12.19:798][545]LogBlueprintUserMessages: Early EndPlayMap Detection: Level '/Game/2DSideScrollerBP/Maps/2DSideScrollerExampleMap.2DSideScrollerExampleMap:PersistentLevel' has LevelScriptBlueprint '/Game/2DSideScrollerBP/Maps/2DSideScrollerExampleMap.2DSideScrollerExampleMap:PersistentLevel.2DSideScrollerExampleMap' with GeneratedClass '/Game/2DSideScrollerBP/Maps/2DSideScrollerExampleMap.2DSideScrollerExampleMap_C' with ClassGeneratedBy '/Game/2DSideScrollerBP/Maps/2DSideScrollerExampleMap.2DSideScrollerExampleMap:PersistentLevel.2DSideScrollerExampleMap'
[2025.05.25-21.12.19:798][545]LogSlate: Updating window title bar state: overlay mode, drag disabled, window buttons hidden, title bar hidden
[2025.05.25-21.12.19:798][545]LogWorld: BeginTearingDown for /Game/2DSideScrollerBP/Maps/UEDPIE_0_2DSideScrollerExampleMap
[2025.05.25-21.12.19:798][545]LogWorld: UWorld::CleanupWorld for 2DSideScrollerExampleMap, bSessionEnded=true, bCleanupResources=true
[2025.05.25-21.12.19:805][545]LogPlayLevel: Display: Shutting down PIE online subsystems
[2025.05.25-21.12.19:805][545]LogBlueprintUserMessages: Late EndPlayMap Detection: Level '/Game/2DSideScrollerBP/Maps/2DSideScrollerExampleMap.2DSideScrollerExampleMap:PersistentLevel' has LevelScriptBlueprint '/Game/2DSideScrollerBP/Maps/2DSideScrollerExampleMap.2DSideScrollerExampleMap:PersistentLevel.2DSideScrollerExampleMap' with GeneratedClass '/Game/2DSideScrollerBP/Maps/2DSideScrollerExampleMap.2DSideScrollerExampleMap_C' with ClassGeneratedBy '/Game/2DSideScrollerBP/Maps/2DSideScrollerExampleMap.2DSideScrollerExampleMap:PersistentLevel.2DSideScrollerExampleMap'
[2025.05.25-21.12.19:839][545]LogSlate: Updating window title bar state: overlay mode, drag disabled, window buttons hidden, title bar hidden
[2025.05.25-21.12.19:843][545]LogUObjectHash: Compacting FUObjectHashTables data took   2.38ms
[2025.05.25-21.12.19:898][549]LogPlayLevel: Display: Destroying online subsystem :Context_16
[2025.05.25-21.12.20:830][660]LogSlate: FSceneViewport::OnFocusLost() reason 0
[2025.05.25-21.12.27:094][401]LogSlate: FSceneViewport::OnFocusLost() reason 0
[2025.05.25-21.12.38:759][657]BlueprintLog: New page: Compile 2DSideScrollerCharacter
[2025.05.25-21.12.39:096][657]LogUObjectHash: Compacting FUObjectHashTables data took   2.98ms
[2025.05.25-21.12.41:278][906]LogTemp: Repeating last play command: Selected Viewport
[2025.05.25-21.12.41:293][906]LogBlueprintUserMessages: Early PlayInEditor Detection: Level '/Game/2DSideScrollerBP/Maps/2DSideScrollerExampleMap.2DSideScrollerExampleMap:PersistentLevel' has LevelScriptBlueprint '/Game/2DSideScrollerBP/Maps/2DSideScrollerExampleMap.2DSideScrollerExampleMap:PersistentLevel.2DSideScrollerExampleMap' with GeneratedClass '/Game/2DSideScrollerBP/Maps/2DSideScrollerExampleMap.2DSideScrollerExampleMap_C' with ClassGeneratedBy '/Game/2DSideScrollerBP/Maps/2DSideScrollerExampleMap.2DSideScrollerExampleMap:PersistentLevel.2DSideScrollerExampleMap'
[2025.05.25-21.12.41:293][906]LogPlayLevel: PlayLevel: No blueprints needed recompiling
[2025.05.25-21.12.41:293][906]PIE: New page: PIE session: 2DSideScrollerExampleMap (25 May 2025 23:12:41)
[2025.05.25-21.12.41:294][906]LogPlayLevel: Creating play world package: /Game/2DSideScrollerBP/Maps/UEDPIE_0_2DSideScrollerExampleMap
[2025.05.25-21.12.41:295][906]LogPlayLevel: PIE: StaticDuplicateObject took: (0.002123s)
[2025.05.25-21.12.41:297][906]LogAIModule: Creating AISystem for world 2DSideScrollerExampleMap
[2025.05.25-21.12.41:297][906]LogPlayLevel: PIE: World Init took: (0.000608s)
[2025.05.25-21.12.41:297][906]LogPlayLevel: PIE: Created PIE world by copying editor world from /Game/2DSideScrollerBP/Maps/2DSideScrollerExampleMap.2DSideScrollerExampleMap to /Game/2DSideScrollerBP/Maps/UEDPIE_0_2DSideScrollerExampleMap.2DSideScrollerExampleMap (0.002830s)
[2025.05.25-21.12.41:327][906]LogUObjectHash: Compacting FUObjectHashTables data took   3.25ms
[2025.05.25-21.12.41:340][906]LogInit: XAudio2 using 'Headphones (Soundcore Q30)' : 2 channels at 48 kHz using 16 bits per sample (channel mask 0x3)
[2025.05.25-21.12.41:354][906]LogInit: FAudioDevice initialized.
[2025.05.25-21.12.41:361][906]LogLoad: Game class is '2DSideScrollerGameMode_C'
[2025.05.25-21.12.41:361][906]LogWorld: Bringing World /Game/2DSideScrollerBP/Maps/UEDPIE_0_2DSideScrollerExampleMap.2DSideScrollerExampleMap up for play (max tick rate 0) at 2025.05.25-22.12.41
[2025.05.25-21.12.41:361][906]LogWorld: Bringing up level for play took: 0.000625
[2025.05.25-21.12.41:361][906]LogOnline: OSS: Creating online subsystem instance for: :Context_17
[2025.05.25-21.12.41:365][906]PIE: Play in editor start time for /Game/2DSideScrollerBP/Maps/UEDPIE_0_2DSideScrollerExampleMap 0.32
[2025.05.25-21.12.41:365][906]LogBlueprintUserMessages: Late PlayInEditor Detection: Level '/Game/2DSideScrollerBP/Maps/2DSideScrollerExampleMap.2DSideScrollerExampleMap:PersistentLevel' has LevelScriptBlueprint '/Game/2DSideScrollerBP/Maps/2DSideScrollerExampleMap.2DSideScrollerExampleMap:PersistentLevel.2DSideScrollerExampleMap' with GeneratedClass '/Game/2DSideScrollerBP/Maps/2DSideScrollerExampleMap.2DSideScrollerExampleMap_C' with ClassGeneratedBy '/Game/2DSideScrollerBP/Maps/2DSideScrollerExampleMap.2DSideScrollerExampleMap:PersistentLevel.2DSideScrollerExampleMap'
[2025.05.25-21.12.57:034][783]LogBlueprintUserMessages: Early EndPlayMap Detection: Level '/Game/2DSideScrollerBP/Maps/2DSideScrollerExampleMap.2DSideScrollerExampleMap:PersistentLevel' has LevelScriptBlueprint '/Game/2DSideScrollerBP/Maps/2DSideScrollerExampleMap.2DSideScrollerExampleMap:PersistentLevel.2DSideScrollerExampleMap' with GeneratedClass '/Game/2DSideScrollerBP/Maps/2DSideScrollerExampleMap.2DSideScrollerExampleMap_C' with ClassGeneratedBy '/Game/2DSideScrollerBP/Maps/2DSideScrollerExampleMap.2DSideScrollerExampleMap:PersistentLevel.2DSideScrollerExampleMap'
[2025.05.25-21.12.57:034][783]LogSlate: Updating window title bar state: overlay mode, drag disabled, window buttons hidden, title bar hidden
[2025.05.25-21.12.57:034][783]LogWorld: BeginTearingDown for /Game/2DSideScrollerBP/Maps/UEDPIE_0_2DSideScrollerExampleMap
[2025.05.25-21.12.57:034][783]LogWorld: UWorld::CleanupWorld for 2DSideScrollerExampleMap, bSessionEnded=true, bCleanupResources=true
[2025.05.25-21.12.57:052][783]LogPlayLevel: Display: Shutting down PIE online subsystems
[2025.05.25-21.12.57:052][783]LogBlueprintUserMessages: Late EndPlayMap Detection: Level '/Game/2DSideScrollerBP/Maps/2DSideScrollerExampleMap.2DSideScrollerExampleMap:PersistentLevel' has LevelScriptBlueprint '/Game/2DSideScrollerBP/Maps/2DSideScrollerExampleMap.2DSideScrollerExampleMap:PersistentLevel.2DSideScrollerExampleMap' with GeneratedClass '/Game/2DSideScrollerBP/Maps/2DSideScrollerExampleMap.2DSideScrollerExampleMap_C' with ClassGeneratedBy '/Game/2DSideScrollerBP/Maps/2DSideScrollerExampleMap.2DSideScrollerExampleMap:PersistentLevel.2DSideScrollerExampleMap'
[2025.05.25-21.12.57:084][783]LogSlate: Updating window title bar state: overlay mode, drag disabled, window buttons hidden, title bar hidden
[2025.05.25-21.12.57:087][783]LogUObjectHash: Compacting FUObjectHashTables data took   2.53ms
[2025.05.25-21.12.57:142][787]LogPlayLevel: Display: Destroying online subsystem :Context_17
[2025.05.25-21.12.58:307][925]LogSlate: FSceneViewport::OnFocusLost() reason 0
[2025.05.25-21.13.14:030][433]LogUObjectHash: Compacting FUObjectHashTables data took   2.33ms
[2025.05.25-21.14.05:505][433]LogSlate: Window 'Delete Assets' being destroyed
[2025.05.25-21.14.06:147][433]LogUObjectHash: Compacting FUObjectHashTables data took   2.05ms
[2025.05.25-21.15.12:417][867]LogSlate: Warning: Ignoring SetUserFocus because it's not an active modal Window (user 0 not set to SAssetView [SContentBrowser.cpp(685)].
[2025.05.25-21.15.29:506][891]LogAssetEditorManager: Opening Asset editor for PaperFlipbook /Game/2DSideScrollerBP/character-sprites/character-sprite/character-walking-animation.character-walking-animation
[2025.05.25-21.15.29:581][892]LogRenderer: Reallocating scene render targets to support 1528x780 Format 10 NumSamples 1 (Frame:1).
[2025.05.25-21.16.24:195][368]LogSavePackage: Moving 'H:/homebound/project file/Saved/character-walking-animation3BA044A244553E2BA9C59E8CF8B74EAA.tmp' to 'H:/homebound/project file/Content/2DSideScrollerBP/character-sprites/character-sprite/character-walking-animation.uasset'
[2025.05.25-21.17.02:968][995]LogUObjectHash: Compacting FUObjectHashTables data took   2.48ms
[2025.05.25-21.17.03:554][995]LogSavePackage: Moving 'H:/homebound/project file/Saved/2DSideScrollerExampleMap_Auto135811F304F63648EE598BDB3CF1D5E6B.tmp' to 'H:/homebound/project file/Saved/Autosaves/Game/2DSideScrollerBP/Maps/2DSideScrollerExampleMap_Auto1.umap'
[2025.05.25-21.17.03:597][995]LogFileHelpers: Editor autosave (incl. sublevels) for '/Game/2DSideScrollerBP/Maps/2DSideScrollerExampleMap' took 0.661
[2025.05.25-21.17.03:597][995]LogFileHelpers: Editor autosave (incl. sublevels) for all levels took 0.661
[2025.05.25-21.17.03:599][995]OBJ SavePackage: Generating thumbnails for [0] asset(s) in package [/Game/2DSideScrollerBP/Blueprints/2DSideScrollerCharacter] ([1] browsable assets)...
[2025.05.25-21.17.03:599][995]OBJ SavePackage: Finished generating thumbnails for package [/Game/2DSideScrollerBP/Blueprints/2DSideScrollerCharacter]
[2025.05.25-21.17.03:690][995]LogSavePackage: Moving 'H:/homebound/project file/Saved/2DSideScrollerCharacter_Auto1C81334944F70EC71E229EBBDF1A1774D.tmp' to 'H:/homebound/project file/Saved/Autosaves/Game/2DSideScrollerBP/Blueprints/2DSideScrollerCharacter_Auto1.uasset'
[2025.05.25-21.17.03:706][995]OBJ SavePackage: Generating thumbnails for [1] asset(s) in package [/Game/2DSideScrollerBP/character-sprites/0024] ([1] browsable assets)...
[2025.05.25-21.17.03:708][995]OBJ SavePackage:     Rendered thumbnail for [Texture2D /Game/2DSideScrollerBP/character-sprites/0024.0024]
[2025.05.25-21.17.03:708][995]OBJ SavePackage: Finished generating thumbnails for package [/Game/2DSideScrollerBP/character-sprites/0024]
[2025.05.25-21.17.03:773][995]LogSavePackage: Moving 'H:/homebound/project file/Saved/0024_Auto1A66B2DC74EE3B00D015F50910A6EF3C1.tmp' to 'H:/homebound/project file/Saved/Autosaves/Game/2DSideScrollerBP/character-sprites/0024_Auto1.uasset'
[2025.05.25-21.17.03:774][995]OBJ SavePackage: Generating thumbnails for [1] asset(s) in package [/Game/2DSideScrollerBP/character-sprites/0025] ([1] browsable assets)...
[2025.05.25-21.17.03:776][995]OBJ SavePackage:     Rendered thumbnail for [Texture2D /Game/2DSideScrollerBP/character-sprites/0025.0025]
[2025.05.25-21.17.03:776][995]OBJ SavePackage: Finished generating thumbnails for package [/Game/2DSideScrollerBP/character-sprites/0025]
[2025.05.25-21.17.03:963][995]LogSavePackage: Moving 'H:/homebound/project file/Saved/0025_Auto1DC323B0948DC74BE7B94FEAB0FB823A0.tmp' to 'H:/homebound/project file/Saved/Autosaves/Game/2DSideScrollerBP/character-sprites/0025_Auto1.uasset'
[2025.05.25-21.17.03:965][995]OBJ SavePackage: Generating thumbnails for [1] asset(s) in package [/Game/2DSideScrollerBP/character-sprites/0026] ([1] browsable assets)...
[2025.05.25-21.17.03:967][995]OBJ SavePackage:     Rendered thumbnail for [Texture2D /Game/2DSideScrollerBP/character-sprites/0026.0026]
[2025.05.25-21.17.03:967][995]OBJ SavePackage: Finished generating thumbnails for package [/Game/2DSideScrollerBP/character-sprites/0026]
[2025.05.25-21.17.04:127][995]LogSavePackage: Moving 'H:/homebound/project file/Saved/0026_Auto1437A5DE84D9CED2DC3C787BC8D6E8FE6.tmp' to 'H:/homebound/project file/Saved/Autosaves/Game/2DSideScrollerBP/character-sprites/0026_Auto1.uasset'
[2025.05.25-21.17.04:128][995]OBJ SavePackage: Generating thumbnails for [1] asset(s) in package [/Game/2DSideScrollerBP/character-sprites/0027] ([1] browsable assets)...
[2025.05.25-21.17.04:129][995]OBJ SavePackage:     Rendered thumbnail for [Texture2D /Game/2DSideScrollerBP/character-sprites/0027.0027]
[2025.05.25-21.17.04:129][995]OBJ SavePackage: Finished generating thumbnails for package [/Game/2DSideScrollerBP/character-sprites/0027]
[2025.05.25-21.17.04:329][995]LogSavePackage: Moving 'H:/homebound/project file/Saved/0027_Auto13D92F810423C2DD17E8600AFB9851C21.tmp' to 'H:/homebound/project file/Saved/Autosaves/Game/2DSideScrollerBP/character-sprites/0027_Auto1.uasset'
[2025.05.25-21.17.04:330][995]OBJ SavePackage: Generating thumbnails for [1] asset(s) in package [/Game/2DSideScrollerBP/character-sprites/0028] ([1] browsable assets)...
[2025.05.25-21.17.04:331][995]OBJ SavePackage:     Rendered thumbnail for [Texture2D /Game/2DSideScrollerBP/character-sprites/0028.0028]
[2025.05.25-21.17.04:331][995]OBJ SavePackage: Finished generating thumbnails for package [/Game/2DSideScrollerBP/character-sprites/0028]
[2025.05.25-21.17.04:491][995]LogSavePackage: Moving 'H:/homebound/project file/Saved/0028_Auto19006E0054ABAF1654109DB8080092201.tmp' to 'H:/homebound/project file/Saved/Autosaves/Game/2DSideScrollerBP/character-sprites/0028_Auto1.uasset'
[2025.05.25-21.17.04:492][995]OBJ SavePackage: Generating thumbnails for [1] asset(s) in package [/Game/2DSideScrollerBP/character-sprites/0029] ([1] browsable assets)...
[2025.05.25-21.17.04:493][995]OBJ SavePackage:     Rendered thumbnail for [Texture2D /Game/2DSideScrollerBP/character-sprites/0029.0029]
[2025.05.25-21.17.04:493][995]OBJ SavePackage: Finished generating thumbnails for package [/Game/2DSideScrollerBP/character-sprites/0029]
[2025.05.25-21.17.04:694][995]LogSavePackage: Moving 'H:/homebound/project file/Saved/0029_Auto146B1F35043019C8AFB8666A8A5935F43.tmp' to 'H:/homebound/project file/Saved/Autosaves/Game/2DSideScrollerBP/character-sprites/0029_Auto1.uasset'
[2025.05.25-21.17.04:695][995]OBJ SavePackage: Generating thumbnails for [1] asset(s) in package [/Game/2DSideScrollerBP/character-sprites/0030] ([1] browsable assets)...
[2025.05.25-21.17.04:697][995]OBJ SavePackage:     Rendered thumbnail for [Texture2D /Game/2DSideScrollerBP/character-sprites/0030.0030]
[2025.05.25-21.17.04:697][995]OBJ SavePackage: Finished generating thumbnails for package [/Game/2DSideScrollerBP/character-sprites/0030]
[2025.05.25-21.17.04:856][995]LogSavePackage: Moving 'H:/homebound/project file/Saved/0030_Auto1A464CAA944197A21987EF0800EC1B52C.tmp' to 'H:/homebound/project file/Saved/Autosaves/Game/2DSideScrollerBP/character-sprites/0030_Auto1.uasset'
[2025.05.25-21.17.04:857][995]OBJ SavePackage: Generating thumbnails for [1] asset(s) in package [/Game/2DSideScrollerBP/character-sprites/0031] ([1] browsable assets)...
[2025.05.25-21.17.04:859][995]OBJ SavePackage:     Rendered thumbnail for [Texture2D /Game/2DSideScrollerBP/character-sprites/0031.0031]
[2025.05.25-21.17.04:859][995]OBJ SavePackage: Finished generating thumbnails for package [/Game/2DSideScrollerBP/character-sprites/0031]
[2025.05.25-21.17.05:058][995]LogSavePackage: Moving 'H:/homebound/project file/Saved/0031_Auto11E53138E453CD7B53399C1B4EA9637DA.tmp' to 'H:/homebound/project file/Saved/Autosaves/Game/2DSideScrollerBP/character-sprites/0031_Auto1.uasset'
[2025.05.25-21.17.05:059][995]OBJ SavePackage: Generating thumbnails for [1] asset(s) in package [/Game/2DSideScrollerBP/character-sprites/0032] ([1] browsable assets)...
[2025.05.25-21.17.05:061][995]OBJ SavePackage:     Rendered thumbnail for [Texture2D /Game/2DSideScrollerBP/character-sprites/0032.0032]
[2025.05.25-21.17.05:061][995]OBJ SavePackage: Finished generating thumbnails for package [/Game/2DSideScrollerBP/character-sprites/0032]
[2025.05.25-21.17.05:221][995]LogSavePackage: Moving 'H:/homebound/project file/Saved/0032_Auto16648ADEF4BF6939B3A9DFCA147A9EA7C.tmp' to 'H:/homebound/project file/Saved/Autosaves/Game/2DSideScrollerBP/character-sprites/0032_Auto1.uasset'
[2025.05.25-21.17.05:222][995]OBJ SavePackage: Generating thumbnails for [1] asset(s) in package [/Game/2DSideScrollerBP/character-sprites/0033] ([1] browsable assets)...
[2025.05.25-21.17.05:223][995]OBJ SavePackage:     Rendered thumbnail for [Texture2D /Game/2DSideScrollerBP/character-sprites/0033.0033]
[2025.05.25-21.17.05:223][995]OBJ SavePackage: Finished generating thumbnails for package [/Game/2DSideScrollerBP/character-sprites/0033]
[2025.05.25-21.17.05:436][995]LogSavePackage: Moving 'H:/homebound/project file/Saved/0033_Auto17E8643E3410B4DB3CE0BDA87BDE1229B.tmp' to 'H:/homebound/project file/Saved/Autosaves/Game/2DSideScrollerBP/character-sprites/0033_Auto1.uasset'
[2025.05.25-21.17.05:437][995]OBJ SavePackage: Generating thumbnails for [1] asset(s) in package [/Game/2DSideScrollerBP/character-sprites/0034] ([1] browsable assets)...
[2025.05.25-21.17.05:439][995]OBJ SavePackage:     Rendered thumbnail for [Texture2D /Game/2DSideScrollerBP/character-sprites/0034.0034]
[2025.05.25-21.17.05:439][995]OBJ SavePackage: Finished generating thumbnails for package [/Game/2DSideScrollerBP/character-sprites/0034]
[2025.05.25-21.17.05:608][995]LogSavePackage: Moving 'H:/homebound/project file/Saved/0034_Auto1B6402CB04EBF877D60D54F9AA7613B0D.tmp' to 'H:/homebound/project file/Saved/Autosaves/Game/2DSideScrollerBP/character-sprites/0034_Auto1.uasset'
[2025.05.25-21.17.05:609][995]OBJ SavePackage: Generating thumbnails for [1] asset(s) in package [/Game/2DSideScrollerBP/character-sprites/0035] ([1] browsable assets)...
[2025.05.25-21.17.05:611][995]OBJ SavePackage:     Rendered thumbnail for [Texture2D /Game/2DSideScrollerBP/character-sprites/0035.0035]
[2025.05.25-21.17.05:611][995]OBJ SavePackage: Finished generating thumbnails for package [/Game/2DSideScrollerBP/character-sprites/0035]
[2025.05.25-21.17.05:810][995]LogSavePackage: Moving 'H:/homebound/project file/Saved/0035_Auto1D3E9846943BBA2E55E566184C61C3984.tmp' to 'H:/homebound/project file/Saved/Autosaves/Game/2DSideScrollerBP/character-sprites/0035_Auto1.uasset'
[2025.05.25-21.17.05:811][995]OBJ SavePackage: Generating thumbnails for [1] asset(s) in package [/Game/2DSideScrollerBP/character-sprites/0036] ([1] browsable assets)...
[2025.05.25-21.17.05:813][995]OBJ SavePackage:     Rendered thumbnail for [Texture2D /Game/2DSideScrollerBP/character-sprites/0036.0036]
[2025.05.25-21.17.05:813][995]OBJ SavePackage: Finished generating thumbnails for package [/Game/2DSideScrollerBP/character-sprites/0036]
[2025.05.25-21.17.05:973][995]LogSavePackage: Moving 'H:/homebound/project file/Saved/0036_Auto1C8F85E8B42F2FC31A7B988B7F0E7F7C6.tmp' to 'H:/homebound/project file/Saved/Autosaves/Game/2DSideScrollerBP/character-sprites/0036_Auto1.uasset'
[2025.05.25-21.17.05:975][995]OBJ SavePackage: Generating thumbnails for [1] asset(s) in package [/Game/2DSideScrollerBP/character-sprites/0037] ([1] browsable assets)...
[2025.05.25-21.17.05:977][995]OBJ SavePackage:     Rendered thumbnail for [Texture2D /Game/2DSideScrollerBP/character-sprites/0037.0037]
[2025.05.25-21.17.05:977][995]OBJ SavePackage: Finished generating thumbnails for package [/Game/2DSideScrollerBP/character-sprites/0037]
[2025.05.25-21.17.06:166][995]LogSavePackage: Moving 'H:/homebound/project file/Saved/0037_Auto1DF9F87F64003641441DC8F8552DB74BA.tmp' to 'H:/homebound/project file/Saved/Autosaves/Game/2DSideScrollerBP/character-sprites/0037_Auto1.uasset'
[2025.05.25-21.17.06:167][995]OBJ SavePackage: Generating thumbnails for [1] asset(s) in package [/Game/2DSideScrollerBP/character-sprites/0038] ([1] browsable assets)...
[2025.05.25-21.17.06:169][995]OBJ SavePackage:     Rendered thumbnail for [Texture2D /Game/2DSideScrollerBP/character-sprites/0038.0038]
[2025.05.25-21.17.06:169][995]OBJ SavePackage: Finished generating thumbnails for package [/Game/2DSideScrollerBP/character-sprites/0038]
[2025.05.25-21.17.06:453][995]LogSavePackage: Moving 'H:/homebound/project file/Saved/0038_Auto1FEB91DC147503ECB1DA29984D93B48E1.tmp' to 'H:/homebound/project file/Saved/Autosaves/Game/2DSideScrollerBP/character-sprites/0038_Auto1.uasset'
[2025.05.25-21.17.06:454][995]OBJ SavePackage: Generating thumbnails for [1] asset(s) in package [/Game/2DSideScrollerBP/character-sprites/0039] ([1] browsable assets)...
[2025.05.25-21.17.06:455][995]OBJ SavePackage:     Rendered thumbnail for [Texture2D /Game/2DSideScrollerBP/character-sprites/0039.0039]
[2025.05.25-21.17.06:455][995]OBJ SavePackage: Finished generating thumbnails for package [/Game/2DSideScrollerBP/character-sprites/0039]
[2025.05.25-21.17.06:545][995]LogSavePackage: Moving 'H:/homebound/project file/Saved/0039_Auto14EDF1A274FABBF463DF8D3B85320BC2C.tmp' to 'H:/homebound/project file/Saved/Autosaves/Game/2DSideScrollerBP/character-sprites/0039_Auto1.uasset'
[2025.05.25-21.17.06:547][995]OBJ SavePackage: Generating thumbnails for [1] asset(s) in package [/Game/2DSideScrollerBP/character-sprites/0040] ([1] browsable assets)...
[2025.05.25-21.17.06:548][995]OBJ SavePackage:     Rendered thumbnail for [Texture2D /Game/2DSideScrollerBP/character-sprites/0040.0040]
[2025.05.25-21.17.06:548][995]OBJ SavePackage: Finished generating thumbnails for package [/Game/2DSideScrollerBP/character-sprites/0040]
[2025.05.25-21.17.06:819][995]LogSavePackage: Moving 'H:/homebound/project file/Saved/0040_Auto124EB59984F2694D94A7375811F663994.tmp' to 'H:/homebound/project file/Saved/Autosaves/Game/2DSideScrollerBP/character-sprites/0040_Auto1.uasset'
[2025.05.25-21.17.06:820][995]OBJ SavePackage: Generating thumbnails for [1] asset(s) in package [/Game/2DSideScrollerBP/character-sprites/0041] ([1] browsable assets)...
[2025.05.25-21.17.06:822][995]OBJ SavePackage:     Rendered thumbnail for [Texture2D /Game/2DSideScrollerBP/character-sprites/0041.0041]
[2025.05.25-21.17.06:823][995]OBJ SavePackage: Finished generating thumbnails for package [/Game/2DSideScrollerBP/character-sprites/0041]
[2025.05.25-21.17.07:128][995]LogSavePackage: Moving 'H:/homebound/project file/Saved/0041_Auto12BD3A85A4B26D527B8B183B439CA2D95.tmp' to 'H:/homebound/project file/Saved/Autosaves/Game/2DSideScrollerBP/character-sprites/0041_Auto1.uasset'
[2025.05.25-21.17.07:129][995]OBJ SavePackage: Generating thumbnails for [1] asset(s) in package [/Game/2DSideScrollerBP/character-sprites/0042] ([1] browsable assets)...
[2025.05.25-21.17.07:130][995]OBJ SavePackage:     Rendered thumbnail for [Texture2D /Game/2DSideScrollerBP/character-sprites/0042.0042]
[2025.05.25-21.17.07:130][995]OBJ SavePackage: Finished generating thumbnails for package [/Game/2DSideScrollerBP/character-sprites/0042]
[2025.05.25-21.17.07:331][995]LogSavePackage: Moving 'H:/homebound/project file/Saved/0042_Auto1C27CDD11419F5FA858D13B8281B2A540.tmp' to 'H:/homebound/project file/Saved/Autosaves/Game/2DSideScrollerBP/character-sprites/0042_Auto1.uasset'
[2025.05.25-21.17.07:332][995]OBJ SavePackage: Generating thumbnails for [1] asset(s) in package [/Game/2DSideScrollerBP/character-sprites/0043] ([1] browsable assets)...
[2025.05.25-21.17.07:334][995]OBJ SavePackage:     Rendered thumbnail for [Texture2D /Game/2DSideScrollerBP/character-sprites/0043.0043]
[2025.05.25-21.17.07:334][995]OBJ SavePackage: Finished generating thumbnails for package [/Game/2DSideScrollerBP/character-sprites/0043]
[2025.05.25-21.17.07:481][995]LogSavePackage: Moving 'H:/homebound/project file/Saved/0043_Auto160E81C9940F8FF88045C07918FE192CF.tmp' to 'H:/homebound/project file/Saved/Autosaves/Game/2DSideScrollerBP/character-sprites/0043_Auto1.uasset'
[2025.05.25-21.17.07:483][995]OBJ SavePackage: Generating thumbnails for [1] asset(s) in package [/Game/2DSideScrollerBP/character-sprites/0044] ([1] browsable assets)...
[2025.05.25-21.17.07:484][995]OBJ SavePackage:     Rendered thumbnail for [Texture2D /Game/2DSideScrollerBP/character-sprites/0044.0044]
[2025.05.25-21.17.07:484][995]OBJ SavePackage: Finished generating thumbnails for package [/Game/2DSideScrollerBP/character-sprites/0044]
[2025.05.25-21.17.07:737][995]LogSavePackage: Moving 'H:/homebound/project file/Saved/0044_Auto1CC46EF4E437DA13CE4EE639B0AFE4EEE.tmp' to 'H:/homebound/project file/Saved/Autosaves/Game/2DSideScrollerBP/character-sprites/0044_Auto1.uasset'
[2025.05.25-21.17.07:738][995]OBJ SavePackage: Generating thumbnails for [1] asset(s) in package [/Game/2DSideScrollerBP/character-sprites/0045] ([1] browsable assets)...
[2025.05.25-21.17.07:740][995]OBJ SavePackage:     Rendered thumbnail for [Texture2D /Game/2DSideScrollerBP/character-sprites/0045.0045]
[2025.05.25-21.17.07:740][995]OBJ SavePackage: Finished generating thumbnails for package [/Game/2DSideScrollerBP/character-sprites/0045]
[2025.05.25-21.17.08:078][995]LogSavePackage: Moving 'H:/homebound/project file/Saved/0045_Auto12D2A4EF044E4D4B28753DEA2A9F63DAC.tmp' to 'H:/homebound/project file/Saved/Autosaves/Game/2DSideScrollerBP/character-sprites/0045_Auto1.uasset'
[2025.05.25-21.17.08:079][995]OBJ SavePackage: Generating thumbnails for [1] asset(s) in package [/Game/2DSideScrollerBP/character-sprites/0046] ([1] browsable assets)...
[2025.05.25-21.17.08:081][995]OBJ SavePackage:     Rendered thumbnail for [Texture2D /Game/2DSideScrollerBP/character-sprites/0046.0046]
[2025.05.25-21.17.08:081][995]OBJ SavePackage: Finished generating thumbnails for package [/Game/2DSideScrollerBP/character-sprites/0046]
[2025.05.25-21.17.08:169][995]LogSavePackage: Moving 'H:/homebound/project file/Saved/0046_Auto1D2380AB34C31382D38B5D4B27A0107B9.tmp' to 'H:/homebound/project file/Saved/Autosaves/Game/2DSideScrollerBP/character-sprites/0046_Auto1.uasset'
[2025.05.25-21.17.08:170][995]OBJ SavePackage: Generating thumbnails for [1] asset(s) in package [/Game/2DSideScrollerBP/character-sprites/0047] ([1] browsable assets)...
[2025.05.25-21.17.08:171][995]OBJ SavePackage:     Rendered thumbnail for [Texture2D /Game/2DSideScrollerBP/character-sprites/0047.0047]
[2025.05.25-21.17.08:171][995]OBJ SavePackage: Finished generating thumbnails for package [/Game/2DSideScrollerBP/character-sprites/0047]
[2025.05.25-21.17.08:358][995]LogSavePackage: Moving 'H:/homebound/project file/Saved/0047_Auto1BD3AD25C48E7719B52079A8ABF46814A.tmp' to 'H:/homebound/project file/Saved/Autosaves/Game/2DSideScrollerBP/character-sprites/0047_Auto1.uasset'
[2025.05.25-21.17.08:359][995]OBJ SavePackage: Generating thumbnails for [1] asset(s) in package [/Game/2DSideScrollerBP/character-sprites/0048] ([1] browsable assets)...
[2025.05.25-21.17.08:361][995]OBJ SavePackage:     Rendered thumbnail for [Texture2D /Game/2DSideScrollerBP/character-sprites/0048.0048]
[2025.05.25-21.17.08:361][995]OBJ SavePackage: Finished generating thumbnails for package [/Game/2DSideScrollerBP/character-sprites/0048]
[2025.05.25-21.17.08:684][995]LogSavePackage: Moving 'H:/homebound/project file/Saved/0048_Auto1338D5C08485DB7BB5076F29F8BF19A68.tmp' to 'H:/homebound/project file/Saved/Autosaves/Game/2DSideScrollerBP/character-sprites/0048_Auto1.uasset'
[2025.05.25-21.17.08:685][995]OBJ SavePackage: Generating thumbnails for [1] asset(s) in package [/Game/2DSideScrollerBP/character-sprites/0049] ([1] browsable assets)...
[2025.05.25-21.17.08:688][995]OBJ SavePackage:     Rendered thumbnail for [Texture2D /Game/2DSideScrollerBP/character-sprites/0049.0049]
[2025.05.25-21.17.08:688][995]OBJ SavePackage: Finished generating thumbnails for package [/Game/2DSideScrollerBP/character-sprites/0049]
[2025.05.25-21.17.09:653][995]LogSavePackage: Moving 'H:/homebound/project file/Saved/0049_Auto1748430944D6773ED874B759E59DB32A0.tmp' to 'H:/homebound/project file/Saved/Autosaves/Game/2DSideScrollerBP/character-sprites/0049_Auto1.uasset'
[2025.05.25-21.17.09:654][995]OBJ SavePackage: Generating thumbnails for [1] asset(s) in package [/Game/2DSideScrollerBP/character-sprites/0050] ([1] browsable assets)...
[2025.05.25-21.17.09:657][995]OBJ SavePackage:     Rendered thumbnail for [Texture2D /Game/2DSideScrollerBP/character-sprites/0050.0050]
[2025.05.25-21.17.09:657][995]OBJ SavePackage: Finished generating thumbnails for package [/Game/2DSideScrollerBP/character-sprites/0050]
[2025.05.25-21.17.09:863][995]LogSavePackage: Moving 'H:/homebound/project file/Saved/0050_Auto113CF18D24659A210B24423B8FA2D4D7C.tmp' to 'H:/homebound/project file/Saved/Autosaves/Game/2DSideScrollerBP/character-sprites/0050_Auto1.uasset'
[2025.05.25-21.17.09:978][995]OBJ SavePackage: Generating thumbnails for [1] asset(s) in package [/Game/2DSideScrollerBP/character-sprites/0051] ([1] browsable assets)...
[2025.05.25-21.17.09:980][995]OBJ SavePackage:     Rendered thumbnail for [Texture2D /Game/2DSideScrollerBP/character-sprites/0051.0051]
[2025.05.25-21.17.09:980][995]OBJ SavePackage: Finished generating thumbnails for package [/Game/2DSideScrollerBP/character-sprites/0051]
[2025.05.25-21.17.10:050][995]LogSavePackage: Moving 'H:/homebound/project file/Saved/0051_Auto14CDA853847A9973A396F2D8C3289F3EB.tmp' to 'H:/homebound/project file/Saved/Autosaves/Game/2DSideScrollerBP/character-sprites/0051_Auto1.uasset'
[2025.05.25-21.17.10:051][995]OBJ SavePackage: Generating thumbnails for [1] asset(s) in package [/Game/2DSideScrollerBP/character-sprites/0052] ([1] browsable assets)...
[2025.05.25-21.17.10:052][995]OBJ SavePackage:     Rendered thumbnail for [Texture2D /Game/2DSideScrollerBP/character-sprites/0052.0052]
[2025.05.25-21.17.10:052][995]OBJ SavePackage: Finished generating thumbnails for package [/Game/2DSideScrollerBP/character-sprites/0052]
[2025.05.25-21.17.10:320][995]LogSavePackage: Moving 'H:/homebound/project file/Saved/0052_Auto1096861DA4CEE8E109B0595A9D9B8C30C.tmp' to 'H:/homebound/project file/Saved/Autosaves/Game/2DSideScrollerBP/character-sprites/0052_Auto1.uasset'
[2025.05.25-21.17.10:321][995]OBJ SavePackage: Generating thumbnails for [1] asset(s) in package [/Game/2DSideScrollerBP/character-sprites/0053] ([1] browsable assets)...
[2025.05.25-21.17.10:323][995]OBJ SavePackage:     Rendered thumbnail for [Texture2D /Game/2DSideScrollerBP/character-sprites/0053.0053]
[2025.05.25-21.17.10:323][995]OBJ SavePackage: Finished generating thumbnails for package [/Game/2DSideScrollerBP/character-sprites/0053]
[2025.05.25-21.17.10:622][995]LogSavePackage: Moving 'H:/homebound/project file/Saved/0053_Auto11198BC6A4F3F9549AAB34CA9FFBFB71B.tmp' to 'H:/homebound/project file/Saved/Autosaves/Game/2DSideScrollerBP/character-sprites/0053_Auto1.uasset'
[2025.05.25-21.17.10:623][995]OBJ SavePackage: Generating thumbnails for [1] asset(s) in package [/Game/2DSideScrollerBP/character-sprites/0054] ([1] browsable assets)...
[2025.05.25-21.17.10:626][995]OBJ SavePackage:     Rendered thumbnail for [Texture2D /Game/2DSideScrollerBP/character-sprites/0054.0054]
[2025.05.25-21.17.10:626][995]OBJ SavePackage: Finished generating thumbnails for package [/Game/2DSideScrollerBP/character-sprites/0054]
[2025.05.25-21.17.10:870][995]LogSavePackage: Moving 'H:/homebound/project file/Saved/0054_Auto1BC247A0B466A455ACE7AE4BDF020678B.tmp' to 'H:/homebound/project file/Saved/Autosaves/Game/2DSideScrollerBP/character-sprites/0054_Auto1.uasset'
[2025.05.25-21.17.10:871][995]OBJ SavePackage: Generating thumbnails for [1] asset(s) in package [/Game/2DSideScrollerBP/character-sprites/0055] ([1] browsable assets)...
[2025.05.25-21.17.10:872][995]OBJ SavePackage:     Rendered thumbnail for [Texture2D /Game/2DSideScrollerBP/character-sprites/0055.0055]
[2025.05.25-21.17.10:872][995]OBJ SavePackage: Finished generating thumbnails for package [/Game/2DSideScrollerBP/character-sprites/0055]
[2025.05.25-21.17.11:087][995]LogSavePackage: Moving 'H:/homebound/project file/Saved/0055_Auto1A684479046D940E5AC5663BB6C7A53F4.tmp' to 'H:/homebound/project file/Saved/Autosaves/Game/2DSideScrollerBP/character-sprites/0055_Auto1.uasset'
[2025.05.25-21.17.11:088][995]OBJ SavePackage: Generating thumbnails for [1] asset(s) in package [/Game/2DSideScrollerBP/character-sprites/0056] ([1] browsable assets)...
[2025.05.25-21.17.11:090][995]OBJ SavePackage:     Rendered thumbnail for [Texture2D /Game/2DSideScrollerBP/character-sprites/0056.0056]
[2025.05.25-21.17.11:090][995]OBJ SavePackage: Finished generating thumbnails for package [/Game/2DSideScrollerBP/character-sprites/0056]
[2025.05.25-21.17.11:252][995]LogSavePackage: Moving 'H:/homebound/project file/Saved/0056_Auto10D7736564572B5BEC53FB794C67A7EB2.tmp' to 'H:/homebound/project file/Saved/Autosaves/Game/2DSideScrollerBP/character-sprites/0056_Auto1.uasset'
[2025.05.25-21.17.11:254][995]OBJ SavePackage: Generating thumbnails for [1] asset(s) in package [/Game/2DSideScrollerBP/character-sprites/0057] ([1] browsable assets)...
[2025.05.25-21.17.11:255][995]OBJ SavePackage:     Rendered thumbnail for [Texture2D /Game/2DSideScrollerBP/character-sprites/0057.0057]
[2025.05.25-21.17.11:255][995]OBJ SavePackage: Finished generating thumbnails for package [/Game/2DSideScrollerBP/character-sprites/0057]
[2025.05.25-21.17.11:510][995]LogSavePackage: Moving 'H:/homebound/project file/Saved/0057_Auto1F3DB40AF42DFCFFBE26B0DBA4F2BE34A.tmp' to 'H:/homebound/project file/Saved/Autosaves/Game/2DSideScrollerBP/character-sprites/0057_Auto1.uasset'
[2025.05.25-21.17.11:511][995]OBJ SavePackage: Generating thumbnails for [1] asset(s) in package [/Game/2DSideScrollerBP/character-sprites/0058] ([1] browsable assets)...
[2025.05.25-21.17.11:513][995]OBJ SavePackage:     Rendered thumbnail for [Texture2D /Game/2DSideScrollerBP/character-sprites/0058.0058]
[2025.05.25-21.17.11:513][995]OBJ SavePackage: Finished generating thumbnails for package [/Game/2DSideScrollerBP/character-sprites/0058]
[2025.05.25-21.17.11:835][995]LogSavePackage: Moving 'H:/homebound/project file/Saved/0058_Auto1C6F3385946713610B10E27BB770B02AC.tmp' to 'H:/homebound/project file/Saved/Autosaves/Game/2DSideScrollerBP/character-sprites/0058_Auto1.uasset'
[2025.05.25-21.17.11:835][995]OBJ SavePackage: Generating thumbnails for [1] asset(s) in package [/Game/2DSideScrollerBP/character-sprites/0059] ([1] browsable assets)...
[2025.05.25-21.17.11:838][995]OBJ SavePackage:     Rendered thumbnail for [Texture2D /Game/2DSideScrollerBP/character-sprites/0059.0059]
[2025.05.25-21.17.11:838][995]OBJ SavePackage: Finished generating thumbnails for package [/Game/2DSideScrollerBP/character-sprites/0059]
[2025.05.25-21.17.12:030][995]LogSavePackage: Moving 'H:/homebound/project file/Saved/0059_Auto1D6C1D3A7432B2C3613FE0CA6859DF27F.tmp' to 'H:/homebound/project file/Saved/Autosaves/Game/2DSideScrollerBP/character-sprites/0059_Auto1.uasset'
[2025.05.25-21.17.12:031][995]OBJ SavePackage: Generating thumbnails for [1] asset(s) in package [/Game/2DSideScrollerBP/character-sprites/0060] ([1] browsable assets)...
[2025.05.25-21.17.12:033][995]OBJ SavePackage:     Rendered thumbnail for [Texture2D /Game/2DSideScrollerBP/character-sprites/0060.0060]
[2025.05.25-21.17.12:033][995]OBJ SavePackage: Finished generating thumbnails for package [/Game/2DSideScrollerBP/character-sprites/0060]
[2025.05.25-21.17.12:345][995]LogSavePackage: Moving 'H:/homebound/project file/Saved/0060_Auto1CAB49B81494DE3054160D8B065178FD3.tmp' to 'H:/homebound/project file/Saved/Autosaves/Game/2DSideScrollerBP/character-sprites/0060_Auto1.uasset'
[2025.05.25-21.17.12:346][995]OBJ SavePackage: Generating thumbnails for [1] asset(s) in package [/Game/2DSideScrollerBP/character-sprites/0001] ([1] browsable assets)...
[2025.05.25-21.17.12:348][995]OBJ SavePackage:     Rendered thumbnail for [Texture2D /Game/2DSideScrollerBP/character-sprites/0001.0001]
[2025.05.25-21.17.12:348][995]OBJ SavePackage: Finished generating thumbnails for package [/Game/2DSideScrollerBP/character-sprites/0001]
[2025.05.25-21.17.12:523][995]LogSavePackage: Moving 'H:/homebound/project file/Saved/0001_Auto1C2788A3E48756F74612A4380E67F6E8B.tmp' to 'H:/homebound/project file/Saved/Autosaves/Game/2DSideScrollerBP/character-sprites/0001_Auto1.uasset'
[2025.05.25-21.17.12:524][995]OBJ SavePackage: Generating thumbnails for [1] asset(s) in package [/Game/2DSideScrollerBP/character-sprites/0002] ([1] browsable assets)...
[2025.05.25-21.17.12:526][995]OBJ SavePackage:     Rendered thumbnail for [Texture2D /Game/2DSideScrollerBP/character-sprites/0002.0002]
[2025.05.25-21.17.12:526][995]OBJ SavePackage: Finished generating thumbnails for package [/Game/2DSideScrollerBP/character-sprites/0002]
[2025.05.25-21.17.12:801][995]LogSavePackage: Moving 'H:/homebound/project file/Saved/0002_Auto11F6C8126497E6BA8ECAF6BB673AB20CE.tmp' to 'H:/homebound/project file/Saved/Autosaves/Game/2DSideScrollerBP/character-sprites/0002_Auto1.uasset'
[2025.05.25-21.17.12:802][995]OBJ SavePackage: Generating thumbnails for [1] asset(s) in package [/Game/2DSideScrollerBP/character-sprites/0003] ([1] browsable assets)...
[2025.05.25-21.17.12:804][995]OBJ SavePackage:     Rendered thumbnail for [Texture2D /Game/2DSideScrollerBP/character-sprites/0003.0003]
[2025.05.25-21.17.12:804][995]OBJ SavePackage: Finished generating thumbnails for package [/Game/2DSideScrollerBP/character-sprites/0003]
[2025.05.25-21.17.13:151][995]LogSavePackage: Moving 'H:/homebound/project file/Saved/0003_Auto139DE0F2B4640A112DDD6D8B154D01DDA.tmp' to 'H:/homebound/project file/Saved/Autosaves/Game/2DSideScrollerBP/character-sprites/0003_Auto1.uasset'
[2025.05.25-21.17.13:152][995]OBJ SavePackage: Generating thumbnails for [1] asset(s) in package [/Game/2DSideScrollerBP/character-sprites/0004] ([1] browsable assets)...
[2025.05.25-21.17.13:154][995]OBJ SavePackage:     Rendered thumbnail for [Texture2D /Game/2DSideScrollerBP/character-sprites/0004.0004]
[2025.05.25-21.17.13:154][995]OBJ SavePackage: Finished generating thumbnails for package [/Game/2DSideScrollerBP/character-sprites/0004]
[2025.05.25-21.17.13:380][995]LogSavePackage: Moving 'H:/homebound/project file/Saved/0004_Auto1EC01DBED47D45FA94A12D3B3C530423E.tmp' to 'H:/homebound/project file/Saved/Autosaves/Game/2DSideScrollerBP/character-sprites/0004_Auto1.uasset'
[2025.05.25-21.17.13:381][995]OBJ SavePackage: Generating thumbnails for [1] asset(s) in package [/Game/2DSideScrollerBP/character-sprites/0005] ([1] browsable assets)...
[2025.05.25-21.17.13:382][995]OBJ SavePackage:     Rendered thumbnail for [Texture2D /Game/2DSideScrollerBP/character-sprites/0005.0005]
[2025.05.25-21.17.13:382][995]OBJ SavePackage: Finished generating thumbnails for package [/Game/2DSideScrollerBP/character-sprites/0005]
[2025.05.25-21.17.13:731][995]LogSavePackage: Moving 'H:/homebound/project file/Saved/0005_Auto1294CCAC740D9CF017F9EBAA14130F127.tmp' to 'H:/homebound/project file/Saved/Autosaves/Game/2DSideScrollerBP/character-sprites/0005_Auto1.uasset'
[2025.05.25-21.17.13:732][995]OBJ SavePackage: Generating thumbnails for [1] asset(s) in package [/Game/2DSideScrollerBP/character-sprites/0006] ([1] browsable assets)...
[2025.05.25-21.17.13:734][995]OBJ SavePackage:     Rendered thumbnail for [Texture2D /Game/2DSideScrollerBP/character-sprites/0006.0006]
[2025.05.25-21.17.13:734][995]OBJ SavePackage: Finished generating thumbnails for package [/Game/2DSideScrollerBP/character-sprites/0006]
[2025.05.25-21.17.14:095][995]LogSavePackage: Moving 'H:/homebound/project file/Saved/0006_Auto15D94C890464166BAD8701981FE492483.tmp' to 'H:/homebound/project file/Saved/Autosaves/Game/2DSideScrollerBP/character-sprites/0006_Auto1.uasset'
[2025.05.25-21.17.14:097][995]OBJ SavePackage: Generating thumbnails for [1] asset(s) in package [/Game/2DSideScrollerBP/character-sprites/0007] ([1] browsable assets)...
[2025.05.25-21.17.14:098][995]OBJ SavePackage:     Rendered thumbnail for [Texture2D /Game/2DSideScrollerBP/character-sprites/0007.0007]
[2025.05.25-21.17.14:098][995]OBJ SavePackage: Finished generating thumbnails for package [/Game/2DSideScrollerBP/character-sprites/0007]
[2025.05.25-21.17.14:172][995]LogSavePackage: Moving 'H:/homebound/project file/Saved/0007_Auto1A963C8F64F09C98DEDA9F5BD175B4393.tmp' to 'H:/homebound/project file/Saved/Autosaves/Game/2DSideScrollerBP/character-sprites/0007_Auto1.uasset'
[2025.05.25-21.17.14:173][995]OBJ SavePackage: Generating thumbnails for [1] asset(s) in package [/Game/2DSideScrollerBP/character-sprites/0008] ([1] browsable assets)...
[2025.05.25-21.17.14:174][995]OBJ SavePackage:     Rendered thumbnail for [Texture2D /Game/2DSideScrollerBP/character-sprites/0008.0008]
[2025.05.25-21.17.14:174][995]OBJ SavePackage: Finished generating thumbnails for package [/Game/2DSideScrollerBP/character-sprites/0008]
[2025.05.25-21.17.14:442][995]LogSavePackage: Moving 'H:/homebound/project file/Saved/0008_Auto11017538847718DEA5D878BAB2B719967.tmp' to 'H:/homebound/project file/Saved/Autosaves/Game/2DSideScrollerBP/character-sprites/0008_Auto1.uasset'
[2025.05.25-21.17.14:443][995]OBJ SavePackage: Generating thumbnails for [1] asset(s) in package [/Game/2DSideScrollerBP/character-sprites/0009] ([1] browsable assets)...
[2025.05.25-21.17.14:445][995]OBJ SavePackage:     Rendered thumbnail for [Texture2D /Game/2DSideScrollerBP/character-sprites/0009.0009]
[2025.05.25-21.17.14:445][995]OBJ SavePackage: Finished generating thumbnails for package [/Game/2DSideScrollerBP/character-sprites/0009]
[2025.05.25-21.17.14:905][995]LogSavePackage: Moving 'H:/homebound/project file/Saved/0009_Auto1C160E3254A632F036B841496549DA753.tmp' to 'H:/homebound/project file/Saved/Autosaves/Game/2DSideScrollerBP/character-sprites/0009_Auto1.uasset'
[2025.05.25-21.17.14:907][995]OBJ SavePackage: Generating thumbnails for [1] asset(s) in package [/Game/2DSideScrollerBP/character-sprites/0010] ([1] browsable assets)...
[2025.05.25-21.17.14:909][995]OBJ SavePackage:     Rendered thumbnail for [Texture2D /Game/2DSideScrollerBP/character-sprites/0010.0010]
[2025.05.25-21.17.14:909][995]OBJ SavePackage: Finished generating thumbnails for package [/Game/2DSideScrollerBP/character-sprites/0010]
[2025.05.25-21.17.15:096][995]LogSavePackage: Moving 'H:/homebound/project file/Saved/0010_Auto1A1951DF44589AA41EDF759A48D1CD2F7.tmp' to 'H:/homebound/project file/Saved/Autosaves/Game/2DSideScrollerBP/character-sprites/0010_Auto1.uasset'
[2025.05.25-21.17.15:096][995]OBJ SavePackage: Generating thumbnails for [1] asset(s) in package [/Game/2DSideScrollerBP/character-sprites/0011] ([1] browsable assets)...
[2025.05.25-21.17.15:098][995]OBJ SavePackage:     Rendered thumbnail for [Texture2D /Game/2DSideScrollerBP/character-sprites/0011.0011]
[2025.05.25-21.17.15:098][995]OBJ SavePackage: Finished generating thumbnails for package [/Game/2DSideScrollerBP/character-sprites/0011]
[2025.05.25-21.17.16:049][995]LogSavePackage: Moving 'H:/homebound/project file/Saved/0011_Auto11AEC89CC45EF7563F2DB0085568EE137.tmp' to 'H:/homebound/project file/Saved/Autosaves/Game/2DSideScrollerBP/character-sprites/0011_Auto1.uasset'
[2025.05.25-21.17.16:050][995]OBJ SavePackage: Generating thumbnails for [1] asset(s) in package [/Game/2DSideScrollerBP/character-sprites/0012] ([1] browsable assets)...
[2025.05.25-21.17.16:051][995]OBJ SavePackage:     Rendered thumbnail for [Texture2D /Game/2DSideScrollerBP/character-sprites/0012.0012]
[2025.05.25-21.17.16:051][995]OBJ SavePackage: Finished generating thumbnails for package [/Game/2DSideScrollerBP/character-sprites/0012]
[2025.05.25-21.17.16:238][995]LogSavePackage: Moving 'H:/homebound/project file/Saved/0012_Auto1213CB47449E370846A5224A9768238F0.tmp' to 'H:/homebound/project file/Saved/Autosaves/Game/2DSideScrollerBP/character-sprites/0012_Auto1.uasset'
[2025.05.25-21.17.16:239][995]OBJ SavePackage: Generating thumbnails for [1] asset(s) in package [/Game/2DSideScrollerBP/character-sprites/0013] ([1] browsable assets)...
[2025.05.25-21.17.16:240][995]OBJ SavePackage:     Rendered thumbnail for [Texture2D /Game/2DSideScrollerBP/character-sprites/0013.0013]
[2025.05.25-21.17.16:240][995]OBJ SavePackage: Finished generating thumbnails for package [/Game/2DSideScrollerBP/character-sprites/0013]
[2025.05.25-21.17.16:632][995]LogSavePackage: Moving 'H:/homebound/project file/Saved/0013_Auto1A00C132C4CCAEB5B81D9868053F7E928.tmp' to 'H:/homebound/project file/Saved/Autosaves/Game/2DSideScrollerBP/character-sprites/0013_Auto1.uasset'
[2025.05.25-21.17.16:633][995]OBJ SavePackage: Generating thumbnails for [1] asset(s) in package [/Game/2DSideScrollerBP/character-sprites/0014] ([1] browsable assets)...
[2025.05.25-21.17.16:635][995]OBJ SavePackage:     Rendered thumbnail for [Texture2D /Game/2DSideScrollerBP/character-sprites/0014.0014]
[2025.05.25-21.17.16:635][995]OBJ SavePackage: Finished generating thumbnails for package [/Game/2DSideScrollerBP/character-sprites/0014]
[2025.05.25-21.17.16:748][995]LogSavePackage: Moving 'H:/homebound/project file/Saved/0014_Auto12AF8F67444B49872B10120A726F728A4.tmp' to 'H:/homebound/project file/Saved/Autosaves/Game/2DSideScrollerBP/character-sprites/0014_Auto1.uasset'
[2025.05.25-21.17.16:749][995]OBJ SavePackage: Generating thumbnails for [1] asset(s) in package [/Game/2DSideScrollerBP/character-sprites/0015] ([1] browsable assets)...
[2025.05.25-21.17.16:750][995]OBJ SavePackage:     Rendered thumbnail for [Texture2D /Game/2DSideScrollerBP/character-sprites/0015.0015]
[2025.05.25-21.17.16:750][995]OBJ SavePackage: Finished generating thumbnails for package [/Game/2DSideScrollerBP/character-sprites/0015]
[2025.05.25-21.17.17:103][995]LogSavePackage: Moving 'H:/homebound/project file/Saved/0015_Auto14E210D28416ACB3710D8C59D9FD1657A.tmp' to 'H:/homebound/project file/Saved/Autosaves/Game/2DSideScrollerBP/character-sprites/0015_Auto1.uasset'
[2025.05.25-21.17.17:105][995]OBJ SavePackage: Generating thumbnails for [1] asset(s) in package [/Game/2DSideScrollerBP/character-sprites/0016] ([1] browsable assets)...
[2025.05.25-21.17.17:107][995]OBJ SavePackage:     Rendered thumbnail for [Texture2D /Game/2DSideScrollerBP/character-sprites/0016.0016]
[2025.05.25-21.17.17:107][995]OBJ SavePackage: Finished generating thumbnails for package [/Game/2DSideScrollerBP/character-sprites/0016]
[2025.05.25-21.17.17:255][995]LogSavePackage: Moving 'H:/homebound/project file/Saved/0016_Auto110A411CC483712165EBC3BA2F558DDC5.tmp' to 'H:/homebound/project file/Saved/Autosaves/Game/2DSideScrollerBP/character-sprites/0016_Auto1.uasset'
[2025.05.25-21.17.17:258][995]OBJ SavePackage: Generating thumbnails for [1] asset(s) in package [/Game/2DSideScrollerBP/character-sprites/0017] ([1] browsable assets)...
[2025.05.25-21.17.17:259][995]OBJ SavePackage:     Rendered thumbnail for [Texture2D /Game/2DSideScrollerBP/character-sprites/0017.0017]
[2025.05.25-21.17.17:259][995]OBJ SavePackage: Finished generating thumbnails for package [/Game/2DSideScrollerBP/character-sprites/0017]
[2025.05.25-21.17.17:659][995]LogSavePackage: Moving 'H:/homebound/project file/Saved/0017_Auto1F1C02E08470637E72E4C0EA06C297E0D.tmp' to 'H:/homebound/project file/Saved/Autosaves/Game/2DSideScrollerBP/character-sprites/0017_Auto1.uasset'
[2025.05.25-21.17.17:661][995]OBJ SavePackage: Generating thumbnails for [1] asset(s) in package [/Game/2DSideScrollerBP/character-sprites/0018] ([1] browsable assets)...
[2025.05.25-21.17.17:663][995]OBJ SavePackage:     Rendered thumbnail for [Texture2D /Game/2DSideScrollerBP/character-sprites/0018.0018]
[2025.05.25-21.17.17:663][995]OBJ SavePackage: Finished generating thumbnails for package [/Game/2DSideScrollerBP/character-sprites/0018]
[2025.05.25-21.17.17:761][995]LogSavePackage: Moving 'H:/homebound/project file/Saved/0018_Auto1866A0BA74944A6892952898EF2DC2B51.tmp' to 'H:/homebound/project file/Saved/Autosaves/Game/2DSideScrollerBP/character-sprites/0018_Auto1.uasset'
[2025.05.25-21.17.17:765][995]OBJ SavePackage: Generating thumbnails for [1] asset(s) in package [/Game/2DSideScrollerBP/character-sprites/0019] ([1] browsable assets)...
[2025.05.25-21.17.17:767][995]OBJ SavePackage:     Rendered thumbnail for [Texture2D /Game/2DSideScrollerBP/character-sprites/0019.0019]
[2025.05.25-21.17.17:767][995]OBJ SavePackage: Finished generating thumbnails for package [/Game/2DSideScrollerBP/character-sprites/0019]
[2025.05.25-21.17.18:167][995]LogSavePackage: Moving 'H:/homebound/project file/Saved/0019_Auto156D0C94F4C2D122443DAE08CFBF788BE.tmp' to 'H:/homebound/project file/Saved/Autosaves/Game/2DSideScrollerBP/character-sprites/0019_Auto1.uasset'
[2025.05.25-21.17.18:168][995]OBJ SavePackage: Generating thumbnails for [1] asset(s) in package [/Game/2DSideScrollerBP/character-sprites/0020] ([1] browsable assets)...
[2025.05.25-21.17.18:170][995]OBJ SavePackage:     Rendered thumbnail for [Texture2D /Game/2DSideScrollerBP/character-sprites/0020.0020]
[2025.05.25-21.17.18:170][995]OBJ SavePackage: Finished generating thumbnails for package [/Game/2DSideScrollerBP/character-sprites/0020]
[2025.05.25-21.17.18:344][995]LogSavePackage: Moving 'H:/homebound/project file/Saved/0020_Auto1ECA8CC184988EB3C638F29BB26B95D9A.tmp' to 'H:/homebound/project file/Saved/Autosaves/Game/2DSideScrollerBP/character-sprites/0020_Auto1.uasset'
[2025.05.25-21.17.18:345][995]OBJ SavePackage: Generating thumbnails for [1] asset(s) in package [/Game/2DSideScrollerBP/character-sprites/0021] ([1] browsable assets)...
[2025.05.25-21.17.18:347][995]OBJ SavePackage:     Rendered thumbnail for [Texture2D /Game/2DSideScrollerBP/character-sprites/0021.0021]
[2025.05.25-21.17.18:347][995]OBJ SavePackage: Finished generating thumbnails for package [/Game/2DSideScrollerBP/character-sprites/0021]
[2025.05.25-21.17.18:779][995]LogSavePackage: Moving 'H:/homebound/project file/Saved/0021_Auto162970B6745117597977394A86B442089.tmp' to 'H:/homebound/project file/Saved/Autosaves/Game/2DSideScrollerBP/character-sprites/0021_Auto1.uasset'
[2025.05.25-21.17.18:780][995]OBJ SavePackage: Generating thumbnails for [1] asset(s) in package [/Game/2DSideScrollerBP/character-sprites/0022] ([1] browsable assets)...
[2025.05.25-21.17.18:782][995]OBJ SavePackage:     Rendered thumbnail for [Texture2D /Game/2DSideScrollerBP/character-sprites/0022.0022]
[2025.05.25-21.17.18:782][995]OBJ SavePackage: Finished generating thumbnails for package [/Game/2DSideScrollerBP/character-sprites/0022]
[2025.05.25-21.17.18:908][995]LogSavePackage: Moving 'H:/homebound/project file/Saved/0022_Auto17587719D4DC3400CC27B9696CE964545.tmp' to 'H:/homebound/project file/Saved/Autosaves/Game/2DSideScrollerBP/character-sprites/0022_Auto1.uasset'
[2025.05.25-21.17.18:910][995]OBJ SavePackage: Generating thumbnails for [1] asset(s) in package [/Game/2DSideScrollerBP/character-sprites/0023] ([1] browsable assets)...
[2025.05.25-21.17.18:911][995]OBJ SavePackage:     Rendered thumbnail for [Texture2D /Game/2DSideScrollerBP/character-sprites/0023.0023]
[2025.05.25-21.17.18:911][995]OBJ SavePackage: Finished generating thumbnails for package [/Game/2DSideScrollerBP/character-sprites/0023]
[2025.05.25-21.17.19:209][995]LogSavePackage: Moving 'H:/homebound/project file/Saved/0023_Auto1BF43ADCC4572B8A5D9D55D9397C60E88.tmp' to 'H:/homebound/project file/Saved/Autosaves/Game/2DSideScrollerBP/character-sprites/0023_Auto1.uasset'
[2025.05.25-21.17.19:211][995]OBJ SavePackage: Generating thumbnails for [1] asset(s) in package [/Game/2DSideScrollerBP/character-sprites/character-sprite/character-idle-animation] ([1] browsable assets)...
[2025.05.25-21.17.19:215][995]OBJ SavePackage:     Rendered thumbnail for [PaperFlipbook /Game/2DSideScrollerBP/character-sprites/character-sprite/character-idle-animation.character-idle-animation]
[2025.05.25-21.17.19:215][995]OBJ SavePackage: Finished generating thumbnails for package [/Game/2DSideScrollerBP/character-sprites/character-sprite/character-idle-animation]
[2025.05.25-21.17.20:021][995]LogSavePackage: Moving 'H:/homebound/project file/Saved/character-idle-animation_Auto10CF8C9CC46B823BFDF490DA81AF5BF61.tmp' to 'H:/homebound/project file/Saved/Autosaves/Game/2DSideScrollerBP/character-sprites/character-sprite/character-idle-animation_Auto1.uasset'
[2025.05.25-21.17.20:021][995]LogFileHelpers: Auto-saving content packages took 16.424
[2025.05.25-21.18.03:586][162]BlueprintLog: New page: Compile 2DSideScrollerCharacter
[2025.05.25-21.18.03:791][162]LogUObjectHash: Compacting FUObjectHashTables data took   3.05ms
[2025.05.25-21.18.05:976][409]LogTemp: Repeating last play command: Selected Viewport
[2025.05.25-21.18.05:991][409]LogBlueprintUserMessages: Early PlayInEditor Detection: Level '/Game/2DSideScrollerBP/Maps/2DSideScrollerExampleMap.2DSideScrollerExampleMap:PersistentLevel' has LevelScriptBlueprint '/Game/2DSideScrollerBP/Maps/2DSideScrollerExampleMap.2DSideScrollerExampleMap:PersistentLevel.2DSideScrollerExampleMap' with GeneratedClass '/Game/2DSideScrollerBP/Maps/2DSideScrollerExampleMap.2DSideScrollerExampleMap_C' with ClassGeneratedBy '/Game/2DSideScrollerBP/Maps/2DSideScrollerExampleMap.2DSideScrollerExampleMap:PersistentLevel.2DSideScrollerExampleMap'
[2025.05.25-21.18.05:991][409]LogPlayLevel: PlayLevel: No blueprints needed recompiling
[2025.05.25-21.18.05:991][409]PIE: New page: PIE session: 2DSideScrollerExampleMap (25 May 2025 23:18:05)
[2025.05.25-21.18.05:992][409]LogPlayLevel: Creating play world package: /Game/2DSideScrollerBP/Maps/UEDPIE_0_2DSideScrollerExampleMap
[2025.05.25-21.18.05:994][409]LogPlayLevel: PIE: StaticDuplicateObject took: (0.002121s)
[2025.05.25-21.18.05:994][409]LogAIModule: Creating AISystem for world 2DSideScrollerExampleMap
[2025.05.25-21.18.05:994][409]LogPlayLevel: PIE: World Init took: (0.000665s)
[2025.05.25-21.18.05:994][409]LogPlayLevel: PIE: Created PIE world by copying editor world from /Game/2DSideScrollerBP/Maps/2DSideScrollerExampleMap.2DSideScrollerExampleMap to /Game/2DSideScrollerBP/Maps/UEDPIE_0_2DSideScrollerExampleMap.2DSideScrollerExampleMap (0.002891s)
[2025.05.25-21.18.06:025][409]LogUObjectHash: Compacting FUObjectHashTables data took   3.23ms
[2025.05.25-21.18.06:037][409]LogInit: XAudio2 using 'Headphones (Soundcore Q30)' : 2 channels at 48 kHz using 16 bits per sample (channel mask 0x3)
[2025.05.25-21.18.06:051][409]LogInit: FAudioDevice initialized.
[2025.05.25-21.18.06:061][409]LogLoad: Game class is '2DSideScrollerGameMode_C'
[2025.05.25-21.18.06:063][409]LogWorld: Bringing World /Game/2DSideScrollerBP/Maps/UEDPIE_0_2DSideScrollerExampleMap.2DSideScrollerExampleMap up for play (max tick rate 0) at 2025.05.25-22.18.06
[2025.05.25-21.18.06:063][409]LogWorld: Bringing up level for play took: 0.000745
[2025.05.25-21.18.06:063][409]LogOnline: OSS: Creating online subsystem instance for: :Context_19
[2025.05.25-21.18.06:065][409]PIE: Play in editor start time for /Game/2DSideScrollerBP/Maps/UEDPIE_0_2DSideScrollerExampleMap 1.02
[2025.05.25-21.18.06:065][409]LogBlueprintUserMessages: Late PlayInEditor Detection: Level '/Game/2DSideScrollerBP/Maps/2DSideScrollerExampleMap.2DSideScrollerExampleMap:PersistentLevel' has LevelScriptBlueprint '/Game/2DSideScrollerBP/Maps/2DSideScrollerExampleMap.2DSideScrollerExampleMap:PersistentLevel.2DSideScrollerExampleMap' with GeneratedClass '/Game/2DSideScrollerBP/Maps/2DSideScrollerExampleMap.2DSideScrollerExampleMap_C' with ClassGeneratedBy '/Game/2DSideScrollerBP/Maps/2DSideScrollerExampleMap.2DSideScrollerExampleMap:PersistentLevel.2DSideScrollerExampleMap'
[2025.05.25-21.18.20:783][173]LogBlueprintUserMessages: Early EndPlayMap Detection: Level '/Game/2DSideScrollerBP/Maps/2DSideScrollerExampleMap.2DSideScrollerExampleMap:PersistentLevel' has LevelScriptBlueprint '/Game/2DSideScrollerBP/Maps/2DSideScrollerExampleMap.2DSideScrollerExampleMap:PersistentLevel.2DSideScrollerExampleMap' with GeneratedClass '/Game/2DSideScrollerBP/Maps/2DSideScrollerExampleMap.2DSideScrollerExampleMap_C' with ClassGeneratedBy '/Game/2DSideScrollerBP/Maps/2DSideScrollerExampleMap.2DSideScrollerExampleMap:PersistentLevel.2DSideScrollerExampleMap'
[2025.05.25-21.18.20:783][173]LogSlate: Updating window title bar state: overlay mode, drag disabled, window buttons hidden, title bar hidden
[2025.05.25-21.18.20:783][173]LogWorld: BeginTearingDown for /Game/2DSideScrollerBP/Maps/UEDPIE_0_2DSideScrollerExampleMap
[2025.05.25-21.18.20:783][173]LogWorld: UWorld::CleanupWorld for 2DSideScrollerExampleMap, bSessionEnded=true, bCleanupResources=true
[2025.05.25-21.18.20:800][173]LogPlayLevel: Display: Shutting down PIE online subsystems
[2025.05.25-21.18.20:800][173]LogBlueprintUserMessages: Late EndPlayMap Detection: Level '/Game/2DSideScrollerBP/Maps/2DSideScrollerExampleMap.2DSideScrollerExampleMap:PersistentLevel' has LevelScriptBlueprint '/Game/2DSideScrollerBP/Maps/2DSideScrollerExampleMap.2DSideScrollerExampleMap:PersistentLevel.2DSideScrollerExampleMap' with GeneratedClass '/Game/2DSideScrollerBP/Maps/2DSideScrollerExampleMap.2DSideScrollerExampleMap_C' with ClassGeneratedBy '/Game/2DSideScrollerBP/Maps/2DSideScrollerExampleMap.2DSideScrollerExampleMap:PersistentLevel.2DSideScrollerExampleMap'
[2025.05.25-21.18.20:833][173]LogSlate: Updating window title bar state: overlay mode, drag disabled, window buttons hidden, title bar hidden
[2025.05.25-21.18.20:836][173]LogUObjectHash: Compacting FUObjectHashTables data took   2.52ms
[2025.05.25-21.18.20:895][174]LogPlayLevel: Display: Destroying online subsystem :Context_19
[2025.05.25-21.18.21:938][291]LogSlate: FSceneViewport::OnFocusLost() reason 0
[2025.05.25-21.18.51:872][867]Cmd: TRANSACTION UNDO
[2025.05.25-21.18.51:872][867]LogEditorTransaction: Undo Reorder key frames
[2025.05.25-21.18.51:874][867]LogMaterial: Display: Missing cached shader map for material sound-boom, compiling. 
[2025.05.25-21.18.51:901][868]LogShaderCompilers: Display: Worker (1/13): shaders left to compile 21
[2025.05.25-21.18.51:901][868]LogShaderCompilers: Display: Worker (2/13): shaders left to compile 20
[2025.05.25-21.18.51:901][868]LogShaderCompilers: Display: Worker (3/13): shaders left to compile 19
[2025.05.25-21.18.51:901][868]LogShaderCompilers: Display: Worker (4/13): shaders left to compile 18
[2025.05.25-21.18.51:901][868]LogShaderCompilers: Display: Worker (5/13): shaders left to compile 17
[2025.05.25-21.18.51:901][868]LogShaderCompilers: Display: Worker (6/13): shaders left to compile 16
[2025.05.25-21.18.51:901][868]LogShaderCompilers: Display: Worker (7/13): shaders left to compile 15
[2025.05.25-21.18.51:901][868]LogShaderCompilers: Display: Worker (8/13): shaders left to compile 14
[2025.05.25-21.18.51:901][868]LogShaderCompilers: Display: Worker (9/13): shaders left to compile 13
[2025.05.25-21.18.51:901][868]LogShaderCompilers: Display: Worker (10/13): shaders left to compile 12
[2025.05.25-21.18.51:901][868]LogShaderCompilers: Display: Worker (11/13): shaders left to compile 11
[2025.05.25-21.18.51:901][868]LogShaderCompilers: Display: Worker (12/13): shaders left to compile 10
[2025.05.25-21.18.52:219][885]LogShaderCompilers: Display: Worker (8/13): shaders left to compile 9
[2025.05.25-21.18.52:320][889]LogShaderCompilers: Display: Worker (2/13): shaders left to compile 8
[2025.05.25-21.18.52:320][889]LogShaderCompilers: Display: Worker (1/13): shaders left to compile 7
[2025.05.25-21.18.52:345][890]LogShaderCompilers: Display: Worker (9/13): shaders left to compile 6
[2025.05.25-21.18.52:345][890]LogShaderCompilers: Display: Worker (4/13): shaders left to compile 5
[2025.05.25-21.18.52:345][890]LogShaderCompilers: Display: Worker (3/13): shaders left to compile 4
[2025.05.25-21.18.52:345][890]LogShaderCompilers: Display: Worker (5/13): shaders left to compile 3
[2025.05.25-21.18.52:348][891]LogShaderCompilers: Display: Worker (6/13): shaders left to compile 2
[2025.05.25-21.18.52:348][891]LogShaderCompilers: Display: Worker (7/13): shaders left to compile 1
[2025.05.25-21.18.52:858][924]MaterialEditorStats: Base pass shader: 120 instructions
[2025.05.25-21.18.52:858][924]MaterialEditorStats: Base pass shader with Volumetric Lightmap: 194 instructions
[2025.05.25-21.18.52:858][924]MaterialEditorStats: Base pass vertex shader: 40 instructions
[2025.05.25-21.18.52:858][924]MaterialEditorStats: Texture samplers: 3/16
[2025.05.25-21.19.00:229][798]LogTemp: Repeating last play command: Selected Viewport
[2025.05.25-21.19.00:246][798]LogBlueprintUserMessages: Early PlayInEditor Detection: Level '/Game/2DSideScrollerBP/Maps/2DSideScrollerExampleMap.2DSideScrollerExampleMap:PersistentLevel' has LevelScriptBlueprint '/Game/2DSideScrollerBP/Maps/2DSideScrollerExampleMap.2DSideScrollerExampleMap:PersistentLevel.2DSideScrollerExampleMap' with GeneratedClass '/Game/2DSideScrollerBP/Maps/2DSideScrollerExampleMap.2DSideScrollerExampleMap_C' with ClassGeneratedBy '/Game/2DSideScrollerBP/Maps/2DSideScrollerExampleMap.2DSideScrollerExampleMap:PersistentLevel.2DSideScrollerExampleMap'
[2025.05.25-21.19.00:246][798]LogPlayLevel: PlayLevel: No blueprints needed recompiling
[2025.05.25-21.19.00:246][798]PIE: New page: PIE session: 2DSideScrollerExampleMap (25 May 2025 23:19:00)
[2025.05.25-21.19.00:247][798]LogPlayLevel: Creating play world package: /Game/2DSideScrollerBP/Maps/UEDPIE_0_2DSideScrollerExampleMap
[2025.05.25-21.19.00:249][798]LogPlayLevel: PIE: StaticDuplicateObject took: (0.002061s)
[2025.05.25-21.19.00:249][798]LogAIModule: Creating AISystem for world 2DSideScrollerExampleMap
[2025.05.25-21.19.00:249][798]LogPlayLevel: PIE: World Init took: (0.000623s)
[2025.05.25-21.19.00:249][798]LogPlayLevel: PIE: Created PIE world by copying editor world from /Game/2DSideScrollerBP/Maps/2DSideScrollerExampleMap.2DSideScrollerExampleMap to /Game/2DSideScrollerBP/Maps/UEDPIE_0_2DSideScrollerExampleMap.2DSideScrollerExampleMap (0.002782s)
[2025.05.25-21.19.00:279][798]LogUObjectHash: Compacting FUObjectHashTables data took   2.35ms
[2025.05.25-21.19.00:291][798]LogInit: XAudio2 using 'Headphones (Soundcore Q30)' : 2 channels at 48 kHz using 16 bits per sample (channel mask 0x3)
[2025.05.25-21.19.00:305][798]LogInit: FAudioDevice initialized.
[2025.05.25-21.19.00:309][798]LogLoad: Game class is '2DSideScrollerGameMode_C'
[2025.05.25-21.19.00:310][798]LogWorld: Bringing World /Game/2DSideScrollerBP/Maps/UEDPIE_0_2DSideScrollerExampleMap.2DSideScrollerExampleMap up for play (max tick rate 0) at 2025.05.25-22.19.00
[2025.05.25-21.19.00:310][798]LogWorld: Bringing up level for play took: 0.000612
[2025.05.25-21.19.00:311][798]LogOnline: OSS: Creating online subsystem instance for: :Context_20
[2025.05.25-21.19.00:311][798]PIE: Play in editor start time for /Game/2DSideScrollerBP/Maps/UEDPIE_0_2DSideScrollerExampleMap -0.732
[2025.05.25-21.19.00:313][798]LogBlueprintUserMessages: Late PlayInEditor Detection: Level '/Game/2DSideScrollerBP/Maps/2DSideScrollerExampleMap.2DSideScrollerExampleMap:PersistentLevel' has LevelScriptBlueprint '/Game/2DSideScrollerBP/Maps/2DSideScrollerExampleMap.2DSideScrollerExampleMap:PersistentLevel.2DSideScrollerExampleMap' with GeneratedClass '/Game/2DSideScrollerBP/Maps/2DSideScrollerExampleMap.2DSideScrollerExampleMap_C' with ClassGeneratedBy '/Game/2DSideScrollerBP/Maps/2DSideScrollerExampleMap.2DSideScrollerExampleMap:PersistentLevel.2DSideScrollerExampleMap'
[2025.05.25-21.19.09:861][943]LogBlueprintUserMessages: Early EndPlayMap Detection: Level '/Game/2DSideScrollerBP/Maps/2DSideScrollerExampleMap.2DSideScrollerExampleMap:PersistentLevel' has LevelScriptBlueprint '/Game/2DSideScrollerBP/Maps/2DSideScrollerExampleMap.2DSideScrollerExampleMap:PersistentLevel.2DSideScrollerExampleMap' with GeneratedClass '/Game/2DSideScrollerBP/Maps/2DSideScrollerExampleMap.2DSideScrollerExampleMap_C' with ClassGeneratedBy '/Game/2DSideScrollerBP/Maps/2DSideScrollerExampleMap.2DSideScrollerExampleMap:PersistentLevel.2DSideScrollerExampleMap'
[2025.05.25-21.19.09:861][943]LogSlate: Updating window title bar state: overlay mode, drag disabled, window buttons hidden, title bar hidden
[2025.05.25-21.19.09:861][943]LogWorld: BeginTearingDown for /Game/2DSideScrollerBP/Maps/UEDPIE_0_2DSideScrollerExampleMap
[2025.05.25-21.19.09:861][943]LogWorld: UWorld::CleanupWorld for 2DSideScrollerExampleMap, bSessionEnded=true, bCleanupResources=true
[2025.05.25-21.19.09:877][943]LogPlayLevel: Display: Shutting down PIE online subsystems
[2025.05.25-21.19.09:877][943]LogBlueprintUserMessages: Late EndPlayMap Detection: Level '/Game/2DSideScrollerBP/Maps/2DSideScrollerExampleMap.2DSideScrollerExampleMap:PersistentLevel' has LevelScriptBlueprint '/Game/2DSideScrollerBP/Maps/2DSideScrollerExampleMap.2DSideScrollerExampleMap:PersistentLevel.2DSideScrollerExampleMap' with GeneratedClass '/Game/2DSideScrollerBP/Maps/2DSideScrollerExampleMap.2DSideScrollerExampleMap_C' with ClassGeneratedBy '/Game/2DSideScrollerBP/Maps/2DSideScrollerExampleMap.2DSideScrollerExampleMap:PersistentLevel.2DSideScrollerExampleMap'
[2025.05.25-21.19.09:912][943]LogSlate: Updating window title bar state: overlay mode, drag disabled, window buttons hidden, title bar hidden
[2025.05.25-21.19.09:915][943]LogUObjectHash: Compacting FUObjectHashTables data took   2.37ms
[2025.05.25-21.19.09:965][947]LogPlayLevel: Display: Destroying online subsystem :Context_20
[2025.05.25-21.19.11:225][ 95]LogSlate: FSceneViewport::OnFocusLost() reason 0
[2025.05.25-21.19.14:334][465]LogTemp: Repeating last play command: Selected Viewport
[2025.05.25-21.19.14:348][465]LogBlueprintUserMessages: Early PlayInEditor Detection: Level '/Game/2DSideScrollerBP/Maps/2DSideScrollerExampleMap.2DSideScrollerExampleMap:PersistentLevel' has LevelScriptBlueprint '/Game/2DSideScrollerBP/Maps/2DSideScrollerExampleMap.2DSideScrollerExampleMap:PersistentLevel.2DSideScrollerExampleMap' with GeneratedClass '/Game/2DSideScrollerBP/Maps/2DSideScrollerExampleMap.2DSideScrollerExampleMap_C' with ClassGeneratedBy '/Game/2DSideScrollerBP/Maps/2DSideScrollerExampleMap.2DSideScrollerExampleMap:PersistentLevel.2DSideScrollerExampleMap'
[2025.05.25-21.19.14:348][465]LogPlayLevel: PlayLevel: No blueprints needed recompiling
[2025.05.25-21.19.14:348][465]PIE: New page: PIE session: 2DSideScrollerExampleMap (25 May 2025 23:19:14)
[2025.05.25-21.19.14:349][465]LogPlayLevel: Creating play world package: /Game/2DSideScrollerBP/Maps/UEDPIE_0_2DSideScrollerExampleMap
[2025.05.25-21.19.14:351][465]LogPlayLevel: PIE: StaticDuplicateObject took: (0.001992s)
[2025.05.25-21.19.14:351][465]LogAIModule: Creating AISystem for world 2DSideScrollerExampleMap
[2025.05.25-21.19.14:351][465]LogPlayLevel: PIE: World Init took: (0.000633s)
[2025.05.25-21.19.14:351][465]LogPlayLevel: PIE: Created PIE world by copying editor world from /Game/2DSideScrollerBP/Maps/2DSideScrollerExampleMap.2DSideScrollerExampleMap to /Game/2DSideScrollerBP/Maps/UEDPIE_0_2DSideScrollerExampleMap.2DSideScrollerExampleMap (0.002720s)
[2025.05.25-21.19.14:379][465]LogUObjectHash: Compacting FUObjectHashTables data took   2.21ms
[2025.05.25-21.19.14:392][465]LogInit: XAudio2 using 'Headphones (Soundcore Q30)' : 2 channels at 48 kHz using 16 bits per sample (channel mask 0x3)
[2025.05.25-21.19.14:406][465]LogInit: FAudioDevice initialized.
[2025.05.25-21.19.14:410][465]LogLoad: Game class is '2DSideScrollerGameMode_C'
[2025.05.25-21.19.14:411][465]LogWorld: Bringing World /Game/2DSideScrollerBP/Maps/UEDPIE_0_2DSideScrollerExampleMap.2DSideScrollerExampleMap up for play (max tick rate 0) at 2025.05.25-22.19.14
[2025.05.25-21.19.14:411][465]LogWorld: Bringing up level for play took: 0.000616
[2025.05.25-21.19.14:411][465]LogOnline: OSS: Creating online subsystem instance for: :Context_21
[2025.05.25-21.19.14:412][465]PIE: Play in editor start time for /Game/2DSideScrollerBP/Maps/UEDPIE_0_2DSideScrollerExampleMap -0.632
[2025.05.25-21.19.14:413][465]LogBlueprintUserMessages: Late PlayInEditor Detection: Level '/Game/2DSideScrollerBP/Maps/2DSideScrollerExampleMap.2DSideScrollerExampleMap:PersistentLevel' has LevelScriptBlueprint '/Game/2DSideScrollerBP/Maps/2DSideScrollerExampleMap.2DSideScrollerExampleMap:PersistentLevel.2DSideScrollerExampleMap' with GeneratedClass '/Game/2DSideScrollerBP/Maps/2DSideScrollerExampleMap.2DSideScrollerExampleMap_C' with ClassGeneratedBy '/Game/2DSideScrollerBP/Maps/2DSideScrollerExampleMap.2DSideScrollerExampleMap:PersistentLevel.2DSideScrollerExampleMap'
[2025.05.25-21.19.19:994][134]LogBlueprintUserMessages: Early EndPlayMap Detection: Level '/Game/2DSideScrollerBP/Maps/2DSideScrollerExampleMap.2DSideScrollerExampleMap:PersistentLevel' has LevelScriptBlueprint '/Game/2DSideScrollerBP/Maps/2DSideScrollerExampleMap.2DSideScrollerExampleMap:PersistentLevel.2DSideScrollerExampleMap' with GeneratedClass '/Game/2DSideScrollerBP/Maps/2DSideScrollerExampleMap.2DSideScrollerExampleMap_C' with ClassGeneratedBy '/Game/2DSideScrollerBP/Maps/2DSideScrollerExampleMap.2DSideScrollerExampleMap:PersistentLevel.2DSideScrollerExampleMap'
[2025.05.25-21.19.19:994][134]LogSlate: Updating window title bar state: overlay mode, drag disabled, window buttons hidden, title bar hidden
[2025.05.25-21.19.19:994][134]LogWorld: BeginTearingDown for /Game/2DSideScrollerBP/Maps/UEDPIE_0_2DSideScrollerExampleMap
[2025.05.25-21.19.19:994][134]LogWorld: UWorld::CleanupWorld for 2DSideScrollerExampleMap, bSessionEnded=true, bCleanupResources=true
[2025.05.25-21.19.20:003][134]LogPlayLevel: Display: Shutting down PIE online subsystems
[2025.05.25-21.19.20:003][134]LogBlueprintUserMessages: Late EndPlayMap Detection: Level '/Game/2DSideScrollerBP/Maps/2DSideScrollerExampleMap.2DSideScrollerExampleMap:PersistentLevel' has LevelScriptBlueprint '/Game/2DSideScrollerBP/Maps/2DSideScrollerExampleMap.2DSideScrollerExampleMap:PersistentLevel.2DSideScrollerExampleMap' with GeneratedClass '/Game/2DSideScrollerBP/Maps/2DSideScrollerExampleMap.2DSideScrollerExampleMap_C' with ClassGeneratedBy '/Game/2DSideScrollerBP/Maps/2DSideScrollerExampleMap.2DSideScrollerExampleMap:PersistentLevel.2DSideScrollerExampleMap'
[2025.05.25-21.19.20:035][134]LogSlate: Updating window title bar state: overlay mode, drag disabled, window buttons hidden, title bar hidden
[2025.05.25-21.19.20:038][134]LogUObjectHash: Compacting FUObjectHashTables data took   2.39ms
[2025.05.25-21.19.20:095][139]LogPlayLevel: Display: Destroying online subsystem :Context_21
[2025.05.25-21.19.25:581][795]LogSlate: FSceneViewport::OnFocusLost() reason 0
[2025.05.25-21.19.44:661][ 33]LogTemp: Repeating last play command: Selected Viewport
[2025.05.25-21.19.44:678][ 33]LogBlueprintUserMessages: Early PlayInEditor Detection: Level '/Game/2DSideScrollerBP/Maps/2DSideScrollerExampleMap.2DSideScrollerExampleMap:PersistentLevel' has LevelScriptBlueprint '/Game/2DSideScrollerBP/Maps/2DSideScrollerExampleMap.2DSideScrollerExampleMap:PersistentLevel.2DSideScrollerExampleMap' with GeneratedClass '/Game/2DSideScrollerBP/Maps/2DSideScrollerExampleMap.2DSideScrollerExampleMap_C' with ClassGeneratedBy '/Game/2DSideScrollerBP/Maps/2DSideScrollerExampleMap.2DSideScrollerExampleMap:PersistentLevel.2DSideScrollerExampleMap'
[2025.05.25-21.19.44:678][ 33]LogPlayLevel: PlayLevel: No blueprints needed recompiling
[2025.05.25-21.19.44:678][ 33]PIE: New page: PIE session: 2DSideScrollerExampleMap (25 May 2025 23:19:44)
[2025.05.25-21.19.44:679][ 33]LogPlayLevel: Creating play world package: /Game/2DSideScrollerBP/Maps/UEDPIE_0_2DSideScrollerExampleMap
[2025.05.25-21.19.44:681][ 33]LogPlayLevel: PIE: StaticDuplicateObject took: (0.002142s)
[2025.05.25-21.19.44:682][ 33]LogAIModule: Creating AISystem for world 2DSideScrollerExampleMap
[2025.05.25-21.19.44:682][ 33]LogPlayLevel: PIE: World Init took: (0.000645s)
[2025.05.25-21.19.44:682][ 33]LogPlayLevel: PIE: Created PIE world by copying editor world from /Game/2DSideScrollerBP/Maps/2DSideScrollerExampleMap.2DSideScrollerExampleMap to /Game/2DSideScrollerBP/Maps/UEDPIE_0_2DSideScrollerExampleMap.2DSideScrollerExampleMap (0.002887s)
[2025.05.25-21.19.44:714][ 33]LogUObjectHash: Compacting FUObjectHashTables data took   2.44ms
[2025.05.25-21.19.44:727][ 33]LogInit: XAudio2 using 'Headphones (Soundcore Q30)' : 2 channels at 48 kHz using 16 bits per sample (channel mask 0x3)
[2025.05.25-21.19.44:741][ 33]LogInit: FAudioDevice initialized.
[2025.05.25-21.19.44:746][ 33]LogLoad: Game class is '2DSideScrollerGameMode_C'
[2025.05.25-21.19.44:748][ 33]LogWorld: Bringing World /Game/2DSideScrollerBP/Maps/UEDPIE_0_2DSideScrollerExampleMap.2DSideScrollerExampleMap up for play (max tick rate 0) at 2025.05.25-22.19.44
[2025.05.25-21.19.44:748][ 33]LogWorld: Bringing up level for play took: 0.000620
[2025.05.25-21.19.44:748][ 33]LogOnline: OSS: Creating online subsystem instance for: :Context_22
[2025.05.25-21.19.44:749][ 33]PIE: Play in editor start time for /Game/2DSideScrollerBP/Maps/UEDPIE_0_2DSideScrollerExampleMap -0.296
[2025.05.25-21.19.44:749][ 33]LogBlueprintUserMessages: Late PlayInEditor Detection: Level '/Game/2DSideScrollerBP/Maps/2DSideScrollerExampleMap.2DSideScrollerExampleMap:PersistentLevel' has LevelScriptBlueprint '/Game/2DSideScrollerBP/Maps/2DSideScrollerExampleMap.2DSideScrollerExampleMap:PersistentLevel.2DSideScrollerExampleMap' with GeneratedClass '/Game/2DSideScrollerBP/Maps/2DSideScrollerExampleMap.2DSideScrollerExampleMap_C' with ClassGeneratedBy '/Game/2DSideScrollerBP/Maps/2DSideScrollerExampleMap.2DSideScrollerExampleMap:PersistentLevel.2DSideScrollerExampleMap'
[2025.05.25-21.19.47:871][407]LogBlueprintUserMessages: Early EndPlayMap Detection: Level '/Game/2DSideScrollerBP/Maps/2DSideScrollerExampleMap.2DSideScrollerExampleMap:PersistentLevel' has LevelScriptBlueprint '/Game/2DSideScrollerBP/Maps/2DSideScrollerExampleMap.2DSideScrollerExampleMap:PersistentLevel.2DSideScrollerExampleMap' with GeneratedClass '/Game/2DSideScrollerBP/Maps/2DSideScrollerExampleMap.2DSideScrollerExampleMap_C' with ClassGeneratedBy '/Game/2DSideScrollerBP/Maps/2DSideScrollerExampleMap.2DSideScrollerExampleMap:PersistentLevel.2DSideScrollerExampleMap'
[2025.05.25-21.19.47:871][407]LogSlate: Updating window title bar state: overlay mode, drag disabled, window buttons hidden, title bar hidden
[2025.05.25-21.19.47:871][407]LogWorld: BeginTearingDown for /Game/2DSideScrollerBP/Maps/UEDPIE_0_2DSideScrollerExampleMap
[2025.05.25-21.19.47:873][407]LogWorld: UWorld::CleanupWorld for 2DSideScrollerExampleMap, bSessionEnded=true, bCleanupResources=true
[2025.05.25-21.19.47:881][407]LogPlayLevel: Display: Shutting down PIE online subsystems
[2025.05.25-21.19.47:881][407]LogBlueprintUserMessages: Late EndPlayMap Detection: Level '/Game/2DSideScrollerBP/Maps/2DSideScrollerExampleMap.2DSideScrollerExampleMap:PersistentLevel' has LevelScriptBlueprint '/Game/2DSideScrollerBP/Maps/2DSideScrollerExampleMap.2DSideScrollerExampleMap:PersistentLevel.2DSideScrollerExampleMap' with GeneratedClass '/Game/2DSideScrollerBP/Maps/2DSideScrollerExampleMap.2DSideScrollerExampleMap_C' with ClassGeneratedBy '/Game/2DSideScrollerBP/Maps/2DSideScrollerExampleMap.2DSideScrollerExampleMap:PersistentLevel.2DSideScrollerExampleMap'
[2025.05.25-21.19.47:916][407]LogSlate: Updating window title bar state: overlay mode, drag disabled, window buttons hidden, title bar hidden
[2025.05.25-21.19.47:919][407]LogUObjectHash: Compacting FUObjectHashTables data took   2.38ms
[2025.05.25-21.19.47:976][412]LogPlayLevel: Display: Destroying online subsystem :Context_22
[2025.05.25-21.19.49:117][547]LogSlate: FSceneViewport::OnFocusLost() reason 0
[2025.05.25-21.20.01:997][ 46]LogTemp: Repeating last play command: Selected Viewport
[2025.05.25-21.20.02:012][ 46]LogBlueprintUserMessages: Early PlayInEditor Detection: Level '/Game/2DSideScrollerBP/Maps/2DSideScrollerExampleMap.2DSideScrollerExampleMap:PersistentLevel' has LevelScriptBlueprint '/Game/2DSideScrollerBP/Maps/2DSideScrollerExampleMap.2DSideScrollerExampleMap:PersistentLevel.2DSideScrollerExampleMap' with GeneratedClass '/Game/2DSideScrollerBP/Maps/2DSideScrollerExampleMap.2DSideScrollerExampleMap_C' with ClassGeneratedBy '/Game/2DSideScrollerBP/Maps/2DSideScrollerExampleMap.2DSideScrollerExampleMap:PersistentLevel.2DSideScrollerExampleMap'
[2025.05.25-21.20.02:012][ 46]LogPlayLevel: PlayLevel: No blueprints needed recompiling
[2025.05.25-21.20.02:013][ 46]PIE: New page: PIE session: 2DSideScrollerExampleMap (25 May 2025 23:20:02)
[2025.05.25-21.20.02:013][ 46]LogPlayLevel: Creating play world package: /Game/2DSideScrollerBP/Maps/UEDPIE_0_2DSideScrollerExampleMap
[2025.05.25-21.20.02:015][ 46]LogPlayLevel: PIE: StaticDuplicateObject took: (0.002037s)
[2025.05.25-21.20.02:015][ 46]LogAIModule: Creating AISystem for world 2DSideScrollerExampleMap
[2025.05.25-21.20.02:015][ 46]LogPlayLevel: PIE: World Init took: (0.000614s)
[2025.05.25-21.20.02:015][ 46]LogPlayLevel: PIE: Created PIE world by copying editor world from /Game/2DSideScrollerBP/Maps/2DSideScrollerExampleMap.2DSideScrollerExampleMap to /Game/2DSideScrollerBP/Maps/UEDPIE_0_2DSideScrollerExampleMap.2DSideScrollerExampleMap (0.002747s)
[2025.05.25-21.20.02:041][ 46]LogUObjectHash: Compacting FUObjectHashTables data took   2.36ms
[2025.05.25-21.20.02:053][ 46]LogInit: XAudio2 using 'Headphones (Soundcore Q30)' : 2 channels at 48 kHz using 16 bits per sample (channel mask 0x3)
[2025.05.25-21.20.02:068][ 46]LogInit: FAudioDevice initialized.
[2025.05.25-21.20.02:076][ 46]LogLoad: Game class is '2DSideScrollerGameMode_C'
[2025.05.25-21.20.02:077][ 46]LogWorld: Bringing World /Game/2DSideScrollerBP/Maps/UEDPIE_0_2DSideScrollerExampleMap.2DSideScrollerExampleMap up for play (max tick rate 0) at 2025.05.25-22.20.02
[2025.05.25-21.20.02:077][ 46]LogWorld: Bringing up level for play took: 0.000628
[2025.05.25-21.20.02:077][ 46]LogOnline: OSS: Creating online subsystem instance for: :Context_23
[2025.05.25-21.20.02:079][ 46]PIE: Play in editor start time for /Game/2DSideScrollerBP/Maps/UEDPIE_0_2DSideScrollerExampleMap 1.034
[2025.05.25-21.20.02:079][ 46]LogBlueprintUserMessages: Late PlayInEditor Detection: Level '/Game/2DSideScrollerBP/Maps/2DSideScrollerExampleMap.2DSideScrollerExampleMap:PersistentLevel' has LevelScriptBlueprint '/Game/2DSideScrollerBP/Maps/2DSideScrollerExampleMap.2DSideScrollerExampleMap:PersistentLevel.2DSideScrollerExampleMap' with GeneratedClass '/Game/2DSideScrollerBP/Maps/2DSideScrollerExampleMap.2DSideScrollerExampleMap_C' with ClassGeneratedBy '/Game/2DSideScrollerBP/Maps/2DSideScrollerExampleMap.2DSideScrollerExampleMap:PersistentLevel.2DSideScrollerExampleMap'
[2025.05.25-21.20.06:201][540]LogBlueprintUserMessages: Early EndPlayMap Detection: Level '/Game/2DSideScrollerBP/Maps/2DSideScrollerExampleMap.2DSideScrollerExampleMap:PersistentLevel' has LevelScriptBlueprint '/Game/2DSideScrollerBP/Maps/2DSideScrollerExampleMap.2DSideScrollerExampleMap:PersistentLevel.2DSideScrollerExampleMap' with GeneratedClass '/Game/2DSideScrollerBP/Maps/2DSideScrollerExampleMap.2DSideScrollerExampleMap_C' with ClassGeneratedBy '/Game/2DSideScrollerBP/Maps/2DSideScrollerExampleMap.2DSideScrollerExampleMap:PersistentLevel.2DSideScrollerExampleMap'
[2025.05.25-21.20.06:201][540]LogSlate: Updating window title bar state: overlay mode, drag disabled, window buttons hidden, title bar hidden
[2025.05.25-21.20.06:201][540]LogWorld: BeginTearingDown for /Game/2DSideScrollerBP/Maps/UEDPIE_0_2DSideScrollerExampleMap
[2025.05.25-21.20.06:201][540]LogWorld: UWorld::CleanupWorld for 2DSideScrollerExampleMap, bSessionEnded=true, bCleanupResources=true
[2025.05.25-21.20.06:208][540]LogPlayLevel: Display: Shutting down PIE online subsystems
[2025.05.25-21.20.06:208][540]LogBlueprintUserMessages: Late EndPlayMap Detection: Level '/Game/2DSideScrollerBP/Maps/2DSideScrollerExampleMap.2DSideScrollerExampleMap:PersistentLevel' has LevelScriptBlueprint '/Game/2DSideScrollerBP/Maps/2DSideScrollerExampleMap.2DSideScrollerExampleMap:PersistentLevel.2DSideScrollerExampleMap' with GeneratedClass '/Game/2DSideScrollerBP/Maps/2DSideScrollerExampleMap.2DSideScrollerExampleMap_C' with ClassGeneratedBy '/Game/2DSideScrollerBP/Maps/2DSideScrollerExampleMap.2DSideScrollerExampleMap:PersistentLevel.2DSideScrollerExampleMap'
[2025.05.25-21.20.06:245][540]LogSlate: Updating window title bar state: overlay mode, drag disabled, window buttons hidden, title bar hidden
[2025.05.25-21.20.06:248][540]LogUObjectHash: Compacting FUObjectHashTables data took   2.36ms
[2025.05.25-21.20.06:302][544]LogPlayLevel: Display: Destroying online subsystem :Context_23
[2025.05.25-21.20.07:244][655]LogSlate: FSceneViewport::OnFocusLost() reason 0
[2025.05.25-21.20.15:116][522]LogTemp: Repeating last play command: Selected Viewport
[2025.05.25-21.20.15:130][522]LogBlueprintUserMessages: Early PlayInEditor Detection: Level '/Game/2DSideScrollerBP/Maps/2DSideScrollerExampleMap.2DSideScrollerExampleMap:PersistentLevel' has LevelScriptBlueprint '/Game/2DSideScrollerBP/Maps/2DSideScrollerExampleMap.2DSideScrollerExampleMap:PersistentLevel.2DSideScrollerExampleMap' with GeneratedClass '/Game/2DSideScrollerBP/Maps/2DSideScrollerExampleMap.2DSideScrollerExampleMap_C' with ClassGeneratedBy '/Game/2DSideScrollerBP/Maps/2DSideScrollerExampleMap.2DSideScrollerExampleMap:PersistentLevel.2DSideScrollerExampleMap'
[2025.05.25-21.20.15:130][522]LogPlayLevel: PlayLevel: No blueprints needed recompiling
[2025.05.25-21.20.15:130][522]PIE: New page: PIE session: 2DSideScrollerExampleMap (25 May 2025 23:20:15)
[2025.05.25-21.20.15:131][522]LogPlayLevel: Creating play world package: /Game/2DSideScrollerBP/Maps/UEDPIE_0_2DSideScrollerExampleMap
[2025.05.25-21.20.15:134][522]LogPlayLevel: PIE: StaticDuplicateObject took: (0.002098s)
[2025.05.25-21.20.15:134][522]LogAIModule: Creating AISystem for world 2DSideScrollerExampleMap
[2025.05.25-21.20.15:134][522]LogPlayLevel: PIE: World Init took: (0.000624s)
[2025.05.25-21.20.15:134][522]LogPlayLevel: PIE: Created PIE world by copying editor world from /Game/2DSideScrollerBP/Maps/2DSideScrollerExampleMap.2DSideScrollerExampleMap to /Game/2DSideScrollerBP/Maps/UEDPIE_0_2DSideScrollerExampleMap.2DSideScrollerExampleMap (0.002826s)
[2025.05.25-21.20.15:166][522]LogUObjectHash: Compacting FUObjectHashTables data took   2.34ms
[2025.05.25-21.20.15:179][522]LogInit: XAudio2 using 'Headphones (Soundcore Q30)' : 2 channels at 48 kHz using 16 bits per sample (channel mask 0x3)
[2025.05.25-21.20.15:193][522]LogInit: FAudioDevice initialized.
[2025.05.25-21.20.15:199][522]LogLoad: Game class is '2DSideScrollerGameMode_C'
[2025.05.25-21.20.15:200][522]LogWorld: Bringing World /Game/2DSideScrollerBP/Maps/UEDPIE_0_2DSideScrollerExampleMap.2DSideScrollerExampleMap up for play (max tick rate 0) at 2025.05.25-22.20.15
[2025.05.25-21.20.15:201][522]LogWorld: Bringing up level for play took: 0.000614
[2025.05.25-21.20.15:201][522]LogOnline: OSS: Creating online subsystem instance for: :Context_24
[2025.05.25-21.20.15:203][522]PIE: Play in editor start time for /Game/2DSideScrollerBP/Maps/UEDPIE_0_2DSideScrollerExampleMap 0.158
[2025.05.25-21.20.15:203][522]LogBlueprintUserMessages: Late PlayInEditor Detection: Level '/Game/2DSideScrollerBP/Maps/2DSideScrollerExampleMap.2DSideScrollerExampleMap:PersistentLevel' has LevelScriptBlueprint '/Game/2DSideScrollerBP/Maps/2DSideScrollerExampleMap.2DSideScrollerExampleMap:PersistentLevel.2DSideScrollerExampleMap' with GeneratedClass '/Game/2DSideScrollerBP/Maps/2DSideScrollerExampleMap.2DSideScrollerExampleMap_C' with ClassGeneratedBy '/Game/2DSideScrollerBP/Maps/2DSideScrollerExampleMap.2DSideScrollerExampleMap:PersistentLevel.2DSideScrollerExampleMap'
[2025.05.25-21.20.20:513][158]LogBlueprintUserMessages: Early EndPlayMap Detection: Level '/Game/2DSideScrollerBP/Maps/2DSideScrollerExampleMap.2DSideScrollerExampleMap:PersistentLevel' has LevelScriptBlueprint '/Game/2DSideScrollerBP/Maps/2DSideScrollerExampleMap.2DSideScrollerExampleMap:PersistentLevel.2DSideScrollerExampleMap' with GeneratedClass '/Game/2DSideScrollerBP/Maps/2DSideScrollerExampleMap.2DSideScrollerExampleMap_C' with ClassGeneratedBy '/Game/2DSideScrollerBP/Maps/2DSideScrollerExampleMap.2DSideScrollerExampleMap:PersistentLevel.2DSideScrollerExampleMap'
[2025.05.25-21.20.20:513][158]LogSlate: Updating window title bar state: overlay mode, drag disabled, window buttons hidden, title bar hidden
[2025.05.25-21.20.20:513][158]LogWorld: BeginTearingDown for /Game/2DSideScrollerBP/Maps/UEDPIE_0_2DSideScrollerExampleMap
[2025.05.25-21.20.20:513][158]LogWorld: UWorld::CleanupWorld for 2DSideScrollerExampleMap, bSessionEnded=true, bCleanupResources=true
[2025.05.25-21.20.20:523][158]LogPlayLevel: Display: Shutting down PIE online subsystems
[2025.05.25-21.20.20:523][158]LogBlueprintUserMessages: Late EndPlayMap Detection: Level '/Game/2DSideScrollerBP/Maps/2DSideScrollerExampleMap.2DSideScrollerExampleMap:PersistentLevel' has LevelScriptBlueprint '/Game/2DSideScrollerBP/Maps/2DSideScrollerExampleMap.2DSideScrollerExampleMap:PersistentLevel.2DSideScrollerExampleMap' with GeneratedClass '/Game/2DSideScrollerBP/Maps/2DSideScrollerExampleMap.2DSideScrollerExampleMap_C' with ClassGeneratedBy '/Game/2DSideScrollerBP/Maps/2DSideScrollerExampleMap.2DSideScrollerExampleMap:PersistentLevel.2DSideScrollerExampleMap'
[2025.05.25-21.20.20:554][158]LogSlate: Updating window title bar state: overlay mode, drag disabled, window buttons hidden, title bar hidden
[2025.05.25-21.20.20:557][158]LogUObjectHash: Compacting FUObjectHashTables data took   2.36ms
[2025.05.25-21.20.20:615][164]LogPlayLevel: Display: Destroying online subsystem :Context_24
[2025.05.25-21.20.21:545][273]LogSlate: FSceneViewport::OnFocusLost() reason 0
[2025.05.25-21.21.04:156][264]LogTemp: Repeating last play command: Selected Viewport
[2025.05.25-21.21.04:304][264]LogBlueprintUserMessages: Early PlayInEditor Detection: Level '/Game/2DSideScrollerBP/Maps/2DSideScrollerExampleMap.2DSideScrollerExampleMap:PersistentLevel' has LevelScriptBlueprint '/Game/2DSideScrollerBP/Maps/2DSideScrollerExampleMap.2DSideScrollerExampleMap:PersistentLevel.2DSideScrollerExampleMap' with GeneratedClass '/Game/2DSideScrollerBP/Maps/2DSideScrollerExampleMap.2DSideScrollerExampleMap_C' with ClassGeneratedBy '/Game/2DSideScrollerBP/Maps/2DSideScrollerExampleMap.2DSideScrollerExampleMap:PersistentLevel.2DSideScrollerExampleMap'
[2025.05.25-21.21.04:304][264]LogPlayLevel: PlayLevel: No blueprints needed recompiling
[2025.05.25-21.21.04:305][264]PIE: New page: PIE session: 2DSideScrollerExampleMap (25 May 2025 23:21:04)
[2025.05.25-21.21.04:305][264]LogPlayLevel: Creating play world package: /Game/2DSideScrollerBP/Maps/UEDPIE_0_2DSideScrollerExampleMap
[2025.05.25-21.21.04:308][264]LogPlayLevel: PIE: StaticDuplicateObject took: (0.002028s)
[2025.05.25-21.21.04:308][264]LogAIModule: Creating AISystem for world 2DSideScrollerExampleMap
[2025.05.25-21.21.04:308][264]LogPlayLevel: PIE: World Init took: (0.000618s)
[2025.05.25-21.21.04:308][264]LogPlayLevel: PIE: Created PIE world by copying editor world from /Game/2DSideScrollerBP/Maps/2DSideScrollerExampleMap.2DSideScrollerExampleMap to /Game/2DSideScrollerBP/Maps/UEDPIE_0_2DSideScrollerExampleMap.2DSideScrollerExampleMap (0.002746s)
[2025.05.25-21.21.04:337][264]LogUObjectHash: Compacting FUObjectHashTables data took   2.25ms
[2025.05.25-21.21.04:351][264]LogInit: XAudio2 using 'Headphones (Soundcore Q30)' : 2 channels at 48 kHz using 16 bits per sample (channel mask 0x3)
[2025.05.25-21.21.04:365][264]LogInit: FAudioDevice initialized.
[2025.05.25-21.21.04:372][264]LogLoad: Game class is '2DSideScrollerGameMode_C'
[2025.05.25-21.21.04:372][264]LogWorld: Bringing World /Game/2DSideScrollerBP/Maps/UEDPIE_0_2DSideScrollerExampleMap.2DSideScrollerExampleMap up for play (max tick rate 0) at 2025.05.25-22.21.04
[2025.05.25-21.21.04:372][264]LogWorld: Bringing up level for play took: 0.000621
[2025.05.25-21.21.04:373][264]LogOnline: OSS: Creating online subsystem instance for: :Context_25
[2025.05.25-21.21.04:374][264]PIE: Play in editor start time for /Game/2DSideScrollerBP/Maps/UEDPIE_0_2DSideScrollerExampleMap -0.67
[2025.05.25-21.21.04:374][264]LogBlueprintUserMessages: Late PlayInEditor Detection: Level '/Game/2DSideScrollerBP/Maps/2DSideScrollerExampleMap.2DSideScrollerExampleMap:PersistentLevel' has LevelScriptBlueprint '/Game/2DSideScrollerBP/Maps/2DSideScrollerExampleMap.2DSideScrollerExampleMap:PersistentLevel.2DSideScrollerExampleMap' with GeneratedClass '/Game/2DSideScrollerBP/Maps/2DSideScrollerExampleMap.2DSideScrollerExampleMap_C' with ClassGeneratedBy '/Game/2DSideScrollerBP/Maps/2DSideScrollerExampleMap.2DSideScrollerExampleMap:PersistentLevel.2DSideScrollerExampleMap'
[2025.05.25-21.21.13:972][415]LogBlueprintUserMessages: Early EndPlayMap Detection: Level '/Game/2DSideScrollerBP/Maps/2DSideScrollerExampleMap.2DSideScrollerExampleMap:PersistentLevel' has LevelScriptBlueprint '/Game/2DSideScrollerBP/Maps/2DSideScrollerExampleMap.2DSideScrollerExampleMap:PersistentLevel.2DSideScrollerExampleMap' with GeneratedClass '/Game/2DSideScrollerBP/Maps/2DSideScrollerExampleMap.2DSideScrollerExampleMap_C' with ClassGeneratedBy '/Game/2DSideScrollerBP/Maps/2DSideScrollerExampleMap.2DSideScrollerExampleMap:PersistentLevel.2DSideScrollerExampleMap'
[2025.05.25-21.21.13:972][415]LogSlate: Updating window title bar state: overlay mode, drag disabled, window buttons hidden, title bar hidden
[2025.05.25-21.21.13:972][415]LogWorld: BeginTearingDown for /Game/2DSideScrollerBP/Maps/UEDPIE_0_2DSideScrollerExampleMap
[2025.05.25-21.21.13:972][415]LogWorld: UWorld::CleanupWorld for 2DSideScrollerExampleMap, bSessionEnded=true, bCleanupResources=true
[2025.05.25-21.21.13:981][415]LogPlayLevel: Display: Shutting down PIE online subsystems
[2025.05.25-21.21.13:981][415]LogBlueprintUserMessages: Late EndPlayMap Detection: Level '/Game/2DSideScrollerBP/Maps/2DSideScrollerExampleMap.2DSideScrollerExampleMap:PersistentLevel' has LevelScriptBlueprint '/Game/2DSideScrollerBP/Maps/2DSideScrollerExampleMap.2DSideScrollerExampleMap:PersistentLevel.2DSideScrollerExampleMap' with GeneratedClass '/Game/2DSideScrollerBP/Maps/2DSideScrollerExampleMap.2DSideScrollerExampleMap_C' with ClassGeneratedBy '/Game/2DSideScrollerBP/Maps/2DSideScrollerExampleMap.2DSideScrollerExampleMap:PersistentLevel.2DSideScrollerExampleMap'
[2025.05.25-21.21.14:011][415]LogSlate: Updating window title bar state: overlay mode, drag disabled, window buttons hidden, title bar hidden
[2025.05.25-21.21.14:014][415]LogUObjectHash: Compacting FUObjectHashTables data took   2.36ms
[2025.05.25-21.21.14:074][421]LogPlayLevel: Display: Destroying online subsystem :Context_25
[2025.05.25-21.21.15:795][626]LogSlate: FSceneViewport::OnFocusLost() reason 0
[2025.05.25-21.21.34:035][766]LogTemp: Repeating last play command: Selected Viewport
[2025.05.25-21.21.34:052][766]LogBlueprintUserMessages: Early PlayInEditor Detection: Level '/Game/2DSideScrollerBP/Maps/2DSideScrollerExampleMap.2DSideScrollerExampleMap:PersistentLevel' has LevelScriptBlueprint '/Game/2DSideScrollerBP/Maps/2DSideScrollerExampleMap.2DSideScrollerExampleMap:PersistentLevel.2DSideScrollerExampleMap' with GeneratedClass '/Game/2DSideScrollerBP/Maps/2DSideScrollerExampleMap.2DSideScrollerExampleMap_C' with ClassGeneratedBy '/Game/2DSideScrollerBP/Maps/2DSideScrollerExampleMap.2DSideScrollerExampleMap:PersistentLevel.2DSideScrollerExampleMap'
[2025.05.25-21.21.34:052][766]LogPlayLevel: PlayLevel: No blueprints needed recompiling
[2025.05.25-21.21.34:052][766]PIE: New page: PIE session: 2DSideScrollerExampleMap (25 May 2025 23:21:34)
[2025.05.25-21.21.34:053][766]LogPlayLevel: Creating play world package: /Game/2DSideScrollerBP/Maps/UEDPIE_0_2DSideScrollerExampleMap
[2025.05.25-21.21.34:055][766]LogPlayLevel: PIE: StaticDuplicateObject took: (0.002021s)
[2025.05.25-21.21.34:055][766]LogAIModule: Creating AISystem for world 2DSideScrollerExampleMap
[2025.05.25-21.21.34:056][766]LogPlayLevel: PIE: World Init took: (0.000606s)
[2025.05.25-21.21.34:056][766]LogPlayLevel: PIE: Created PIE world by copying editor world from /Game/2DSideScrollerBP/Maps/2DSideScrollerExampleMap.2DSideScrollerExampleMap to /Game/2DSideScrollerBP/Maps/UEDPIE_0_2DSideScrollerExampleMap.2DSideScrollerExampleMap (0.002725s)
[2025.05.25-21.21.34:084][766]LogUObjectHash: Compacting FUObjectHashTables data took   2.33ms
[2025.05.25-21.21.34:097][766]LogInit: XAudio2 using 'Headphones (Soundcore Q30)' : 2 channels at 48 kHz using 16 bits per sample (channel mask 0x3)
[2025.05.25-21.21.34:111][766]LogInit: FAudioDevice initialized.
[2025.05.25-21.21.34:119][766]LogLoad: Game class is '2DSideScrollerGameMode_C'
[2025.05.25-21.21.34:120][766]LogWorld: Bringing World /Game/2DSideScrollerBP/Maps/UEDPIE_0_2DSideScrollerExampleMap.2DSideScrollerExampleMap up for play (max tick rate 0) at 2025.05.25-22.21.34
[2025.05.25-21.21.34:120][766]LogWorld: Bringing up level for play took: 0.000604
[2025.05.25-21.21.34:120][766]LogOnline: OSS: Creating online subsystem instance for: :Context_26
[2025.05.25-21.21.34:121][766]PIE: Play in editor start time for /Game/2DSideScrollerBP/Maps/UEDPIE_0_2DSideScrollerExampleMap -0.923
[2025.05.25-21.21.34:121][766]LogBlueprintUserMessages: Late PlayInEditor Detection: Level '/Game/2DSideScrollerBP/Maps/2DSideScrollerExampleMap.2DSideScrollerExampleMap:PersistentLevel' has LevelScriptBlueprint '/Game/2DSideScrollerBP/Maps/2DSideScrollerExampleMap.2DSideScrollerExampleMap:PersistentLevel.2DSideScrollerExampleMap' with GeneratedClass '/Game/2DSideScrollerBP/Maps/2DSideScrollerExampleMap.2DSideScrollerExampleMap_C' with ClassGeneratedBy '/Game/2DSideScrollerBP/Maps/2DSideScrollerExampleMap.2DSideScrollerExampleMap:PersistentLevel.2DSideScrollerExampleMap'
[2025.05.25-21.21.41:610][661]LogBlueprintUserMessages: Early EndPlayMap Detection: Level '/Game/2DSideScrollerBP/Maps/2DSideScrollerExampleMap.2DSideScrollerExampleMap:PersistentLevel' has LevelScriptBlueprint '/Game/2DSideScrollerBP/Maps/2DSideScrollerExampleMap.2DSideScrollerExampleMap:PersistentLevel.2DSideScrollerExampleMap' with GeneratedClass '/Game/2DSideScrollerBP/Maps/2DSideScrollerExampleMap.2DSideScrollerExampleMap_C' with ClassGeneratedBy '/Game/2DSideScrollerBP/Maps/2DSideScrollerExampleMap.2DSideScrollerExampleMap:PersistentLevel.2DSideScrollerExampleMap'
[2025.05.25-21.21.41:610][661]LogSlate: Updating window title bar state: overlay mode, drag disabled, window buttons hidden, title bar hidden
[2025.05.25-21.21.41:610][661]LogWorld: BeginTearingDown for /Game/2DSideScrollerBP/Maps/UEDPIE_0_2DSideScrollerExampleMap
[2025.05.25-21.21.41:611][661]LogWorld: UWorld::CleanupWorld for 2DSideScrollerExampleMap, bSessionEnded=true, bCleanupResources=true
[2025.05.25-21.21.41:618][661]LogPlayLevel: Display: Shutting down PIE online subsystems
[2025.05.25-21.21.41:618][661]LogBlueprintUserMessages: Late EndPlayMap Detection: Level '/Game/2DSideScrollerBP/Maps/2DSideScrollerExampleMap.2DSideScrollerExampleMap:PersistentLevel' has LevelScriptBlueprint '/Game/2DSideScrollerBP/Maps/2DSideScrollerExampleMap.2DSideScrollerExampleMap:PersistentLevel.2DSideScrollerExampleMap' with GeneratedClass '/Game/2DSideScrollerBP/Maps/2DSideScrollerExampleMap.2DSideScrollerExampleMap_C' with ClassGeneratedBy '/Game/2DSideScrollerBP/Maps/2DSideScrollerExampleMap.2DSideScrollerExampleMap:PersistentLevel.2DSideScrollerExampleMap'
[2025.05.25-21.21.41:651][661]LogSlate: Updating window title bar state: overlay mode, drag disabled, window buttons hidden, title bar hidden
[2025.05.25-21.21.41:654][661]LogUObjectHash: Compacting FUObjectHashTables data took   2.41ms
[2025.05.25-21.21.41:715][667]LogPlayLevel: Display: Destroying online subsystem :Context_26
[2025.05.25-21.21.43:505][880]LogSlate: FSceneViewport::OnFocusLost() reason 0
[2025.05.25-21.21.57:091][496]LogTemp: Repeating last play command: Selected Viewport
[2025.05.25-21.21.57:106][496]LogBlueprintUserMessages: Early PlayInEditor Detection: Level '/Game/2DSideScrollerBP/Maps/2DSideScrollerExampleMap.2DSideScrollerExampleMap:PersistentLevel' has LevelScriptBlueprint '/Game/2DSideScrollerBP/Maps/2DSideScrollerExampleMap.2DSideScrollerExampleMap:PersistentLevel.2DSideScrollerExampleMap' with GeneratedClass '/Game/2DSideScrollerBP/Maps/2DSideScrollerExampleMap.2DSideScrollerExampleMap_C' with ClassGeneratedBy '/Game/2DSideScrollerBP/Maps/2DSideScrollerExampleMap.2DSideScrollerExampleMap:PersistentLevel.2DSideScrollerExampleMap'
[2025.05.25-21.21.57:106][496]LogPlayLevel: PlayLevel: No blueprints needed recompiling
[2025.05.25-21.21.57:106][496]PIE: New page: PIE session: 2DSideScrollerExampleMap (25 May 2025 23:21:57)
[2025.05.25-21.21.57:107][496]LogPlayLevel: Creating play world package: /Game/2DSideScrollerBP/Maps/UEDPIE_0_2DSideScrollerExampleMap
[2025.05.25-21.21.57:109][496]LogPlayLevel: PIE: StaticDuplicateObject took: (0.002081s)
[2025.05.25-21.21.57:109][496]LogAIModule: Creating AISystem for world 2DSideScrollerExampleMap
[2025.05.25-21.21.57:109][496]LogPlayLevel: PIE: World Init took: (0.000648s)
[2025.05.25-21.21.57:109][496]LogPlayLevel: PIE: Created PIE world by copying editor world from /Game/2DSideScrollerBP/Maps/2DSideScrollerExampleMap.2DSideScrollerExampleMap to /Game/2DSideScrollerBP/Maps/UEDPIE_0_2DSideScrollerExampleMap.2DSideScrollerExampleMap (0.002832s)
[2025.05.25-21.21.57:135][496]LogUObjectHash: Compacting FUObjectHashTables data took   2.37ms
[2025.05.25-21.21.57:148][496]LogInit: XAudio2 using 'Headphones (Soundcore Q30)' : 2 channels at 48 kHz using 16 bits per sample (channel mask 0x3)
[2025.05.25-21.21.57:163][496]LogInit: FAudioDevice initialized.
[2025.05.25-21.21.57:171][496]LogLoad: Game class is '2DSideScrollerGameMode_C'
[2025.05.25-21.21.57:172][496]LogWorld: Bringing World /Game/2DSideScrollerBP/Maps/UEDPIE_0_2DSideScrollerExampleMap.2DSideScrollerExampleMap up for play (max tick rate 0) at 2025.05.25-22.21.57
[2025.05.25-21.21.57:172][496]LogWorld: Bringing up level for play took: 0.000619
[2025.05.25-21.21.57:172][496]LogOnline: OSS: Creating online subsystem instance for: :Context_27
[2025.05.25-21.21.57:173][496]PIE: Play in editor start time for /Game/2DSideScrollerBP/Maps/UEDPIE_0_2DSideScrollerExampleMap 0.128
[2025.05.25-21.21.57:173][496]LogBlueprintUserMessages: Late PlayInEditor Detection: Level '/Game/2DSideScrollerBP/Maps/2DSideScrollerExampleMap.2DSideScrollerExampleMap:PersistentLevel' has LevelScriptBlueprint '/Game/2DSideScrollerBP/Maps/2DSideScrollerExampleMap.2DSideScrollerExampleMap:PersistentLevel.2DSideScrollerExampleMap' with GeneratedClass '/Game/2DSideScrollerBP/Maps/2DSideScrollerExampleMap.2DSideScrollerExampleMap_C' with ClassGeneratedBy '/Game/2DSideScrollerBP/Maps/2DSideScrollerExampleMap.2DSideScrollerExampleMap:PersistentLevel.2DSideScrollerExampleMap'
[2025.05.25-21.22.01:416][999]LogBlueprintUserMessages: Early EndPlayMap Detection: Level '/Game/2DSideScrollerBP/Maps/2DSideScrollerExampleMap.2DSideScrollerExampleMap:PersistentLevel' has LevelScriptBlueprint '/Game/2DSideScrollerBP/Maps/2DSideScrollerExampleMap.2DSideScrollerExampleMap:PersistentLevel.2DSideScrollerExampleMap' with GeneratedClass '/Game/2DSideScrollerBP/Maps/2DSideScrollerExampleMap.2DSideScrollerExampleMap_C' with ClassGeneratedBy '/Game/2DSideScrollerBP/Maps/2DSideScrollerExampleMap.2DSideScrollerExampleMap:PersistentLevel.2DSideScrollerExampleMap'
[2025.05.25-21.22.01:416][999]LogSlate: Updating window title bar state: overlay mode, drag disabled, window buttons hidden, title bar hidden
[2025.05.25-21.22.01:416][999]LogWorld: BeginTearingDown for /Game/2DSideScrollerBP/Maps/UEDPIE_0_2DSideScrollerExampleMap
[2025.05.25-21.22.01:416][999]LogWorld: UWorld::CleanupWorld for 2DSideScrollerExampleMap, bSessionEnded=true, bCleanupResources=true
[2025.05.25-21.22.01:424][999]LogPlayLevel: Display: Shutting down PIE online subsystems
[2025.05.25-21.22.01:424][999]LogBlueprintUserMessages: Late EndPlayMap Detection: Level '/Game/2DSideScrollerBP/Maps/2DSideScrollerExampleMap.2DSideScrollerExampleMap:PersistentLevel' has LevelScriptBlueprint '/Game/2DSideScrollerBP/Maps/2DSideScrollerExampleMap.2DSideScrollerExampleMap:PersistentLevel.2DSideScrollerExampleMap' with GeneratedClass '/Game/2DSideScrollerBP/Maps/2DSideScrollerExampleMap.2DSideScrollerExampleMap_C' with ClassGeneratedBy '/Game/2DSideScrollerBP/Maps/2DSideScrollerExampleMap.2DSideScrollerExampleMap:PersistentLevel.2DSideScrollerExampleMap'
[2025.05.25-21.22.01:459][999]LogSlate: Updating window title bar state: overlay mode, drag disabled, window buttons hidden, title bar hidden
[2025.05.25-21.22.01:462][999]LogUObjectHash: Compacting FUObjectHashTables data took   2.28ms
[2025.05.25-21.22.01:519][  4]LogPlayLevel: Display: Destroying online subsystem :Context_27
[2025.05.25-21.22.04:592][369]LogSlate: FSceneViewport::OnFocusLost() reason 0
[2025.05.25-21.22.22:403][483]Cmd: TRANSACTION UNDO
[2025.05.25-21.22.22:403][483]LogEditorTransaction: Undo Delete Keyframe
[2025.05.25-21.22.22:405][483]LogMaterial: Display: Missing cached shader map for material sound-boom, compiling. 
[2025.05.25-21.22.22:434][484]LogShaderCompilers: Display: Worker (1/13): shaders left to compile 21
[2025.05.25-21.22.22:434][484]LogShaderCompilers: Display: Worker (2/13): shaders left to compile 20
[2025.05.25-21.22.22:434][484]LogShaderCompilers: Display: Worker (3/13): shaders left to compile 19
[2025.05.25-21.22.22:434][484]LogShaderCompilers: Display: Worker (4/13): shaders left to compile 18
[2025.05.25-21.22.22:434][484]LogShaderCompilers: Display: Worker (5/13): shaders left to compile 17
[2025.05.25-21.22.22:434][484]LogShaderCompilers: Display: Worker (6/13): shaders left to compile 16
[2025.05.25-21.22.22:434][484]LogShaderCompilers: Display: Worker (7/13): shaders left to compile 15
[2025.05.25-21.22.22:434][484]LogShaderCompilers: Display: Worker (8/13): shaders left to compile 14
[2025.05.25-21.22.22:434][484]LogShaderCompilers: Display: Worker (9/13): shaders left to compile 13
[2025.05.25-21.22.22:434][484]LogShaderCompilers: Display: Worker (10/13): shaders left to compile 12
[2025.05.25-21.22.22:434][484]LogShaderCompilers: Display: Worker (11/13): shaders left to compile 11
[2025.05.25-21.22.22:434][484]LogShaderCompilers: Display: Worker (12/13): shaders left to compile 10
[2025.05.25-21.22.22:701][500]LogShaderCompilers: Display: Worker (8/13): shaders left to compile 9
[2025.05.25-21.22.22:835][505]LogShaderCompilers: Display: Worker (3/13): shaders left to compile 8
[2025.05.25-21.22.22:835][505]LogShaderCompilers: Display: Worker (9/13): shaders left to compile 7
[2025.05.25-21.22.22:840][506]LogShaderCompilers: Display: Worker (1/13): shaders left to compile 6
[2025.05.25-21.22.22:840][506]LogShaderCompilers: Display: Worker (2/13): shaders left to compile 5
[2025.05.25-21.22.22:840][506]LogShaderCompilers: Display: Worker (4/13): shaders left to compile 4
[2025.05.25-21.22.22:860][506]LogShaderCompilers: Display: Worker (5/13): shaders left to compile 3
[2025.05.25-21.22.22:860][506]LogShaderCompilers: Display: Worker (6/13): shaders left to compile 2
[2025.05.25-21.22.22:860][506]LogShaderCompilers: Display: Worker (7/13): shaders left to compile 1
[2025.05.25-21.22.23:383][542]MaterialEditorStats: Base pass shader: 120 instructions
[2025.05.25-21.22.23:383][542]MaterialEditorStats: Base pass shader with Volumetric Lightmap: 194 instructions
[2025.05.25-21.22.23:383][542]MaterialEditorStats: Base pass vertex shader: 40 instructions
[2025.05.25-21.22.23:383][542]MaterialEditorStats: Texture samplers: 3/16
[2025.05.25-21.22.26:181][872]LogTemp: Repeating last play command: Selected Viewport
[2025.05.25-21.22.26:196][872]LogBlueprintUserMessages: Early PlayInEditor Detection: Level '/Game/2DSideScrollerBP/Maps/2DSideScrollerExampleMap.2DSideScrollerExampleMap:PersistentLevel' has LevelScriptBlueprint '/Game/2DSideScrollerBP/Maps/2DSideScrollerExampleMap.2DSideScrollerExampleMap:PersistentLevel.2DSideScrollerExampleMap' with GeneratedClass '/Game/2DSideScrollerBP/Maps/2DSideScrollerExampleMap.2DSideScrollerExampleMap_C' with ClassGeneratedBy '/Game/2DSideScrollerBP/Maps/2DSideScrollerExampleMap.2DSideScrollerExampleMap:PersistentLevel.2DSideScrollerExampleMap'
[2025.05.25-21.22.26:196][872]LogPlayLevel: PlayLevel: No blueprints needed recompiling
[2025.05.25-21.22.26:196][872]PIE: New page: PIE session: 2DSideScrollerExampleMap (25 May 2025 23:22:26)
[2025.05.25-21.22.26:197][872]LogPlayLevel: Creating play world package: /Game/2DSideScrollerBP/Maps/UEDPIE_0_2DSideScrollerExampleMap
[2025.05.25-21.22.26:199][872]LogPlayLevel: PIE: StaticDuplicateObject took: (0.002091s)
[2025.05.25-21.22.26:200][872]LogAIModule: Creating AISystem for world 2DSideScrollerExampleMap
[2025.05.25-21.22.26:200][872]LogPlayLevel: PIE: World Init took: (0.000691s)
[2025.05.25-21.22.26:200][872]LogPlayLevel: PIE: Created PIE world by copying editor world from /Game/2DSideScrollerBP/Maps/2DSideScrollerExampleMap.2DSideScrollerExampleMap to /Game/2DSideScrollerBP/Maps/UEDPIE_0_2DSideScrollerExampleMap.2DSideScrollerExampleMap (0.002881s)
[2025.05.25-21.22.26:229][872]LogUObjectHash: Compacting FUObjectHashTables data took   2.34ms
[2025.05.25-21.22.26:243][872]LogInit: XAudio2 using 'Headphones (Soundcore Q30)' : 2 channels at 48 kHz using 16 bits per sample (channel mask 0x3)
[2025.05.25-21.22.26:258][872]LogInit: FAudioDevice initialized.
[2025.05.25-21.22.26:264][872]LogLoad: Game class is '2DSideScrollerGameMode_C'
[2025.05.25-21.22.26:265][872]LogWorld: Bringing World /Game/2DSideScrollerBP/Maps/UEDPIE_0_2DSideScrollerExampleMap.2DSideScrollerExampleMap up for play (max tick rate 0) at 2025.05.25-22.22.26
[2025.05.25-21.22.26:265][872]LogWorld: Bringing up level for play took: 0.000655
[2025.05.25-21.22.26:266][872]LogOnline: OSS: Creating online subsystem instance for: :Context_28
[2025.05.25-21.22.26:267][872]PIE: Play in editor start time for /Game/2DSideScrollerBP/Maps/UEDPIE_0_2DSideScrollerExampleMap -0.778
[2025.05.25-21.22.26:268][872]LogBlueprintUserMessages: Late PlayInEditor Detection: Level '/Game/2DSideScrollerBP/Maps/2DSideScrollerExampleMap.2DSideScrollerExampleMap:PersistentLevel' has LevelScriptBlueprint '/Game/2DSideScrollerBP/Maps/2DSideScrollerExampleMap.2DSideScrollerExampleMap:PersistentLevel.2DSideScrollerExampleMap' with GeneratedClass '/Game/2DSideScrollerBP/Maps/2DSideScrollerExampleMap.2DSideScrollerExampleMap_C' with ClassGeneratedBy '/Game/2DSideScrollerBP/Maps/2DSideScrollerExampleMap.2DSideScrollerExampleMap:PersistentLevel.2DSideScrollerExampleMap'
[2025.05.25-21.22.28:207][104]LogBlueprintUserMessages: Early EndPlayMap Detection: Level '/Game/2DSideScrollerBP/Maps/2DSideScrollerExampleMap.2DSideScrollerExampleMap:PersistentLevel' has LevelScriptBlueprint '/Game/2DSideScrollerBP/Maps/2DSideScrollerExampleMap.2DSideScrollerExampleMap:PersistentLevel.2DSideScrollerExampleMap' with GeneratedClass '/Game/2DSideScrollerBP/Maps/2DSideScrollerExampleMap.2DSideScrollerExampleMap_C' with ClassGeneratedBy '/Game/2DSideScrollerBP/Maps/2DSideScrollerExampleMap.2DSideScrollerExampleMap:PersistentLevel.2DSideScrollerExampleMap'
[2025.05.25-21.22.28:207][104]LogSlate: Updating window title bar state: overlay mode, drag disabled, window buttons hidden, title bar hidden
[2025.05.25-21.22.28:207][104]LogWorld: BeginTearingDown for /Game/2DSideScrollerBP/Maps/UEDPIE_0_2DSideScrollerExampleMap
[2025.05.25-21.22.28:207][104]LogWorld: UWorld::CleanupWorld for 2DSideScrollerExampleMap, bSessionEnded=true, bCleanupResources=true
[2025.05.25-21.22.28:219][104]LogPlayLevel: Display: Shutting down PIE online subsystems
[2025.05.25-21.22.28:219][104]LogBlueprintUserMessages: Late EndPlayMap Detection: Level '/Game/2DSideScrollerBP/Maps/2DSideScrollerExampleMap.2DSideScrollerExampleMap:PersistentLevel' has LevelScriptBlueprint '/Game/2DSideScrollerBP/Maps/2DSideScrollerExampleMap.2DSideScrollerExampleMap:PersistentLevel.2DSideScrollerExampleMap' with GeneratedClass '/Game/2DSideScrollerBP/Maps/2DSideScrollerExampleMap.2DSideScrollerExampleMap_C' with ClassGeneratedBy '/Game/2DSideScrollerBP/Maps/2DSideScrollerExampleMap.2DSideScrollerExampleMap:PersistentLevel.2DSideScrollerExampleMap'
[2025.05.25-21.22.28:252][104]LogSlate: Updating window title bar state: overlay mode, drag disabled, window buttons hidden, title bar hidden
[2025.05.25-21.22.28:255][104]LogUObjectHash: Compacting FUObjectHashTables data took   2.36ms
[2025.05.25-21.22.28:313][109]LogPlayLevel: Display: Destroying online subsystem :Context_28
[2025.05.25-21.22.29:039][195]LogSlate: FSceneViewport::OnFocusLost() reason 0
[2025.05.25-21.22.29:164][210]LogTemp: Repeating last play command: Selected Viewport
[2025.05.25-21.22.29:215][210]LogBlueprintUserMessages: Early PlayInEditor Detection: Level '/Game/2DSideScrollerBP/Maps/2DSideScrollerExampleMap.2DSideScrollerExampleMap:PersistentLevel' has LevelScriptBlueprint '/Game/2DSideScrollerBP/Maps/2DSideScrollerExampleMap.2DSideScrollerExampleMap:PersistentLevel.2DSideScrollerExampleMap' with GeneratedClass '/Game/2DSideScrollerBP/Maps/2DSideScrollerExampleMap.2DSideScrollerExampleMap_C' with ClassGeneratedBy '/Game/2DSideScrollerBP/Maps/2DSideScrollerExampleMap.2DSideScrollerExampleMap:PersistentLevel.2DSideScrollerExampleMap'
[2025.05.25-21.22.29:215][210]LogPlayLevel: PlayLevel: No blueprints needed recompiling
[2025.05.25-21.22.29:215][210]PIE: New page: PIE session: 2DSideScrollerExampleMap (25 May 2025 23:22:29)
[2025.05.25-21.22.29:215][210]LogPlayLevel: Creating play world package: /Game/2DSideScrollerBP/Maps/UEDPIE_0_2DSideScrollerExampleMap
[2025.05.25-21.22.29:217][210]LogPlayLevel: PIE: StaticDuplicateObject took: (0.002034s)
[2025.05.25-21.22.29:218][210]LogAIModule: Creating AISystem for world 2DSideScrollerExampleMap
[2025.05.25-21.22.29:218][210]LogPlayLevel: PIE: World Init took: (0.000626s)
[2025.05.25-21.22.29:218][210]LogPlayLevel: PIE: Created PIE world by copying editor world from /Game/2DSideScrollerBP/Maps/2DSideScrollerExampleMap.2DSideScrollerExampleMap to /Game/2DSideScrollerBP/Maps/UEDPIE_0_2DSideScrollerExampleMap.2DSideScrollerExampleMap (0.002758s)
[2025.05.25-21.22.29:248][210]LogUObjectHash: Compacting FUObjectHashTables data took   2.33ms
[2025.05.25-21.22.29:261][210]LogInit: XAudio2 using 'Headphones (Soundcore Q30)' : 2 channels at 48 kHz using 16 bits per sample (channel mask 0x3)
[2025.05.25-21.22.29:275][210]LogInit: FAudioDevice initialized.
[2025.05.25-21.22.29:278][210]LogLoad: Game class is '2DSideScrollerGameMode_C'
[2025.05.25-21.22.29:279][210]LogWorld: Bringing World /Game/2DSideScrollerBP/Maps/UEDPIE_0_2DSideScrollerExampleMap.2DSideScrollerExampleMap up for play (max tick rate 0) at 2025.05.25-22.22.29
[2025.05.25-21.22.29:280][210]LogWorld: Bringing up level for play took: 0.000603
[2025.05.25-21.22.29:280][210]LogOnline: OSS: Creating online subsystem instance for: :Context_29
[2025.05.25-21.22.29:281][210]PIE: Play in editor start time for /Game/2DSideScrollerBP/Maps/UEDPIE_0_2DSideScrollerExampleMap 0.236
[2025.05.25-21.22.29:281][210]LogBlueprintUserMessages: Late PlayInEditor Detection: Level '/Game/2DSideScrollerBP/Maps/2DSideScrollerExampleMap.2DSideScrollerExampleMap:PersistentLevel' has LevelScriptBlueprint '/Game/2DSideScrollerBP/Maps/2DSideScrollerExampleMap.2DSideScrollerExampleMap:PersistentLevel.2DSideScrollerExampleMap' with GeneratedClass '/Game/2DSideScrollerBP/Maps/2DSideScrollerExampleMap.2DSideScrollerExampleMap_C' with ClassGeneratedBy '/Game/2DSideScrollerBP/Maps/2DSideScrollerExampleMap.2DSideScrollerExampleMap:PersistentLevel.2DSideScrollerExampleMap'
[2025.05.25-21.22.48:088][466]LogBlueprintUserMessages: Early EndPlayMap Detection: Level '/Game/2DSideScrollerBP/Maps/2DSideScrollerExampleMap.2DSideScrollerExampleMap:PersistentLevel' has LevelScriptBlueprint '/Game/2DSideScrollerBP/Maps/2DSideScrollerExampleMap.2DSideScrollerExampleMap:PersistentLevel.2DSideScrollerExampleMap' with GeneratedClass '/Game/2DSideScrollerBP/Maps/2DSideScrollerExampleMap.2DSideScrollerExampleMap_C' with ClassGeneratedBy '/Game/2DSideScrollerBP/Maps/2DSideScrollerExampleMap.2DSideScrollerExampleMap:PersistentLevel.2DSideScrollerExampleMap'
[2025.05.25-21.22.48:088][466]LogSlate: Updating window title bar state: overlay mode, drag disabled, window buttons hidden, title bar hidden
[2025.05.25-21.22.48:088][466]LogWorld: BeginTearingDown for /Game/2DSideScrollerBP/Maps/UEDPIE_0_2DSideScrollerExampleMap
[2025.05.25-21.22.48:088][466]LogWorld: UWorld::CleanupWorld for 2DSideScrollerExampleMap, bSessionEnded=true, bCleanupResources=true
[2025.05.25-21.22.48:096][466]LogPlayLevel: Display: Shutting down PIE online subsystems
[2025.05.25-21.22.48:096][466]LogBlueprintUserMessages: Late EndPlayMap Detection: Level '/Game/2DSideScrollerBP/Maps/2DSideScrollerExampleMap.2DSideScrollerExampleMap:PersistentLevel' has LevelScriptBlueprint '/Game/2DSideScrollerBP/Maps/2DSideScrollerExampleMap.2DSideScrollerExampleMap:PersistentLevel.2DSideScrollerExampleMap' with GeneratedClass '/Game/2DSideScrollerBP/Maps/2DSideScrollerExampleMap.2DSideScrollerExampleMap_C' with ClassGeneratedBy '/Game/2DSideScrollerBP/Maps/2DSideScrollerExampleMap.2DSideScrollerExampleMap:PersistentLevel.2DSideScrollerExampleMap'
[2025.05.25-21.22.48:131][466]LogSlate: Updating window title bar state: overlay mode, drag disabled, window buttons hidden, title bar hidden
[2025.05.25-21.22.48:134][466]LogUObjectHash: Compacting FUObjectHashTables data took   2.38ms
[2025.05.25-21.22.48:189][471]LogPlayLevel: Display: Destroying online subsystem :Context_29
[2025.05.25-21.22.49:154][584]LogSlate: FSceneViewport::OnFocusLost() reason 0
[2025.05.25-21.23.15:496][666]LogSlate: FSceneViewport::OnFocusLost() reason 0
[2025.05.25-21.23.21:369][355]LogSlate: FSceneViewport::OnFocusLost() reason 0
[2025.05.25-21.23.21:462][366]LogTemp: Repeating last play command: Selected Viewport
[2025.05.25-21.23.21:477][366]LogBlueprintUserMessages: Early PlayInEditor Detection: Level '/Game/2DSideScrollerBP/Maps/2DSideScrollerExampleMap.2DSideScrollerExampleMap:PersistentLevel' has LevelScriptBlueprint '/Game/2DSideScrollerBP/Maps/2DSideScrollerExampleMap.2DSideScrollerExampleMap:PersistentLevel.2DSideScrollerExampleMap' with GeneratedClass '/Game/2DSideScrollerBP/Maps/2DSideScrollerExampleMap.2DSideScrollerExampleMap_C' with ClassGeneratedBy '/Game/2DSideScrollerBP/Maps/2DSideScrollerExampleMap.2DSideScrollerExampleMap:PersistentLevel.2DSideScrollerExampleMap'
[2025.05.25-21.23.21:477][366]BlueprintLog: New page: Pre-Play auto-recompile
[2025.05.25-21.23.21:583][366]LogPlayLevel: [PlayLevel] Compiling 2DSideScrollerCharacter before play...
[2025.05.25-21.23.21:795][366]LogUObjectHash: Compacting FUObjectHashTables data took   3.45ms
[2025.05.25-21.23.21:795][366]LogPlayLevel: PlayLevel: Blueprint regeneration took 317 ms (1 blueprints)
[2025.05.25-21.23.21:795][366]PIE: New page: PIE session: 2DSideScrollerExampleMap (25 May 2025 23:23:21)
[2025.05.25-21.23.21:796][366]LogPlayLevel: Creating play world package: /Game/2DSideScrollerBP/Maps/UEDPIE_0_2DSideScrollerExampleMap
[2025.05.25-21.23.21:798][366]LogPlayLevel: PIE: StaticDuplicateObject took: (0.001994s)
[2025.05.25-21.23.21:798][366]LogAIModule: Creating AISystem for world 2DSideScrollerExampleMap
[2025.05.25-21.23.21:798][366]LogPlayLevel: PIE: World Init took: (0.000623s)
[2025.05.25-21.23.21:798][366]LogPlayLevel: PIE: Created PIE world by copying editor world from /Game/2DSideScrollerBP/Maps/2DSideScrollerExampleMap.2DSideScrollerExampleMap to /Game/2DSideScrollerBP/Maps/UEDPIE_0_2DSideScrollerExampleMap.2DSideScrollerExampleMap (0.002713s)
[2025.05.25-21.23.21:828][366]LogUObjectHash: Compacting FUObjectHashTables data took   2.26ms
[2025.05.25-21.23.21:841][366]LogInit: XAudio2 using 'Headphones (Soundcore Q30)' : 2 channels at 48 kHz using 16 bits per sample (channel mask 0x3)
[2025.05.25-21.23.21:855][366]LogInit: FAudioDevice initialized.
[2025.05.25-21.23.21:861][366]LogLoad: Game class is '2DSideScrollerGameMode_C'
[2025.05.25-21.23.21:862][366]LogWorld: Bringing World /Game/2DSideScrollerBP/Maps/UEDPIE_0_2DSideScrollerExampleMap.2DSideScrollerExampleMap up for play (max tick rate 0) at 2025.05.25-22.23.21
[2025.05.25-21.23.21:862][366]LogWorld: Bringing up level for play took: 0.000636
[2025.05.25-21.23.21:862][366]LogOnline: OSS: Creating online subsystem instance for: :Context_30
[2025.05.25-21.23.21:864][366]PIE: Play in editor start time for /Game/2DSideScrollerBP/Maps/UEDPIE_0_2DSideScrollerExampleMap 0.819
[2025.05.25-21.23.21:864][366]LogBlueprintUserMessages: Late PlayInEditor Detection: Level '/Game/2DSideScrollerBP/Maps/2DSideScrollerExampleMap.2DSideScrollerExampleMap:PersistentLevel' has LevelScriptBlueprint '/Game/2DSideScrollerBP/Maps/2DSideScrollerExampleMap.2DSideScrollerExampleMap:PersistentLevel.2DSideScrollerExampleMap' with GeneratedClass '/Game/2DSideScrollerBP/Maps/2DSideScrollerExampleMap.2DSideScrollerExampleMap_C' with ClassGeneratedBy '/Game/2DSideScrollerBP/Maps/2DSideScrollerExampleMap.2DSideScrollerExampleMap:PersistentLevel.2DSideScrollerExampleMap'
[2025.05.25-21.23.22:888][486]LogBlueprintUserMessages: Early EndPlayMap Detection: Level '/Game/2DSideScrollerBP/Maps/2DSideScrollerExampleMap.2DSideScrollerExampleMap:PersistentLevel' has LevelScriptBlueprint '/Game/2DSideScrollerBP/Maps/2DSideScrollerExampleMap.2DSideScrollerExampleMap:PersistentLevel.2DSideScrollerExampleMap' with GeneratedClass '/Game/2DSideScrollerBP/Maps/2DSideScrollerExampleMap.2DSideScrollerExampleMap_C' with ClassGeneratedBy '/Game/2DSideScrollerBP/Maps/2DSideScrollerExampleMap.2DSideScrollerExampleMap:PersistentLevel.2DSideScrollerExampleMap'
[2025.05.25-21.23.22:888][486]LogSlate: Updating window title bar state: overlay mode, drag disabled, window buttons hidden, title bar hidden
[2025.05.25-21.23.22:888][486]LogWorld: BeginTearingDown for /Game/2DSideScrollerBP/Maps/UEDPIE_0_2DSideScrollerExampleMap
[2025.05.25-21.23.22:888][486]LogWorld: UWorld::CleanupWorld for 2DSideScrollerExampleMap, bSessionEnded=true, bCleanupResources=true
[2025.05.25-21.23.22:900][486]LogPlayLevel: Display: Shutting down PIE online subsystems
[2025.05.25-21.23.22:900][486]LogBlueprintUserMessages: Late EndPlayMap Detection: Level '/Game/2DSideScrollerBP/Maps/2DSideScrollerExampleMap.2DSideScrollerExampleMap:PersistentLevel' has LevelScriptBlueprint '/Game/2DSideScrollerBP/Maps/2DSideScrollerExampleMap.2DSideScrollerExampleMap:PersistentLevel.2DSideScrollerExampleMap' with GeneratedClass '/Game/2DSideScrollerBP/Maps/2DSideScrollerExampleMap.2DSideScrollerExampleMap_C' with ClassGeneratedBy '/Game/2DSideScrollerBP/Maps/2DSideScrollerExampleMap.2DSideScrollerExampleMap:PersistentLevel.2DSideScrollerExampleMap'
[2025.05.25-21.23.22:933][486]LogSlate: Updating window title bar state: overlay mode, drag disabled, window buttons hidden, title bar hidden
[2025.05.25-21.23.22:936][486]LogUObjectHash: Compacting FUObjectHashTables data took   2.36ms
[2025.05.25-21.23.22:992][490]LogPlayLevel: Display: Destroying online subsystem :Context_30
[2025.05.25-21.23.24:287][644]LogSlate: FSceneViewport::OnFocusLost() reason 0
[2025.05.25-21.23.26:755][934]LogSlate: FSceneViewport::OnFocusLost() reason 0
[2025.05.25-21.23.29:574][257]LogTemp: Repeating last play command: Selected Viewport
[2025.05.25-21.23.29:590][257]LogBlueprintUserMessages: Early PlayInEditor Detection: Level '/Game/2DSideScrollerBP/Maps/2DSideScrollerExampleMap.2DSideScrollerExampleMap:PersistentLevel' has LevelScriptBlueprint '/Game/2DSideScrollerBP/Maps/2DSideScrollerExampleMap.2DSideScrollerExampleMap:PersistentLevel.2DSideScrollerExampleMap' with GeneratedClass '/Game/2DSideScrollerBP/Maps/2DSideScrollerExampleMap.2DSideScrollerExampleMap_C' with ClassGeneratedBy '/Game/2DSideScrollerBP/Maps/2DSideScrollerExampleMap.2DSideScrollerExampleMap:PersistentLevel.2DSideScrollerExampleMap'
[2025.05.25-21.23.29:590][257]BlueprintLog: New page: Pre-Play auto-recompile
[2025.05.25-21.23.29:593][257]LogPlayLevel: [PlayLevel] Compiling 2DSideScrollerCharacter before play...
[2025.05.25-21.23.29:790][257]LogUObjectHash: Compacting FUObjectHashTables data took   3.10ms
[2025.05.25-21.23.29:790][257]LogPlayLevel: PlayLevel: Blueprint regeneration took 200 ms (1 blueprints)
[2025.05.25-21.23.29:790][257]PIE: New page: PIE session: 2DSideScrollerExampleMap (25 May 2025 23:23:29)
[2025.05.25-21.23.29:791][257]LogPlayLevel: Creating play world package: /Game/2DSideScrollerBP/Maps/UEDPIE_0_2DSideScrollerExampleMap
[2025.05.25-21.23.29:794][257]LogPlayLevel: PIE: StaticDuplicateObject took: (0.002165s)
[2025.05.25-21.23.29:794][257]LogAIModule: Creating AISystem for world 2DSideScrollerExampleMap
[2025.05.25-21.23.29:794][257]LogPlayLevel: PIE: World Init took: (0.000607s)
[2025.05.25-21.23.29:794][257]LogPlayLevel: PIE: Created PIE world by copying editor world from /Game/2DSideScrollerBP/Maps/2DSideScrollerExampleMap.2DSideScrollerExampleMap to /Game/2DSideScrollerBP/Maps/UEDPIE_0_2DSideScrollerExampleMap.2DSideScrollerExampleMap (0.002872s)
[2025.05.25-21.23.29:819][257]LogUObjectHash: Compacting FUObjectHashTables data took   2.27ms
[2025.05.25-21.23.29:833][257]LogInit: XAudio2 using 'Headphones (Soundcore Q30)' : 2 channels at 48 kHz using 16 bits per sample (channel mask 0x3)
[2025.05.25-21.23.29:848][257]LogInit: FAudioDevice initialized.
[2025.05.25-21.23.29:856][257]LogLoad: Game class is '2DSideScrollerGameMode_C'
[2025.05.25-21.23.29:857][257]LogWorld: Bringing World /Game/2DSideScrollerBP/Maps/UEDPIE_0_2DSideScrollerExampleMap.2DSideScrollerExampleMap up for play (max tick rate 0) at 2025.05.25-22.23.29
[2025.05.25-21.23.29:858][257]LogWorld: Bringing up level for play took: 0.000643
[2025.05.25-21.23.29:858][257]LogOnline: OSS: Creating online subsystem instance for: :Context_31
[2025.05.25-21.23.29:859][257]PIE: Play in editor start time for /Game/2DSideScrollerBP/Maps/UEDPIE_0_2DSideScrollerExampleMap 0.814
[2025.05.25-21.23.29:859][257]LogBlueprintUserMessages: Late PlayInEditor Detection: Level '/Game/2DSideScrollerBP/Maps/2DSideScrollerExampleMap.2DSideScrollerExampleMap:PersistentLevel' has LevelScriptBlueprint '/Game/2DSideScrollerBP/Maps/2DSideScrollerExampleMap.2DSideScrollerExampleMap:PersistentLevel.2DSideScrollerExampleMap' with GeneratedClass '/Game/2DSideScrollerBP/Maps/2DSideScrollerExampleMap.2DSideScrollerExampleMap_C' with ClassGeneratedBy '/Game/2DSideScrollerBP/Maps/2DSideScrollerExampleMap.2DSideScrollerExampleMap:PersistentLevel.2DSideScrollerExampleMap'
[2025.05.25-21.23.31:261][423]LogBlueprintUserMessages: Early EndPlayMap Detection: Level '/Game/2DSideScrollerBP/Maps/2DSideScrollerExampleMap.2DSideScrollerExampleMap:PersistentLevel' has LevelScriptBlueprint '/Game/2DSideScrollerBP/Maps/2DSideScrollerExampleMap.2DSideScrollerExampleMap:PersistentLevel.2DSideScrollerExampleMap' with GeneratedClass '/Game/2DSideScrollerBP/Maps/2DSideScrollerExampleMap.2DSideScrollerExampleMap_C' with ClassGeneratedBy '/Game/2DSideScrollerBP/Maps/2DSideScrollerExampleMap.2DSideScrollerExampleMap:PersistentLevel.2DSideScrollerExampleMap'
[2025.05.25-21.23.31:261][423]LogSlate: Updating window title bar state: overlay mode, drag disabled, window buttons hidden, title bar hidden
[2025.05.25-21.23.31:261][423]LogWorld: BeginTearingDown for /Game/2DSideScrollerBP/Maps/UEDPIE_0_2DSideScrollerExampleMap
[2025.05.25-21.23.31:261][423]LogWorld: UWorld::CleanupWorld for 2DSideScrollerExampleMap, bSessionEnded=true, bCleanupResources=true
[2025.05.25-21.23.31:272][423]LogPlayLevel: Display: Shutting down PIE online subsystems
[2025.05.25-21.23.31:272][423]LogBlueprintUserMessages: Late EndPlayMap Detection: Level '/Game/2DSideScrollerBP/Maps/2DSideScrollerExampleMap.2DSideScrollerExampleMap:PersistentLevel' has LevelScriptBlueprint '/Game/2DSideScrollerBP/Maps/2DSideScrollerExampleMap.2DSideScrollerExampleMap:PersistentLevel.2DSideScrollerExampleMap' with GeneratedClass '/Game/2DSideScrollerBP/Maps/2DSideScrollerExampleMap.2DSideScrollerExampleMap_C' with ClassGeneratedBy '/Game/2DSideScrollerBP/Maps/2DSideScrollerExampleMap.2DSideScrollerExampleMap:PersistentLevel.2DSideScrollerExampleMap'
[2025.05.25-21.23.31:305][423]LogSlate: Updating window title bar state: overlay mode, drag disabled, window buttons hidden, title bar hidden
[2025.05.25-21.23.31:308][423]LogUObjectHash: Compacting FUObjectHashTables data took   2.35ms
[2025.05.25-21.23.31:366][427]LogPlayLevel: Display: Destroying online subsystem :Context_31
[2025.05.25-21.23.32:613][575]LogSlate: FSceneViewport::OnFocusLost() reason 0
[2025.05.25-21.23.36:556][ 40]LogSlate: FSceneViewport::OnFocusLost() reason 0
[2025.05.25-21.23.40:315][483]LogTemp: Repeating last play command: Selected Viewport
[2025.05.25-21.23.40:330][483]LogBlueprintUserMessages: Early PlayInEditor Detection: Level '/Game/2DSideScrollerBP/Maps/2DSideScrollerExampleMap.2DSideScrollerExampleMap:PersistentLevel' has LevelScriptBlueprint '/Game/2DSideScrollerBP/Maps/2DSideScrollerExampleMap.2DSideScrollerExampleMap:PersistentLevel.2DSideScrollerExampleMap' with GeneratedClass '/Game/2DSideScrollerBP/Maps/2DSideScrollerExampleMap.2DSideScrollerExampleMap_C' with ClassGeneratedBy '/Game/2DSideScrollerBP/Maps/2DSideScrollerExampleMap.2DSideScrollerExampleMap:PersistentLevel.2DSideScrollerExampleMap'
[2025.05.25-21.23.40:330][483]BlueprintLog: New page: Pre-Play auto-recompile
[2025.05.25-21.23.40:333][483]LogPlayLevel: [PlayLevel] Compiling 2DSideScrollerCharacter before play...
[2025.05.25-21.23.40:533][483]LogUObjectHash: Compacting FUObjectHashTables data took   3.23ms
[2025.05.25-21.23.40:533][483]LogPlayLevel: PlayLevel: Blueprint regeneration took 202 ms (1 blueprints)
[2025.05.25-21.23.40:533][483]PIE: New page: PIE session: 2DSideScrollerExampleMap (25 May 2025 23:23:40)
[2025.05.25-21.23.40:534][483]LogPlayLevel: Creating play world package: /Game/2DSideScrollerBP/Maps/UEDPIE_0_2DSideScrollerExampleMap
[2025.05.25-21.23.40:537][483]LogPlayLevel: PIE: StaticDuplicateObject took: (0.002248s)
[2025.05.25-21.23.40:537][483]LogAIModule: Creating AISystem for world 2DSideScrollerExampleMap
[2025.05.25-21.23.40:537][483]LogPlayLevel: PIE: World Init took: (0.000632s)
[2025.05.25-21.23.40:537][483]LogPlayLevel: PIE: Created PIE world by copying editor world from /Game/2DSideScrollerBP/Maps/2DSideScrollerExampleMap.2DSideScrollerExampleMap to /Game/2DSideScrollerBP/Maps/UEDPIE_0_2DSideScrollerExampleMap.2DSideScrollerExampleMap (0.002984s)
[2025.05.25-21.23.40:569][483]LogUObjectHash: Compacting FUObjectHashTables data took   2.21ms
[2025.05.25-21.23.40:582][483]LogInit: XAudio2 using 'Headphones (Soundcore Q30)' : 2 channels at 48 kHz using 16 bits per sample (channel mask 0x3)
[2025.05.25-21.23.40:597][483]LogInit: FAudioDevice initialized.
[2025.05.25-21.23.40:602][483]LogLoad: Game class is '2DSideScrollerGameMode_C'
[2025.05.25-21.23.40:602][483]LogWorld: Bringing World /Game/2DSideScrollerBP/Maps/UEDPIE_0_2DSideScrollerExampleMap.2DSideScrollerExampleMap up for play (max tick rate 0) at 2025.05.25-22.23.40
[2025.05.25-21.23.40:604][483]LogWorld: Bringing up level for play took: 0.000619
[2025.05.25-21.23.40:604][483]LogOnline: OSS: Creating online subsystem instance for: :Context_32
[2025.05.25-21.23.40:605][483]PIE: Play in editor start time for /Game/2DSideScrollerBP/Maps/UEDPIE_0_2DSideScrollerExampleMap -0.44
[2025.05.25-21.23.40:605][483]LogBlueprintUserMessages: Late PlayInEditor Detection: Level '/Game/2DSideScrollerBP/Maps/2DSideScrollerExampleMap.2DSideScrollerExampleMap:PersistentLevel' has LevelScriptBlueprint '/Game/2DSideScrollerBP/Maps/2DSideScrollerExampleMap.2DSideScrollerExampleMap:PersistentLevel.2DSideScrollerExampleMap' with GeneratedClass '/Game/2DSideScrollerBP/Maps/2DSideScrollerExampleMap.2DSideScrollerExampleMap_C' with ClassGeneratedBy '/Game/2DSideScrollerBP/Maps/2DSideScrollerExampleMap.2DSideScrollerExampleMap:PersistentLevel.2DSideScrollerExampleMap'
[2025.05.25-21.23.41:551][594]LogBlueprintUserMessages: Early EndPlayMap Detection: Level '/Game/2DSideScrollerBP/Maps/2DSideScrollerExampleMap.2DSideScrollerExampleMap:PersistentLevel' has LevelScriptBlueprint '/Game/2DSideScrollerBP/Maps/2DSideScrollerExampleMap.2DSideScrollerExampleMap:PersistentLevel.2DSideScrollerExampleMap' with GeneratedClass '/Game/2DSideScrollerBP/Maps/2DSideScrollerExampleMap.2DSideScrollerExampleMap_C' with ClassGeneratedBy '/Game/2DSideScrollerBP/Maps/2DSideScrollerExampleMap.2DSideScrollerExampleMap:PersistentLevel.2DSideScrollerExampleMap'
[2025.05.25-21.23.41:551][594]LogSlate: Updating window title bar state: overlay mode, drag disabled, window buttons hidden, title bar hidden
[2025.05.25-21.23.41:551][594]LogWorld: BeginTearingDown for /Game/2DSideScrollerBP/Maps/UEDPIE_0_2DSideScrollerExampleMap
[2025.05.25-21.23.41:551][594]LogWorld: UWorld::CleanupWorld for 2DSideScrollerExampleMap, bSessionEnded=true, bCleanupResources=true
[2025.05.25-21.23.41:558][594]LogPlayLevel: Display: Shutting down PIE online subsystems
[2025.05.25-21.23.41:558][594]LogBlueprintUserMessages: Late EndPlayMap Detection: Level '/Game/2DSideScrollerBP/Maps/2DSideScrollerExampleMap.2DSideScrollerExampleMap:PersistentLevel' has LevelScriptBlueprint '/Game/2DSideScrollerBP/Maps/2DSideScrollerExampleMap.2DSideScrollerExampleMap:PersistentLevel.2DSideScrollerExampleMap' with GeneratedClass '/Game/2DSideScrollerBP/Maps/2DSideScrollerExampleMap.2DSideScrollerExampleMap_C' with ClassGeneratedBy '/Game/2DSideScrollerBP/Maps/2DSideScrollerExampleMap.2DSideScrollerExampleMap:PersistentLevel.2DSideScrollerExampleMap'
[2025.05.25-21.23.41:591][594]LogSlate: Updating window title bar state: overlay mode, drag disabled, window buttons hidden, title bar hidden
[2025.05.25-21.23.41:594][594]LogUObjectHash: Compacting FUObjectHashTables data took   2.29ms
[2025.05.25-21.23.41:657][599]LogPlayLevel: Display: Destroying online subsystem :Context_32
[2025.05.25-21.23.42:704][723]LogSlate: FSceneViewport::OnFocusLost() reason 0
[2025.05.25-21.23.43:740][841]LogSlate: FSceneViewport::OnFocusLost() reason 0
[2025.05.25-21.23.49:505][456]LogTemp: Repeating last play command: Selected Viewport
[2025.05.25-21.23.49:521][456]LogBlueprintUserMessages: Early PlayInEditor Detection: Level '/Game/2DSideScrollerBP/Maps/2DSideScrollerExampleMap.2DSideScrollerExampleMap:PersistentLevel' has LevelScriptBlueprint '/Game/2DSideScrollerBP/Maps/2DSideScrollerExampleMap.2DSideScrollerExampleMap:PersistentLevel.2DSideScrollerExampleMap' with GeneratedClass '/Game/2DSideScrollerBP/Maps/2DSideScrollerExampleMap.2DSideScrollerExampleMap_C' with ClassGeneratedBy '/Game/2DSideScrollerBP/Maps/2DSideScrollerExampleMap.2DSideScrollerExampleMap:PersistentLevel.2DSideScrollerExampleMap'
[2025.05.25-21.23.49:521][456]BlueprintLog: New page: Pre-Play auto-recompile
[2025.05.25-21.23.49:525][456]LogPlayLevel: [PlayLevel] Compiling 2DSideScrollerCharacter before play...
[2025.05.25-21.23.49:742][456]LogUObjectHash: Compacting FUObjectHashTables data took   3.72ms
[2025.05.25-21.23.49:742][456]LogPlayLevel: PlayLevel: Blueprint regeneration took 220 ms (1 blueprints)
[2025.05.25-21.23.49:742][456]PIE: New page: PIE session: 2DSideScrollerExampleMap (25 May 2025 23:23:49)
[2025.05.25-21.23.49:743][456]LogPlayLevel: Creating play world package: /Game/2DSideScrollerBP/Maps/UEDPIE_0_2DSideScrollerExampleMap
[2025.05.25-21.23.49:745][456]LogPlayLevel: PIE: StaticDuplicateObject took: (0.002118s)
[2025.05.25-21.23.49:745][456]LogAIModule: Creating AISystem for world 2DSideScrollerExampleMap
[2025.05.25-21.23.49:745][456]LogPlayLevel: PIE: World Init took: (0.000608s)
[2025.05.25-21.23.49:745][456]LogPlayLevel: PIE: Created PIE world by copying editor world from /Game/2DSideScrollerBP/Maps/2DSideScrollerExampleMap.2DSideScrollerExampleMap to /Game/2DSideScrollerBP/Maps/UEDPIE_0_2DSideScrollerExampleMap.2DSideScrollerExampleMap (0.002823s)
[2025.05.25-21.23.49:775][456]LogUObjectHash: Compacting FUObjectHashTables data took   2.35ms
[2025.05.25-21.23.49:788][456]LogInit: XAudio2 using 'Headphones (Soundcore Q30)' : 2 channels at 48 kHz using 16 bits per sample (channel mask 0x3)
[2025.05.25-21.23.49:802][456]LogInit: FAudioDevice initialized.
[2025.05.25-21.23.49:805][456]LogLoad: Game class is '2DSideScrollerGameMode_C'
[2025.05.25-21.23.49:807][456]LogWorld: Bringing World /Game/2DSideScrollerBP/Maps/UEDPIE_0_2DSideScrollerExampleMap.2DSideScrollerExampleMap up for play (max tick rate 0) at 2025.05.25-22.23.49
[2025.05.25-21.23.49:807][456]LogWorld: Bringing up level for play took: 0.000607
[2025.05.25-21.23.49:807][456]LogOnline: OSS: Creating online subsystem instance for: :Context_33
[2025.05.25-21.23.49:808][456]PIE: Play in editor start time for /Game/2DSideScrollerBP/Maps/UEDPIE_0_2DSideScrollerExampleMap 0.764
[2025.05.25-21.23.49:808][456]LogBlueprintUserMessages: Late PlayInEditor Detection: Level '/Game/2DSideScrollerBP/Maps/2DSideScrollerExampleMap.2DSideScrollerExampleMap:PersistentLevel' has LevelScriptBlueprint '/Game/2DSideScrollerBP/Maps/2DSideScrollerExampleMap.2DSideScrollerExampleMap:PersistentLevel.2DSideScrollerExampleMap' with GeneratedClass '/Game/2DSideScrollerBP/Maps/2DSideScrollerExampleMap.2DSideScrollerExampleMap_C' with ClassGeneratedBy '/Game/2DSideScrollerBP/Maps/2DSideScrollerExampleMap.2DSideScrollerExampleMap:PersistentLevel.2DSideScrollerExampleMap'
[2025.05.25-21.23.51:140][613]LogBlueprintUserMessages: Early EndPlayMap Detection: Level '/Game/2DSideScrollerBP/Maps/2DSideScrollerExampleMap.2DSideScrollerExampleMap:PersistentLevel' has LevelScriptBlueprint '/Game/2DSideScrollerBP/Maps/2DSideScrollerExampleMap.2DSideScrollerExampleMap:PersistentLevel.2DSideScrollerExampleMap' with GeneratedClass '/Game/2DSideScrollerBP/Maps/2DSideScrollerExampleMap.2DSideScrollerExampleMap_C' with ClassGeneratedBy '/Game/2DSideScrollerBP/Maps/2DSideScrollerExampleMap.2DSideScrollerExampleMap:PersistentLevel.2DSideScrollerExampleMap'
[2025.05.25-21.23.51:140][613]LogSlate: Updating window title bar state: overlay mode, drag disabled, window buttons hidden, title bar hidden
[2025.05.25-21.23.51:140][613]LogWorld: BeginTearingDown for /Game/2DSideScrollerBP/Maps/UEDPIE_0_2DSideScrollerExampleMap
[2025.05.25-21.23.51:140][613]LogWorld: UWorld::CleanupWorld for 2DSideScrollerExampleMap, bSessionEnded=true, bCleanupResources=true
[2025.05.25-21.23.51:150][613]LogPlayLevel: Display: Shutting down PIE online subsystems
[2025.05.25-21.23.51:150][613]LogBlueprintUserMessages: Late EndPlayMap Detection: Level '/Game/2DSideScrollerBP/Maps/2DSideScrollerExampleMap.2DSideScrollerExampleMap:PersistentLevel' has LevelScriptBlueprint '/Game/2DSideScrollerBP/Maps/2DSideScrollerExampleMap.2DSideScrollerExampleMap:PersistentLevel.2DSideScrollerExampleMap' with GeneratedClass '/Game/2DSideScrollerBP/Maps/2DSideScrollerExampleMap.2DSideScrollerExampleMap_C' with ClassGeneratedBy '/Game/2DSideScrollerBP/Maps/2DSideScrollerExampleMap.2DSideScrollerExampleMap:PersistentLevel.2DSideScrollerExampleMap'
[2025.05.25-21.23.51:183][613]LogSlate: Updating window title bar state: overlay mode, drag disabled, window buttons hidden, title bar hidden
[2025.05.25-21.23.51:187][613]LogUObjectHash: Compacting FUObjectHashTables data took   2.33ms
[2025.05.25-21.23.51:243][617]LogPlayLevel: Display: Destroying online subsystem :Context_33
[2025.05.25-21.23.51:923][697]LogSlate: FSceneViewport::OnFocusLost() reason 0
[2025.05.25-21.23.53:346][861]LogSlate: FSceneViewport::OnFocusLost() reason 0
[2025.05.25-21.23.54:888][ 38]LogTemp: Repeating last play command: Selected Viewport
[2025.05.25-21.23.54:903][ 38]LogBlueprintUserMessages: Early PlayInEditor Detection: Level '/Game/2DSideScrollerBP/Maps/2DSideScrollerExampleMap.2DSideScrollerExampleMap:PersistentLevel' has LevelScriptBlueprint '/Game/2DSideScrollerBP/Maps/2DSideScrollerExampleMap.2DSideScrollerExampleMap:PersistentLevel.2DSideScrollerExampleMap' with GeneratedClass '/Game/2DSideScrollerBP/Maps/2DSideScrollerExampleMap.2DSideScrollerExampleMap_C' with ClassGeneratedBy '/Game/2DSideScrollerBP/Maps/2DSideScrollerExampleMap.2DSideScrollerExampleMap:PersistentLevel.2DSideScrollerExampleMap'
[2025.05.25-21.23.54:903][ 38]BlueprintLog: New page: Pre-Play auto-recompile
[2025.05.25-21.23.54:907][ 38]LogPlayLevel: [PlayLevel] Compiling 2DSideScrollerCharacter before play...
[2025.05.25-21.23.55:108][ 38]LogUObjectHash: Compacting FUObjectHashTables data took   3.88ms
[2025.05.25-21.23.55:108][ 38]LogPlayLevel: PlayLevel: Blueprint regeneration took 204 ms (1 blueprints)
[2025.05.25-21.23.55:108][ 38]PIE: New page: PIE session: 2DSideScrollerExampleMap (25 May 2025 23:23:55)
[2025.05.25-21.23.55:109][ 38]LogPlayLevel: Creating play world package: /Game/2DSideScrollerBP/Maps/UEDPIE_0_2DSideScrollerExampleMap
[2025.05.25-21.23.55:110][ 38]LogPlayLevel: PIE: StaticDuplicateObject took: (0.002141s)
[2025.05.25-21.23.55:111][ 38]LogAIModule: Creating AISystem for world 2DSideScrollerExampleMap
[2025.05.25-21.23.55:111][ 38]LogPlayLevel: PIE: World Init took: (0.000637s)
[2025.05.25-21.23.55:111][ 38]LogPlayLevel: PIE: Created PIE world by copying editor world from /Game/2DSideScrollerBP/Maps/2DSideScrollerExampleMap.2DSideScrollerExampleMap to /Game/2DSideScrollerBP/Maps/UEDPIE_0_2DSideScrollerExampleMap.2DSideScrollerExampleMap (0.002887s)
[2025.05.25-21.23.55:142][ 38]LogUObjectHash: Compacting FUObjectHashTables data took   2.37ms
[2025.05.25-21.23.55:155][ 38]LogInit: XAudio2 using 'Headphones (Soundcore Q30)' : 2 channels at 48 kHz using 16 bits per sample (channel mask 0x3)
[2025.05.25-21.23.55:170][ 38]LogInit: FAudioDevice initialized.
[2025.05.25-21.23.55:177][ 38]LogLoad: Game class is '2DSideScrollerGameMode_C'
[2025.05.25-21.23.55:178][ 38]LogWorld: Bringing World /Game/2DSideScrollerBP/Maps/UEDPIE_0_2DSideScrollerExampleMap.2DSideScrollerExampleMap up for play (max tick rate 0) at 2025.05.25-22.23.55
[2025.05.25-21.23.55:178][ 38]LogWorld: Bringing up level for play took: 0.000610
[2025.05.25-21.23.55:178][ 38]LogOnline: OSS: Creating online subsystem instance for: :Context_34
[2025.05.25-21.23.55:179][ 38]PIE: Play in editor start time for /Game/2DSideScrollerBP/Maps/UEDPIE_0_2DSideScrollerExampleMap 0.135
[2025.05.25-21.23.55:180][ 38]LogBlueprintUserMessages: Late PlayInEditor Detection: Level '/Game/2DSideScrollerBP/Maps/2DSideScrollerExampleMap.2DSideScrollerExampleMap:PersistentLevel' has LevelScriptBlueprint '/Game/2DSideScrollerBP/Maps/2DSideScrollerExampleMap.2DSideScrollerExampleMap:PersistentLevel.2DSideScrollerExampleMap' with GeneratedClass '/Game/2DSideScrollerBP/Maps/2DSideScrollerExampleMap.2DSideScrollerExampleMap_C' with ClassGeneratedBy '/Game/2DSideScrollerBP/Maps/2DSideScrollerExampleMap.2DSideScrollerExampleMap:PersistentLevel.2DSideScrollerExampleMap'
[2025.05.25-21.23.56:270][166]LogBlueprintUserMessages: Early EndPlayMap Detection: Level '/Game/2DSideScrollerBP/Maps/2DSideScrollerExampleMap.2DSideScrollerExampleMap:PersistentLevel' has LevelScriptBlueprint '/Game/2DSideScrollerBP/Maps/2DSideScrollerExampleMap.2DSideScrollerExampleMap:PersistentLevel.2DSideScrollerExampleMap' with GeneratedClass '/Game/2DSideScrollerBP/Maps/2DSideScrollerExampleMap.2DSideScrollerExampleMap_C' with ClassGeneratedBy '/Game/2DSideScrollerBP/Maps/2DSideScrollerExampleMap.2DSideScrollerExampleMap:PersistentLevel.2DSideScrollerExampleMap'
[2025.05.25-21.23.56:271][166]LogSlate: Updating window title bar state: overlay mode, drag disabled, window buttons hidden, title bar hidden
[2025.05.25-21.23.56:271][166]LogWorld: BeginTearingDown for /Game/2DSideScrollerBP/Maps/UEDPIE_0_2DSideScrollerExampleMap
[2025.05.25-21.23.56:271][166]LogWorld: UWorld::CleanupWorld for 2DSideScrollerExampleMap, bSessionEnded=true, bCleanupResources=true
[2025.05.25-21.23.56:281][166]LogPlayLevel: Display: Shutting down PIE online subsystems
[2025.05.25-21.23.56:281][166]LogBlueprintUserMessages: Late EndPlayMap Detection: Level '/Game/2DSideScrollerBP/Maps/2DSideScrollerExampleMap.2DSideScrollerExampleMap:PersistentLevel' has LevelScriptBlueprint '/Game/2DSideScrollerBP/Maps/2DSideScrollerExampleMap.2DSideScrollerExampleMap:PersistentLevel.2DSideScrollerExampleMap' with GeneratedClass '/Game/2DSideScrollerBP/Maps/2DSideScrollerExampleMap.2DSideScrollerExampleMap_C' with ClassGeneratedBy '/Game/2DSideScrollerBP/Maps/2DSideScrollerExampleMap.2DSideScrollerExampleMap:PersistentLevel.2DSideScrollerExampleMap'
[2025.05.25-21.23.56:313][166]LogSlate: Updating window title bar state: overlay mode, drag disabled, window buttons hidden, title bar hidden
[2025.05.25-21.23.56:315][166]LogUObjectHash: Compacting FUObjectHashTables data took   2.38ms
[2025.05.25-21.23.56:373][170]LogPlayLevel: Display: Destroying online subsystem :Context_34
[2025.05.25-21.23.56:975][241]LogSlate: FSceneViewport::OnFocusLost() reason 0
[2025.05.25-21.23.59:129][493]LogSlate: FSceneViewport::OnFocusLost() reason 0
[2025.05.25-21.24.03:023][915]LogTemp: Repeating last play command: Selected Viewport
[2025.05.25-21.24.03:039][915]LogBlueprintUserMessages: Early PlayInEditor Detection: Level '/Game/2DSideScrollerBP/Maps/2DSideScrollerExampleMap.2DSideScrollerExampleMap:PersistentLevel' has LevelScriptBlueprint '/Game/2DSideScrollerBP/Maps/2DSideScrollerExampleMap.2DSideScrollerExampleMap:PersistentLevel.2DSideScrollerExampleMap' with GeneratedClass '/Game/2DSideScrollerBP/Maps/2DSideScrollerExampleMap.2DSideScrollerExampleMap_C' with ClassGeneratedBy '/Game/2DSideScrollerBP/Maps/2DSideScrollerExampleMap.2DSideScrollerExampleMap:PersistentLevel.2DSideScrollerExampleMap'
[2025.05.25-21.24.03:039][915]BlueprintLog: New page: Pre-Play auto-recompile
[2025.05.25-21.24.03:042][915]LogPlayLevel: [PlayLevel] Compiling 2DSideScrollerCharacter before play...
[2025.05.25-21.24.03:252][915]LogUObjectHash: Compacting FUObjectHashTables data took   3.17ms
[2025.05.25-21.24.03:252][915]LogPlayLevel: PlayLevel: Blueprint regeneration took 214 ms (1 blueprints)
[2025.05.25-21.24.03:252][915]PIE: New page: PIE session: 2DSideScrollerExampleMap (25 May 2025 23:24:03)
[2025.05.25-21.24.03:253][915]LogPlayLevel: Creating play world package: /Game/2DSideScrollerBP/Maps/UEDPIE_0_2DSideScrollerExampleMap
[2025.05.25-21.24.03:255][915]LogPlayLevel: PIE: StaticDuplicateObject took: (0.002204s)
[2025.05.25-21.24.03:255][915]LogAIModule: Creating AISystem for world 2DSideScrollerExampleMap
[2025.05.25-21.24.03:255][915]LogPlayLevel: PIE: World Init took: (0.000626s)
[2025.05.25-21.24.03:255][915]LogPlayLevel: PIE: Created PIE world by copying editor world from /Game/2DSideScrollerBP/Maps/2DSideScrollerExampleMap.2DSideScrollerExampleMap to /Game/2DSideScrollerBP/Maps/UEDPIE_0_2DSideScrollerExampleMap.2DSideScrollerExampleMap (0.002930s)
[2025.05.25-21.24.03:289][915]LogUObjectHash: Compacting FUObjectHashTables data took   2.33ms
[2025.05.25-21.24.03:301][915]LogInit: XAudio2 using 'Headphones (Soundcore Q30)' : 2 channels at 48 kHz using 16 bits per sample (channel mask 0x3)
[2025.05.25-21.24.03:315][915]LogInit: FAudioDevice initialized.
[2025.05.25-21.24.03:322][915]LogLoad: Game class is '2DSideScrollerGameMode_C'
[2025.05.25-21.24.03:323][915]LogWorld: Bringing World /Game/2DSideScrollerBP/Maps/UEDPIE_0_2DSideScrollerExampleMap.2DSideScrollerExampleMap up for play (max tick rate 0) at 2025.05.25-22.24.03
[2025.05.25-21.24.03:324][915]LogWorld: Bringing up level for play took: 0.000626
[2025.05.25-21.24.03:324][915]LogOnline: OSS: Creating online subsystem instance for: :Context_35
[2025.05.25-21.24.03:325][915]PIE: Play in editor start time for /Game/2DSideScrollerBP/Maps/UEDPIE_0_2DSideScrollerExampleMap 0.28
[2025.05.25-21.24.03:325][915]LogBlueprintUserMessages: Late PlayInEditor Detection: Level '/Game/2DSideScrollerBP/Maps/2DSideScrollerExampleMap.2DSideScrollerExampleMap:PersistentLevel' has LevelScriptBlueprint '/Game/2DSideScrollerBP/Maps/2DSideScrollerExampleMap.2DSideScrollerExampleMap:PersistentLevel.2DSideScrollerExampleMap' with GeneratedClass '/Game/2DSideScrollerBP/Maps/2DSideScrollerExampleMap.2DSideScrollerExampleMap_C' with ClassGeneratedBy '/Game/2DSideScrollerBP/Maps/2DSideScrollerExampleMap.2DSideScrollerExampleMap:PersistentLevel.2DSideScrollerExampleMap'
[2025.05.25-21.24.45:654][988]LogBlueprintUserMessages: Early EndPlayMap Detection: Level '/Game/2DSideScrollerBP/Maps/2DSideScrollerExampleMap.2DSideScrollerExampleMap:PersistentLevel' has LevelScriptBlueprint '/Game/2DSideScrollerBP/Maps/2DSideScrollerExampleMap.2DSideScrollerExampleMap:PersistentLevel.2DSideScrollerExampleMap' with GeneratedClass '/Game/2DSideScrollerBP/Maps/2DSideScrollerExampleMap.2DSideScrollerExampleMap_C' with ClassGeneratedBy '/Game/2DSideScrollerBP/Maps/2DSideScrollerExampleMap.2DSideScrollerExampleMap:PersistentLevel.2DSideScrollerExampleMap'
[2025.05.25-21.24.45:655][988]LogSlate: Updating window title bar state: overlay mode, drag disabled, window buttons hidden, title bar hidden
[2025.05.25-21.24.45:655][988]LogWorld: BeginTearingDown for /Game/2DSideScrollerBP/Maps/UEDPIE_0_2DSideScrollerExampleMap
[2025.05.25-21.24.45:655][988]LogWorld: UWorld::CleanupWorld for 2DSideScrollerExampleMap, bSessionEnded=true, bCleanupResources=true
[2025.05.25-21.24.45:666][988]LogPlayLevel: Display: Shutting down PIE online subsystems
[2025.05.25-21.24.45:666][988]LogBlueprintUserMessages: Late EndPlayMap Detection: Level '/Game/2DSideScrollerBP/Maps/2DSideScrollerExampleMap.2DSideScrollerExampleMap:PersistentLevel' has LevelScriptBlueprint '/Game/2DSideScrollerBP/Maps/2DSideScrollerExampleMap.2DSideScrollerExampleMap:PersistentLevel.2DSideScrollerExampleMap' with GeneratedClass '/Game/2DSideScrollerBP/Maps/2DSideScrollerExampleMap.2DSideScrollerExampleMap_C' with ClassGeneratedBy '/Game/2DSideScrollerBP/Maps/2DSideScrollerExampleMap.2DSideScrollerExampleMap:PersistentLevel.2DSideScrollerExampleMap'
[2025.05.25-21.24.45:699][988]LogSlate: Updating window title bar state: overlay mode, drag disabled, window buttons hidden, title bar hidden
[2025.05.25-21.24.45:702][988]LogUObjectHash: Compacting FUObjectHashTables data took   2.54ms
[2025.05.25-21.24.45:759][992]LogPlayLevel: Display: Destroying online subsystem :Context_35
[2025.05.25-21.24.47:075][149]LogSlate: FSceneViewport::OnFocusLost() reason 5
[2025.05.25-21.24.47:131][149]LogUObjectHash: Compacting FUObjectHashTables data took   2.23ms
[2025.05.25-21.24.47:283][149]LogSavePackage: Moving 'H:/homebound/project file/Saved/2DSideScrollerExampleMap12ECC3F940A4BF3F80B176B66EC885AD.tmp' to 'H:/homebound/project file/Content/2DSideScrollerBP/Maps/2DSideScrollerExampleMap.umap'
[2025.05.25-21.24.47:441][149]LogSavePackage: Moving 'H:/homebound/project file/Saved/2DSideScrollerExampleMap_BuiltDa0606FCDF4855BE007B1908A86BE1C714.tmp' to 'H:/homebound/project file/Content/2DSideScrollerBP/Maps/2DSideScrollerExampleMap_BuiltData.uasset'
[2025.05.25-21.24.48:033][217]LogSlate: FSceneViewport::OnFocusLost() reason 0
[2025.05.25-21.24.48:188][232]LogUObjectHash: Compacting FUObjectHashTables data took   2.70ms
[2025.05.25-21.24.51:380][232]LogSlate: Window 'Save Content' being destroyed
[2025.05.25-21.24.51:399][232]Cmd: OBJ SAVEPACKAGE PACKAGE="/Game/2DSideScrollerBP/Blueprints/2DSideScrollerCharacter" FILE="H:/homebound/project file/Content/2DSideScrollerBP/Blueprints/2DSideScrollerCharacter.uasset" SILENT=true
[2025.05.25-21.24.51:537][232]LogSavePackage: Moving 'H:/homebound/project file/Saved/2DSideScrollerCharacterA88CC78743E66D5546F5089CF66F9472.tmp' to 'H:/homebound/project file/Content/2DSideScrollerBP/Blueprints/2DSideScrollerCharacter.uasset'
[2025.05.25-21.24.51:544][232]Cmd: OBJ SAVEPACKAGE PACKAGE="/Game/2DSideScrollerBP/character-sprites/0001" FILE="H:/homebound/project file/Content/2DSideScrollerBP/character-sprites/0001.uasset" SILENT=true
[2025.05.25-21.24.51:713][232]LogSavePackage: Moving 'H:/homebound/project file/Saved/0001541FC41F47159831ADFA22A483DF9783.tmp' to 'H:/homebound/project file/Content/2DSideScrollerBP/character-sprites/0001.uasset'
[2025.05.25-21.24.51:718][232]Cmd: OBJ SAVEPACKAGE PACKAGE="/Game/2DSideScrollerBP/character-sprites/0002" FILE="H:/homebound/project file/Content/2DSideScrollerBP/character-sprites/0002.uasset" SILENT=true
[2025.05.25-21.24.51:875][232]LogSavePackage: Moving 'H:/homebound/project file/Saved/0002BBFA122147097092789506B2E887D3FC.tmp' to 'H:/homebound/project file/Content/2DSideScrollerBP/character-sprites/0002.uasset'
[2025.05.25-21.24.51:880][232]Cmd: OBJ SAVEPACKAGE PACKAGE="/Game/2DSideScrollerBP/character-sprites/0003" FILE="H:/homebound/project file/Content/2DSideScrollerBP/character-sprites/0003.uasset" SILENT=true
[2025.05.25-21.24.52:060][232]LogSavePackage: Moving 'H:/homebound/project file/Saved/000386CCA3BA4A7AEF60680F95A1418FED6A.tmp' to 'H:/homebound/project file/Content/2DSideScrollerBP/character-sprites/0003.uasset'
[2025.05.25-21.24.52:066][232]Cmd: OBJ SAVEPACKAGE PACKAGE="/Game/2DSideScrollerBP/character-sprites/0004" FILE="H:/homebound/project file/Content/2DSideScrollerBP/character-sprites/0004.uasset" SILENT=true
[2025.05.25-21.24.52:248][232]LogSavePackage: Moving 'H:/homebound/project file/Saved/0004FE6FD9454D158331E9D7898BBCF23ED9.tmp' to 'H:/homebound/project file/Content/2DSideScrollerBP/character-sprites/0004.uasset'
[2025.05.25-21.24.52:253][232]Cmd: OBJ SAVEPACKAGE PACKAGE="/Game/2DSideScrollerBP/character-sprites/0005" FILE="H:/homebound/project file/Content/2DSideScrollerBP/character-sprites/0005.uasset" SILENT=true
[2025.05.25-21.24.52:455][232]LogSavePackage: Moving 'H:/homebound/project file/Saved/00052294A74C49CB91BE6FAF4EB016DD61BA.tmp' to 'H:/homebound/project file/Content/2DSideScrollerBP/character-sprites/0005.uasset'
[2025.05.25-21.24.52:461][232]Cmd: OBJ SAVEPACKAGE PACKAGE="/Game/2DSideScrollerBP/character-sprites/0006" FILE="H:/homebound/project file/Content/2DSideScrollerBP/character-sprites/0006.uasset" SILENT=true
[2025.05.25-21.24.52:692][232]LogSavePackage: Moving 'H:/homebound/project file/Saved/0006A0FB63354EB65218DF90C5ADA3CA6054.tmp' to 'H:/homebound/project file/Content/2DSideScrollerBP/character-sprites/0006.uasset'
[2025.05.25-21.24.52:698][232]Cmd: OBJ SAVEPACKAGE PACKAGE="/Game/2DSideScrollerBP/character-sprites/0007" FILE="H:/homebound/project file/Content/2DSideScrollerBP/character-sprites/0007.uasset" SILENT=true
[2025.05.25-21.24.52:926][232]LogSavePackage: Moving 'H:/homebound/project file/Saved/00079690F50847D292DB8DBE4E9A7B293A6F.tmp' to 'H:/homebound/project file/Content/2DSideScrollerBP/character-sprites/0007.uasset'
[2025.05.25-21.24.52:931][232]Cmd: OBJ SAVEPACKAGE PACKAGE="/Game/2DSideScrollerBP/character-sprites/0008" FILE="H:/homebound/project file/Content/2DSideScrollerBP/character-sprites/0008.uasset" SILENT=true
[2025.05.25-21.24.53:191][232]LogSavePackage: Moving 'H:/homebound/project file/Saved/0008A7FB727D4935176AC29726945BFAC9A6.tmp' to 'H:/homebound/project file/Content/2DSideScrollerBP/character-sprites/0008.uasset'
[2025.05.25-21.24.53:196][232]Cmd: OBJ SAVEPACKAGE PACKAGE="/Game/2DSideScrollerBP/character-sprites/0009" FILE="H:/homebound/project file/Content/2DSideScrollerBP/character-sprites/0009.uasset" SILENT=true
[2025.05.25-21.24.53:379][232]LogSavePackage: Moving 'H:/homebound/project file/Saved/000903A5EF444997ABACC821D4939D561186.tmp' to 'H:/homebound/project file/Content/2DSideScrollerBP/character-sprites/0009.uasset'
[2025.05.25-21.24.53:386][232]Cmd: OBJ SAVEPACKAGE PACKAGE="/Game/2DSideScrollerBP/character-sprites/0010" FILE="H:/homebound/project file/Content/2DSideScrollerBP/character-sprites/0010.uasset" SILENT=true
[2025.05.25-21.24.53:618][232]LogSavePackage: Moving 'H:/homebound/project file/Saved/0010249C2B984C2994F5BEB870AC51479AAF.tmp' to 'H:/homebound/project file/Content/2DSideScrollerBP/character-sprites/0010.uasset'
[2025.05.25-21.24.53:624][232]Cmd: OBJ SAVEPACKAGE PACKAGE="/Game/2DSideScrollerBP/character-sprites/0011" FILE="H:/homebound/project file/Content/2DSideScrollerBP/character-sprites/0011.uasset" SILENT=true
[2025.05.25-21.24.53:867][232]LogSavePackage: Moving 'H:/homebound/project file/Saved/00114AB17C214E647BAB0199A195821A71A9.tmp' to 'H:/homebound/project file/Content/2DSideScrollerBP/character-sprites/0011.uasset'
[2025.05.25-21.24.53:872][232]Cmd: OBJ SAVEPACKAGE PACKAGE="/Game/2DSideScrollerBP/character-sprites/0012" FILE="H:/homebound/project file/Content/2DSideScrollerBP/character-sprites/0012.uasset" SILENT=true
[2025.05.25-21.24.54:125][232]LogSavePackage: Moving 'H:/homebound/project file/Saved/001241A11C4F44EC5A1EDD5063A526BBDCCD.tmp' to 'H:/homebound/project file/Content/2DSideScrollerBP/character-sprites/0012.uasset'
[2025.05.25-21.24.54:131][232]Cmd: OBJ SAVEPACKAGE PACKAGE="/Game/2DSideScrollerBP/character-sprites/0013" FILE="H:/homebound/project file/Content/2DSideScrollerBP/character-sprites/0013.uasset" SILENT=true
[2025.05.25-21.24.54:358][232]LogSavePackage: Moving 'H:/homebound/project file/Saved/001353222C8C45358DE6025543B0FA6639EA.tmp' to 'H:/homebound/project file/Content/2DSideScrollerBP/character-sprites/0013.uasset'
[2025.05.25-21.24.54:363][232]Cmd: OBJ SAVEPACKAGE PACKAGE="/Game/2DSideScrollerBP/character-sprites/0014" FILE="H:/homebound/project file/Content/2DSideScrollerBP/character-sprites/0014.uasset" SILENT=true
[2025.05.25-21.24.54:964][232]LogSavePackage: Moving 'H:/homebound/project file/Saved/0014E557E32641ACA1A6F6DDF9BE7FCF9A55.tmp' to 'H:/homebound/project file/Content/2DSideScrollerBP/character-sprites/0014.uasset'
[2025.05.25-21.24.54:969][232]Cmd: OBJ SAVEPACKAGE PACKAGE="/Game/2DSideScrollerBP/character-sprites/0015" FILE="H:/homebound/project file/Content/2DSideScrollerBP/character-sprites/0015.uasset" SILENT=true
[2025.05.25-21.24.55:656][232]LogSavePackage: Moving 'H:/homebound/project file/Saved/001594D2F2EA4540E126AC5868B90789342C.tmp' to 'H:/homebound/project file/Content/2DSideScrollerBP/character-sprites/0015.uasset'
[2025.05.25-21.24.55:661][232]Cmd: OBJ SAVEPACKAGE PACKAGE="/Game/2DSideScrollerBP/character-sprites/0016" FILE="H:/homebound/project file/Content/2DSideScrollerBP/character-sprites/0016.uasset" SILENT=true
[2025.05.25-21.24.55:906][232]LogSavePackage: Moving 'H:/homebound/project file/Saved/001610B017874990CD071F5A5EA8F7362587.tmp' to 'H:/homebound/project file/Content/2DSideScrollerBP/character-sprites/0016.uasset'
[2025.05.25-21.24.55:911][232]Cmd: OBJ SAVEPACKAGE PACKAGE="/Game/2DSideScrollerBP/character-sprites/0017" FILE="H:/homebound/project file/Content/2DSideScrollerBP/character-sprites/0017.uasset" SILENT=true
[2025.05.25-21.24.56:109][232]LogSavePackage: Moving 'H:/homebound/project file/Saved/0017A6DB078847B7C68B25494792207240FB.tmp' to 'H:/homebound/project file/Content/2DSideScrollerBP/character-sprites/0017.uasset'
[2025.05.25-21.24.56:114][232]Cmd: OBJ SAVEPACKAGE PACKAGE="/Game/2DSideScrollerBP/character-sprites/0018" FILE="H:/homebound/project file/Content/2DSideScrollerBP/character-sprites/0018.uasset" SILENT=true
[2025.05.25-21.24.56:383][232]LogSavePackage: Moving 'H:/homebound/project file/Saved/00182D43A318483335A34285048C96142454.tmp' to 'H:/homebound/project file/Content/2DSideScrollerBP/character-sprites/0018.uasset'
[2025.05.25-21.24.56:388][232]Cmd: OBJ SAVEPACKAGE PACKAGE="/Game/2DSideScrollerBP/character-sprites/0019" FILE="H:/homebound/project file/Content/2DSideScrollerBP/character-sprites/0019.uasset" SILENT=true
[2025.05.25-21.24.56:755][232]LogSavePackage: Moving 'H:/homebound/project file/Saved/001907FB96E84075B38C2F429E9DBA5854BE.tmp' to 'H:/homebound/project file/Content/2DSideScrollerBP/character-sprites/0019.uasset'
[2025.05.25-21.24.56:761][232]Cmd: OBJ SAVEPACKAGE PACKAGE="/Game/2DSideScrollerBP/character-sprites/0020" FILE="H:/homebound/project file/Content/2DSideScrollerBP/character-sprites/0020.uasset" SILENT=true
[2025.05.25-21.24.56:933][232]LogSavePackage: Moving 'H:/homebound/project file/Saved/002089DE33C14DFD20B7A1799A91441B4130.tmp' to 'H:/homebound/project file/Content/2DSideScrollerBP/character-sprites/0020.uasset'
[2025.05.25-21.24.56:939][232]Cmd: OBJ SAVEPACKAGE PACKAGE="/Game/2DSideScrollerBP/character-sprites/0021" FILE="H:/homebound/project file/Content/2DSideScrollerBP/character-sprites/0021.uasset" SILENT=true
[2025.05.25-21.24.57:121][232]LogSavePackage: Moving 'H:/homebound/project file/Saved/00218616D542416E236457E52591E806E6C5.tmp' to 'H:/homebound/project file/Content/2DSideScrollerBP/character-sprites/0021.uasset'
[2025.05.25-21.24.57:126][232]Cmd: OBJ SAVEPACKAGE PACKAGE="/Game/2DSideScrollerBP/character-sprites/0022" FILE="H:/homebound/project file/Content/2DSideScrollerBP/character-sprites/0022.uasset" SILENT=true
[2025.05.25-21.24.57:301][232]LogSavePackage: Moving 'H:/homebound/project file/Saved/00228C522D174CAE404941860E8C1E074BEA.tmp' to 'H:/homebound/project file/Content/2DSideScrollerBP/character-sprites/0022.uasset'
[2025.05.25-21.24.57:308][232]Cmd: OBJ SAVEPACKAGE PACKAGE="/Game/2DSideScrollerBP/character-sprites/0023" FILE="H:/homebound/project file/Content/2DSideScrollerBP/character-sprites/0023.uasset" SILENT=true
[2025.05.25-21.24.57:543][232]LogSavePackage: Moving 'H:/homebound/project file/Saved/00235B84608B4FB7E47D111580B56DABD159.tmp' to 'H:/homebound/project file/Content/2DSideScrollerBP/character-sprites/0023.uasset'
[2025.05.25-21.24.57:548][232]Cmd: OBJ SAVEPACKAGE PACKAGE="/Game/2DSideScrollerBP/character-sprites/0024" FILE="H:/homebound/project file/Content/2DSideScrollerBP/character-sprites/0024.uasset" SILENT=true
[2025.05.25-21.24.57:788][232]LogSavePackage: Moving 'H:/homebound/project file/Saved/00246F9609BB4FB8061D30F03CBDC7B19AA5.tmp' to 'H:/homebound/project file/Content/2DSideScrollerBP/character-sprites/0024.uasset'
[2025.05.25-21.24.57:793][232]Cmd: OBJ SAVEPACKAGE PACKAGE="/Game/2DSideScrollerBP/character-sprites/0025" FILE="H:/homebound/project file/Content/2DSideScrollerBP/character-sprites/0025.uasset" SILENT=true
[2025.05.25-21.24.58:052][232]LogSavePackage: Moving 'H:/homebound/project file/Saved/002515A317EB4ACA3E3262545EA18793E368.tmp' to 'H:/homebound/project file/Content/2DSideScrollerBP/character-sprites/0025.uasset'
[2025.05.25-21.24.58:057][232]Cmd: OBJ SAVEPACKAGE PACKAGE="/Game/2DSideScrollerBP/character-sprites/0026" FILE="H:/homebound/project file/Content/2DSideScrollerBP/character-sprites/0026.uasset" SILENT=true
[2025.05.25-21.24.58:249][232]LogSavePackage: Moving 'H:/homebound/project file/Saved/0026F28610394988F89FD54B43A88A7CA831.tmp' to 'H:/homebound/project file/Content/2DSideScrollerBP/character-sprites/0026.uasset'
[2025.05.25-21.24.58:254][232]Cmd: OBJ SAVEPACKAGE PACKAGE="/Game/2DSideScrollerBP/character-sprites/0027" FILE="H:/homebound/project file/Content/2DSideScrollerBP/character-sprites/0027.uasset" SILENT=true
[2025.05.25-21.24.58:459][232]LogSavePackage: Moving 'H:/homebound/project file/Saved/00279505F0134E605B7BBAB1E392B3D079FF.tmp' to 'H:/homebound/project file/Content/2DSideScrollerBP/character-sprites/0027.uasset'
[2025.05.25-21.24.58:464][232]Cmd: OBJ SAVEPACKAGE PACKAGE="/Game/2DSideScrollerBP/character-sprites/0028" FILE="H:/homebound/project file/Content/2DSideScrollerBP/character-sprites/0028.uasset" SILENT=true
[2025.05.25-21.24.58:650][232]LogSavePackage: Moving 'H:/homebound/project file/Saved/0028131656004CF9175B4D273E9527F2E7ED.tmp' to 'H:/homebound/project file/Content/2DSideScrollerBP/character-sprites/0028.uasset'
[2025.05.25-21.24.58:655][232]Cmd: OBJ SAVEPACKAGE PACKAGE="/Game/2DSideScrollerBP/character-sprites/0029" FILE="H:/homebound/project file/Content/2DSideScrollerBP/character-sprites/0029.uasset" SILENT=true
[2025.05.25-21.24.58:813][232]LogSavePackage: Moving 'H:/homebound/project file/Saved/00299FB3F9E74D13C4BBC52679B9E9937ADD.tmp' to 'H:/homebound/project file/Content/2DSideScrollerBP/character-sprites/0029.uasset'
[2025.05.25-21.24.58:819][232]Cmd: OBJ SAVEPACKAGE PACKAGE="/Game/2DSideScrollerBP/character-sprites/0030" FILE="H:/homebound/project file/Content/2DSideScrollerBP/character-sprites/0030.uasset" SILENT=true
[2025.05.25-21.24.59:038][232]LogSavePackage: Moving 'H:/homebound/project file/Saved/00303DEDE82B4968D8FD2ACCE29CD47806FF.tmp' to 'H:/homebound/project file/Content/2DSideScrollerBP/character-sprites/0030.uasset'
[2025.05.25-21.24.59:045][232]Cmd: OBJ SAVEPACKAGE PACKAGE="/Game/2DSideScrollerBP/character-sprites/0031" FILE="H:/homebound/project file/Content/2DSideScrollerBP/character-sprites/0031.uasset" SILENT=true
[2025.05.25-21.24.59:262][232]LogSavePackage: Moving 'H:/homebound/project file/Saved/00315A65DDED4D6C6114D24D5DBA4C908661.tmp' to 'H:/homebound/project file/Content/2DSideScrollerBP/character-sprites/0031.uasset'
[2025.05.25-21.24.59:268][232]Cmd: OBJ SAVEPACKAGE PACKAGE="/Game/2DSideScrollerBP/character-sprites/0032" FILE="H:/homebound/project file/Content/2DSideScrollerBP/character-sprites/0032.uasset" SILENT=true
[2025.05.25-21.24.59:468][232]LogSavePackage: Moving 'H:/homebound/project file/Saved/0032838A331A43960D6031A6868E1A241E7A.tmp' to 'H:/homebound/project file/Content/2DSideScrollerBP/character-sprites/0032.uasset'
[2025.05.25-21.24.59:492][232]Cmd: OBJ SAVEPACKAGE PACKAGE="/Game/2DSideScrollerBP/character-sprites/0033" FILE="H:/homebound/project file/Content/2DSideScrollerBP/character-sprites/0033.uasset" SILENT=true
[2025.05.25-21.24.59:816][232]LogSavePackage: Moving 'H:/homebound/project file/Saved/003321477E2A43C46D4DF4B46B83C7785A34.tmp' to 'H:/homebound/project file/Content/2DSideScrollerBP/character-sprites/0033.uasset'
[2025.05.25-21.24.59:820][232]Cmd: OBJ SAVEPACKAGE PACKAGE="/Game/2DSideScrollerBP/character-sprites/0034" FILE="H:/homebound/project file/Content/2DSideScrollerBP/character-sprites/0034.uasset" SILENT=true
[2025.05.25-21.25.00:061][232]LogSavePackage: Moving 'H:/homebound/project file/Saved/003480324B314B063896A46FAC8E39F02F7F.tmp' to 'H:/homebound/project file/Content/2DSideScrollerBP/character-sprites/0034.uasset'
[2025.05.25-21.25.00:066][232]Cmd: OBJ SAVEPACKAGE PACKAGE="/Game/2DSideScrollerBP/character-sprites/0035" FILE="H:/homebound/project file/Content/2DSideScrollerBP/character-sprites/0035.uasset" SILENT=true
[2025.05.25-21.25.00:311][232]LogSavePackage: Moving 'H:/homebound/project file/Saved/00353D67D1D345870F0730B0899A1DDDD985.tmp' to 'H:/homebound/project file/Content/2DSideScrollerBP/character-sprites/0035.uasset'
[2025.05.25-21.25.00:316][232]Cmd: OBJ SAVEPACKAGE PACKAGE="/Game/2DSideScrollerBP/character-sprites/0036" FILE="H:/homebound/project file/Content/2DSideScrollerBP/character-sprites/0036.uasset" SILENT=true
[2025.05.25-21.25.00:572][232]LogSavePackage: Moving 'H:/homebound/project file/Saved/0036733832E046E10858D718C0A042B14FAC.tmp' to 'H:/homebound/project file/Content/2DSideScrollerBP/character-sprites/0036.uasset'
[2025.05.25-21.25.00:577][232]Cmd: OBJ SAVEPACKAGE PACKAGE="/Game/2DSideScrollerBP/character-sprites/0037" FILE="H:/homebound/project file/Content/2DSideScrollerBP/character-sprites/0037.uasset" SILENT=true
[2025.05.25-21.25.00:751][232]LogSavePackage: Moving 'H:/homebound/project file/Saved/0037604349BC457030C0F7042EAA38F5D2FF.tmp' to 'H:/homebound/project file/Content/2DSideScrollerBP/character-sprites/0037.uasset'
[2025.05.25-21.25.00:755][232]Cmd: OBJ SAVEPACKAGE PACKAGE="/Game/2DSideScrollerBP/character-sprites/0038" FILE="H:/homebound/project file/Content/2DSideScrollerBP/character-sprites/0038.uasset" SILENT=true
[2025.05.25-21.25.00:989][232]LogSavePackage: Moving 'H:/homebound/project file/Saved/0038539015A040C5F86D9A822EB70990C9B5.tmp' to 'H:/homebound/project file/Content/2DSideScrollerBP/character-sprites/0038.uasset'
[2025.05.25-21.25.00:994][232]Cmd: OBJ SAVEPACKAGE PACKAGE="/Game/2DSideScrollerBP/character-sprites/0039" FILE="H:/homebound/project file/Content/2DSideScrollerBP/character-sprites/0039.uasset" SILENT=true
[2025.05.25-21.25.01:216][232]LogSavePackage: Moving 'H:/homebound/project file/Saved/003911BAEB19468197C3604718A72A5E6118.tmp' to 'H:/homebound/project file/Content/2DSideScrollerBP/character-sprites/0039.uasset'
[2025.05.25-21.25.01:221][232]Cmd: OBJ SAVEPACKAGE PACKAGE="/Game/2DSideScrollerBP/character-sprites/0040" FILE="H:/homebound/project file/Content/2DSideScrollerBP/character-sprites/0040.uasset" SILENT=true
[2025.05.25-21.25.01:452][232]LogSavePackage: Moving 'H:/homebound/project file/Saved/00400425A54744DDE971608BBCA7C144B2AD.tmp' to 'H:/homebound/project file/Content/2DSideScrollerBP/character-sprites/0040.uasset'
[2025.05.25-21.25.01:457][232]Cmd: OBJ SAVEPACKAGE PACKAGE="/Game/2DSideScrollerBP/character-sprites/0041" FILE="H:/homebound/project file/Content/2DSideScrollerBP/character-sprites/0041.uasset" SILENT=true
[2025.05.25-21.25.01:690][232]LogSavePackage: Moving 'H:/homebound/project file/Saved/00411335A3A2441E245FF7F6FAA80C4DC3FB.tmp' to 'H:/homebound/project file/Content/2DSideScrollerBP/character-sprites/0041.uasset'
[2025.05.25-21.25.01:696][232]Cmd: OBJ SAVEPACKAGE PACKAGE="/Game/2DSideScrollerBP/character-sprites/0042" FILE="H:/homebound/project file/Content/2DSideScrollerBP/character-sprites/0042.uasset" SILENT=true
[2025.05.25-21.25.01:914][232]LogSavePackage: Moving 'H:/homebound/project file/Saved/004243E362D74A15C9CF94DA40ACEAE25A0B.tmp' to 'H:/homebound/project file/Content/2DSideScrollerBP/character-sprites/0042.uasset'
[2025.05.25-21.25.01:921][232]Cmd: OBJ SAVEPACKAGE PACKAGE="/Game/2DSideScrollerBP/character-sprites/0043" FILE="H:/homebound/project file/Content/2DSideScrollerBP/character-sprites/0043.uasset" SILENT=true
[2025.05.25-21.25.02:129][232]LogSavePackage: Moving 'H:/homebound/project file/Saved/00439C364ACB4F22826E0FD550AB649CA5AF.tmp' to 'H:/homebound/project file/Content/2DSideScrollerBP/character-sprites/0043.uasset'
[2025.05.25-21.25.02:133][232]Cmd: OBJ SAVEPACKAGE PACKAGE="/Game/2DSideScrollerBP/character-sprites/0044" FILE="H:/homebound/project file/Content/2DSideScrollerBP/character-sprites/0044.uasset" SILENT=true
[2025.05.25-21.25.02:316][232]LogSavePackage: Moving 'H:/homebound/project file/Saved/0044683A62C24BADF30FA680938005D94301.tmp' to 'H:/homebound/project file/Content/2DSideScrollerBP/character-sprites/0044.uasset'
[2025.05.25-21.25.02:506][232]Cmd: OBJ SAVEPACKAGE PACKAGE="/Game/2DSideScrollerBP/character-sprites/0045" FILE="H:/homebound/project file/Content/2DSideScrollerBP/character-sprites/0045.uasset" SILENT=true
[2025.05.25-21.25.02:658][232]LogSavePackage: Moving 'H:/homebound/project file/Saved/00455CB12D9F447DE08979E0CE9046BD4C6C.tmp' to 'H:/homebound/project file/Content/2DSideScrollerBP/character-sprites/0045.uasset'
[2025.05.25-21.25.02:664][232]Cmd: OBJ SAVEPACKAGE PACKAGE="/Game/2DSideScrollerBP/character-sprites/0046" FILE="H:/homebound/project file/Content/2DSideScrollerBP/character-sprites/0046.uasset" SILENT=true
[2025.05.25-21.25.02:927][232]LogSavePackage: Moving 'H:/homebound/project file/Saved/0046AC9F31534DD44B416CB3B6A467FB6AAB.tmp' to 'H:/homebound/project file/Content/2DSideScrollerBP/character-sprites/0046.uasset'
[2025.05.25-21.25.02:932][232]Cmd: OBJ SAVEPACKAGE PACKAGE="/Game/2DSideScrollerBP/character-sprites/0047" FILE="H:/homebound/project file/Content/2DSideScrollerBP/character-sprites/0047.uasset" SILENT=true
[2025.05.25-21.25.03:169][232]LogSavePackage: Moving 'H:/homebound/project file/Saved/004766DC56D54E9EB7743E9521A3942FDCCB.tmp' to 'H:/homebound/project file/Content/2DSideScrollerBP/character-sprites/0047.uasset'
[2025.05.25-21.25.03:175][232]Cmd: OBJ SAVEPACKAGE PACKAGE="/Game/2DSideScrollerBP/character-sprites/0048" FILE="H:/homebound/project file/Content/2DSideScrollerBP/character-sprites/0048.uasset" SILENT=true
[2025.05.25-21.25.03:380][232]LogSavePackage: Moving 'H:/homebound/project file/Saved/00480A73A5C548DAE92973C7A48514388425.tmp' to 'H:/homebound/project file/Content/2DSideScrollerBP/character-sprites/0048.uasset'
[2025.05.25-21.25.03:385][232]Cmd: OBJ SAVEPACKAGE PACKAGE="/Game/2DSideScrollerBP/character-sprites/0049" FILE="H:/homebound/project file/Content/2DSideScrollerBP/character-sprites/0049.uasset" SILENT=true
[2025.05.25-21.25.03:675][232]LogSavePackage: Moving 'H:/homebound/project file/Saved/00498D345C1A42779637D2645D85FF96735A.tmp' to 'H:/homebound/project file/Content/2DSideScrollerBP/character-sprites/0049.uasset'
[2025.05.25-21.25.03:681][232]Cmd: OBJ SAVEPACKAGE PACKAGE="/Game/2DSideScrollerBP/character-sprites/0050" FILE="H:/homebound/project file/Content/2DSideScrollerBP/character-sprites/0050.uasset" SILENT=true
[2025.05.25-21.25.03:902][232]LogSavePackage: Moving 'H:/homebound/project file/Saved/00503CE61EA247773FDE700724B77AC20B41.tmp' to 'H:/homebound/project file/Content/2DSideScrollerBP/character-sprites/0050.uasset'
[2025.05.25-21.25.03:907][232]Cmd: OBJ SAVEPACKAGE PACKAGE="/Game/2DSideScrollerBP/character-sprites/0051" FILE="H:/homebound/project file/Content/2DSideScrollerBP/character-sprites/0051.uasset" SILENT=true
[2025.05.25-21.25.04:099][232]LogSavePackage: Moving 'H:/homebound/project file/Saved/0051D24C40834FE33AE1E4BE6B8C8F87F61E.tmp' to 'H:/homebound/project file/Content/2DSideScrollerBP/character-sprites/0051.uasset'
[2025.05.25-21.25.04:106][232]Cmd: OBJ SAVEPACKAGE PACKAGE="/Game/2DSideScrollerBP/character-sprites/0052" FILE="H:/homebound/project file/Content/2DSideScrollerBP/character-sprites/0052.uasset" SILENT=true
[2025.05.25-21.25.04:314][232]LogSavePackage: Moving 'H:/homebound/project file/Saved/0052CE812E89450FF64885853FACA0AB10D8.tmp' to 'H:/homebound/project file/Content/2DSideScrollerBP/character-sprites/0052.uasset'
[2025.05.25-21.25.04:319][232]Cmd: OBJ SAVEPACKAGE PACKAGE="/Game/2DSideScrollerBP/character-sprites/0053" FILE="H:/homebound/project file/Content/2DSideScrollerBP/character-sprites/0053.uasset" SILENT=true
[2025.05.25-21.25.04:569][232]LogSavePackage: Moving 'H:/homebound/project file/Saved/0053451466DD4EB0478FDC3F4FBF9A97AF33.tmp' to 'H:/homebound/project file/Content/2DSideScrollerBP/character-sprites/0053.uasset'
[2025.05.25-21.25.04:573][232]Cmd: OBJ SAVEPACKAGE PACKAGE="/Game/2DSideScrollerBP/character-sprites/0054" FILE="H:/homebound/project file/Content/2DSideScrollerBP/character-sprites/0054.uasset" SILENT=true
[2025.05.25-21.25.05:103][232]LogSavePackage: Moving 'H:/homebound/project file/Saved/0054F970F7E144642F78D608459181FA893A.tmp' to 'H:/homebound/project file/Content/2DSideScrollerBP/character-sprites/0054.uasset'
[2025.05.25-21.25.05:109][232]Cmd: OBJ SAVEPACKAGE PACKAGE="/Game/2DSideScrollerBP/character-sprites/0055" FILE="H:/homebound/project file/Content/2DSideScrollerBP/character-sprites/0055.uasset" SILENT=true
[2025.05.25-21.25.05:903][232]LogSavePackage: Moving 'H:/homebound/project file/Saved/0055796F4F4C446ABD21D7A9C0ADB354A563.tmp' to 'H:/homebound/project file/Content/2DSideScrollerBP/character-sprites/0055.uasset'
[2025.05.25-21.25.05:907][232]Cmd: OBJ SAVEPACKAGE PACKAGE="/Game/2DSideScrollerBP/character-sprites/0056" FILE="H:/homebound/project file/Content/2DSideScrollerBP/character-sprites/0056.uasset" SILENT=true
[2025.05.25-21.25.06:138][232]LogSavePackage: Moving 'H:/homebound/project file/Saved/0056F30E824746D0BFFD5299999B7D9CD6AA.tmp' to 'H:/homebound/project file/Content/2DSideScrollerBP/character-sprites/0056.uasset'
[2025.05.25-21.25.06:141][232]Cmd: OBJ SAVEPACKAGE PACKAGE="/Game/2DSideScrollerBP/character-sprites/0057" FILE="H:/homebound/project file/Content/2DSideScrollerBP/character-sprites/0057.uasset" SILENT=true
[2025.05.25-21.25.06:344][232]LogSavePackage: Moving 'H:/homebound/project file/Saved/0057EDBCEE704454F7994FA32D80F7E17B1D.tmp' to 'H:/homebound/project file/Content/2DSideScrollerBP/character-sprites/0057.uasset'
[2025.05.25-21.25.06:350][232]Cmd: OBJ SAVEPACKAGE PACKAGE="/Game/2DSideScrollerBP/character-sprites/0058" FILE="H:/homebound/project file/Content/2DSideScrollerBP/character-sprites/0058.uasset" SILENT=true
[2025.05.25-21.25.06:598][232]LogSavePackage: Moving 'H:/homebound/project file/Saved/00588F93A1024CE3F3C73A534FA90A0D7B4A.tmp' to 'H:/homebound/project file/Content/2DSideScrollerBP/character-sprites/0058.uasset'
[2025.05.25-21.25.06:603][232]Cmd: OBJ SAVEPACKAGE PACKAGE="/Game/2DSideScrollerBP/character-sprites/0059" FILE="H:/homebound/project file/Content/2DSideScrollerBP/character-sprites/0059.uasset" SILENT=true
[2025.05.25-21.25.06:815][232]LogSavePackage: Moving 'H:/homebound/project file/Saved/005977C3DCD641F0C32897C327B4F1BB9E18.tmp' to 'H:/homebound/project file/Content/2DSideScrollerBP/character-sprites/0059.uasset'
[2025.05.25-21.25.06:837][232]Cmd: OBJ SAVEPACKAGE PACKAGE="/Game/2DSideScrollerBP/character-sprites/0060" FILE="H:/homebound/project file/Content/2DSideScrollerBP/character-sprites/0060.uasset" SILENT=true
[2025.05.25-21.25.07:196][232]LogSavePackage: Moving 'H:/homebound/project file/Saved/006012A925F744D293EDC9FB9EB7D11E2937.tmp' to 'H:/homebound/project file/Content/2DSideScrollerBP/character-sprites/0060.uasset'
[2025.05.25-21.25.07:252][232]LogSavePackage: Moving 'H:/homebound/project file/Saved/character-idle-animation1AB8A35A44FB011C680FE38201920848.tmp' to 'H:/homebound/project file/Content/2DSideScrollerBP/character-sprites/character-sprite/character-idle-animation.uasset'
[2025.05.25-21.25.07:367][232]LogSavePackage: Moving 'H:/homebound/project file/Saved/character-walking-animationA251F33B44DFFF72B26991A1B9A425D0.tmp' to 'H:/homebound/project file/Content/2DSideScrollerBP/character-sprites/character-sprite/character-walking-animation.uasset'
[2025.05.25-21.25.23:704][440]LogSlate: Window 'Message' being destroyed
[2025.05.25-21.25.24:020][440]LogMaterial: Display: Missing cached shader map for material sound-boom, compiling. 
[2025.05.25-21.25.24:059][440]LogShaderCompilers: Display: Worker (1/13): shaders left to compile 21
[2025.05.25-21.25.24:059][440]LogShaderCompilers: Display: Worker (2/13): shaders left to compile 20
[2025.05.25-21.25.24:059][440]LogShaderCompilers: Display: Worker (3/13): shaders left to compile 19
[2025.05.25-21.25.24:059][440]LogShaderCompilers: Display: Worker (4/13): shaders left to compile 18
[2025.05.25-21.25.24:059][440]LogShaderCompilers: Display: Worker (5/13): shaders left to compile 17
[2025.05.25-21.25.24:059][440]LogShaderCompilers: Display: Worker (6/13): shaders left to compile 16
[2025.05.25-21.25.24:059][440]LogShaderCompilers: Display: Worker (7/13): shaders left to compile 15
[2025.05.25-21.25.24:059][440]LogShaderCompilers: Display: Worker (8/13): shaders left to compile 14
[2025.05.25-21.25.24:059][440]LogShaderCompilers: Display: Worker (9/13): shaders left to compile 13
[2025.05.25-21.25.24:059][440]LogShaderCompilers: Display: Worker (10/13): shaders left to compile 12
[2025.05.25-21.25.24:059][440]LogShaderCompilers: Display: Worker (11/13): shaders left to compile 11
[2025.05.25-21.25.24:059][440]LogShaderCompilers: Display: Worker (12/13): shaders left to compile 10
[2025.05.25-21.25.24:064][440]LogMaterial: Display: Missing cached shader map for material sound-boom, compiling. 
[2025.05.25-21.25.24:075][440]LogMaterial: Display: Missing cached shader map for material sound-boom, compiling. 
[2025.05.25-21.25.24:124][440]LogUObjectHash: Compacting FUObjectHashTables data took   1.27ms
[2025.05.25-21.25.24:134][440]LogMaterial: Display: Missing cached shader map for material DebugViewMode MaterialTexCoordScale, compiling. 
[2025.05.25-21.25.24:931][440]LogShaderCompilers: Display: Worker (8/13): shaders left to compile 33
[2025.05.25-21.25.24:931][440]LogShaderCompilers: Display: Worker (1/13): shaders left to compile 32
[2025.05.25-21.25.24:931][440]LogShaderCompilers: Display: Worker (3/13): shaders left to compile 31
[2025.05.25-21.25.24:931][440]LogShaderCompilers: Display: Worker (2/13): shaders left to compile 30
[2025.05.25-21.25.24:931][440]LogShaderCompilers: Display: Worker (9/13): shaders left to compile 29
[2025.05.25-21.25.24:931][440]LogShaderCompilers: Display: Worker (4/13): shaders left to compile 28
[2025.05.25-21.25.24:931][440]LogShaderCompilers: Display: Worker (5/13): shaders left to compile 27
[2025.05.25-21.25.24:932][440]LogShaderCompilers: Display: Worker (6/13): shaders left to compile 26
[2025.05.25-21.25.24:932][440]LogShaderCompilers: Display: Worker (7/13): shaders left to compile 25
[2025.05.25-21.25.24:932][440]LogShaderCompilers: Display: Worker (12/13): shaders left to compile 24
[2025.05.25-21.25.24:932][440]LogShaderCompilers: Display: Worker (10/13): shaders left to compile 23
[2025.05.25-21.25.24:932][440]LogShaderCompilers: Display: Worker (12/13): shaders left to compile 22
[2025.05.25-21.25.24:932][440]LogShaderCompilers: Display: Worker (11/13): shaders left to compile 20
[2025.05.25-21.25.24:932][440]LogShaderCompilers: Display: Worker (3/13): shaders left to compile 18
[2025.05.25-21.25.24:932][440]LogShaderCompilers: Display: Worker (4/13): shaders left to compile 16
[2025.05.25-21.25.24:932][440]LogShaderCompilers: Display: Worker (8/13): shaders left to compile 14
[2025.05.25-21.25.24:932][440]LogShaderCompilers: Display: Worker (7/13): shaders left to compile 12
[2025.05.25-21.25.24:932][440]LogShaderCompilers: Display: Worker (10/13): shaders left to compile 10
[2025.05.25-21.25.24:932][440]LogShaderCompilers: Display: Worker (5/13): shaders left to compile 9
[2025.05.25-21.25.24:934][440]TextureStreamingBuild: Display: Compiling optional shaders took 0.810 seconds.
[2025.05.25-21.25.24:974][440]LogShaderCompilers: Display: Worker (6/13): shaders left to compile 8
[2025.05.25-21.25.24:974][440]LogShaderCompilers: Display: Worker (1/13): shaders left to compile 7
[2025.05.25-21.25.24:974][440]LogUObjectHash: Compacting FUObjectHashTables data took   1.46ms
[2025.05.25-21.25.24:977][440]LogShaderCompilers: Display: Worker (2/13): shaders left to compile 6
[2025.05.25-21.25.25:021][440]LogShaderCompilers: Display: Worker (9/13): shaders left to compile 5
[2025.05.25-21.25.25:022][440]LogUObjectHash: Compacting FUObjectHashTables data took   1.71ms
[2025.05.25-21.25.25:178][440]LogShaderCompilers: Display: Worker (4/13): shaders left to compile 4
[2025.05.25-21.25.25:178][440]LogShaderCompilers: Display: Worker (12/13): shaders left to compile 3
[2025.05.25-21.25.25:230][440]LogShaderCompilers: Display: Worker (11/13): shaders left to compile 2
[2025.05.25-21.25.25:264][440]LogShaderCompilers: Display: Worker (3/13): shaders left to compile 1
[2025.05.25-21.25.26:263][440]LogSlate: Window 'Save Content' being destroyed
[2025.05.25-21.25.26:294][440]Cmd: OBJ SAVEPACKAGE PACKAGE="/Game/2DSideScrollerBP/projectiles-2-sound/sound-boom" FILE="H:/homebound/project file/Content/2DSideScrollerBP/projectiles-2-sound/sound-boom.uasset" SILENT=true
[2025.05.25-21.25.26:358][440]LogSavePackage: Moving 'H:/homebound/project file/Saved/sound-boom1F3FB10640E16E2A5364379309AA086C.tmp' to 'H:/homebound/project file/Content/2DSideScrollerBP/projectiles-2-sound/sound-boom.uasset'
[2025.05.25-21.25.26:427][440]LogWorld: UWorld::CleanupWorld for World_4, bSessionEnded=true, bCleanupResources=true
[2025.05.25-21.25.26:568][440]LogWorld: UWorld::CleanupWorld for World_6, bSessionEnded=true, bCleanupResources=true
[2025.05.25-21.25.26:578][440]LogActorComponent: UnregisterComponent: (/Engine/Transient.EditorFloorComp) Not registered. Aborting.
[2025.05.25-21.25.26:578][440]LogWorld: UWorld::CleanupWorld for World_7, bSessionEnded=true, bCleanupResources=true
[2025.05.25-21.25.26:610][440]LogSlate: Window 'character-walking-animation' being destroyed
[2025.05.25-21.25.26:615][440]LogWorld: UWorld::CleanupWorld for World_8, bSessionEnded=true, bCleanupResources=true
[2025.05.25-21.25.26:624][440]LogSlate: Window 'Message Log' being destroyed
[2025.05.25-21.25.26:626][440]LogSlate: Window 'Find in Blueprints' being destroyed
[2025.05.25-21.25.26:628][440]LogSlate: Window 'Project Settings' being destroyed
[2025.05.25-21.25.26:630][440]LogDirectoryWatcher: A directory notification for '../../../Engine/Plugins/' was aborted.
[2025.05.25-21.25.26:647][440]LogSlate: Window 'Homebound - Unreal Editor' being destroyed
[2025.05.25-21.25.26:647][440]LogWindowsTextInputMethodSystem: Display: IME system now deactivated.
[2025.05.25-21.25.26:868][441]Cmd: QUIT_EDITOR
[2025.05.25-21.25.26:925][441]LogExit: Preparing to exit.
[2025.05.25-21.25.27:628][441]LogWorld: UWorld::CleanupWorld for World_1, bSessionEnded=true, bCleanupResources=true
[2025.05.25-21.25.27:632][441]LogWorld: UWorld::CleanupWorld for World_2, bSessionEnded=true, bCleanupResources=true
[2025.05.25-21.25.27:635][441]LogWorld: UWorld::CleanupWorld for World_3, bSessionEnded=true, bCleanupResources=true
[2025.05.25-21.25.27:638][441]LogWorld: UWorld::CleanupWorld for World_0, bSessionEnded=true, bCleanupResources=true
[2025.05.25-21.25.27:641][441]LogWorld: UWorld::CleanupWorld for World_5, bSessionEnded=true, bCleanupResources=true
[2025.05.25-21.25.27:701][441]LogWorld: UWorld::CleanupWorld for None, bSessionEnded=true, bCleanupResources=true
[2025.05.25-21.25.27:701][441]LogExit: Editor shut down
[2025.05.25-21.25.27:702][441]LogExit: Transaction tracking system shut down
[2025.05.25-21.25.27:703][441]LogDemo: Cleaned up 0 splitscreen connections with owner deletion
[2025.05.25-21.25.28:231][441]LogExit: Object subsystem successfully closed.
[2025.05.25-21.25.28:244][441]LogShaderCompilers: Display: Shaders left to compile 0
[2025.05.25-21.25.28:274][441]LogModuleManager: Shutting down and abandoning module HierarchicalLODUtilities (678)
[2025.05.25-21.25.28:275][441]LogModuleManager: Shutting down and abandoning module MovieSceneCapture (676)
[2025.05.25-21.25.28:275][441]LogModuleManager: Shutting down and abandoning module Voice (674)
[2025.05.25-21.25.28:275][441]LogModuleManager: Shutting down and abandoning module BlueprintGraph (672)
[2025.05.25-21.25.28:275][441]LogModuleManager: Shutting down and abandoning module HierarchicalLODOutliner (670)
[2025.05.25-21.25.28:275][441]LogModuleManager: Shutting down and abandoning module ExternalImagePicker (668)
[2025.05.25-21.25.28:275][441]LogModuleManager: Shutting down and abandoning module SceneOutliner (666)
[2025.05.25-21.25.28:275][441]LogModuleManager: Shutting down and abandoning module AddContentDialog (664)
[2025.05.25-21.25.28:290][441]LogModuleManager: Shutting down and abandoning module WidgetCarousel (663)
[2025.05.25-21.25.28:290][441]LogModuleManager: Shutting down and abandoning module EditorWidgets (660)
[2025.05.25-21.25.28:290][441]LogModuleManager: Shutting down and abandoning module CollectionManager (658)
[2025.05.25-21.25.28:290][441]LogModuleManager: Shutting down and abandoning module StatsViewer (656)
[2025.05.25-21.25.28:290][441]LogModuleManager: Shutting down and abandoning module VirtualTexturingEditor (654)
[2025.05.25-21.25.28:290][441]LogModuleManager: Shutting down and abandoning module FoliageEdit (652)
[2025.05.25-21.25.28:290][441]LogModuleManager: Shutting down and abandoning module LandscapeEditor (650)
[2025.05.25-21.25.28:290][441]LogModuleManager: Shutting down and abandoning module MeshPaintMode (648)
[2025.05.25-21.25.28:290][441]LogModuleManager: Shutting down and abandoning module SceneDepthPickerMode (646)
[2025.05.25-21.25.28:290][441]LogModuleManager: Shutting down and abandoning module ActorPickerMode (644)
[2025.05.25-21.25.28:290][441]LogModuleManager: Shutting down and abandoning module GeometryMode (642)
[2025.05.25-21.25.28:290][441]LogModuleManager: Shutting down and abandoning module TextureAlignMode (640)
[2025.05.25-21.25.28:290][441]LogModuleManager: Shutting down and abandoning module BspMode (638)
[2025.05.25-21.25.28:290][441]LogModuleManager: Shutting down and abandoning module PIEPreviewDeviceProfileSelector (636)
[2025.05.25-21.25.28:290][441]LogModuleManager: Shutting down and abandoning module SequenceRecorderSections (634)
[2025.05.25-21.25.28:290][441]LogModuleManager: Shutting down and abandoning module AutomationWorker (632)
[2025.05.25-21.25.28:290][441]LogModuleManager: Shutting down and abandoning module OculusMR (630)
[2025.05.25-21.25.28:290][441]LogModuleManager: Shutting down and abandoning module AudioCaptureEditor (628)
[2025.05.25-21.25.28:291][441]LogModuleManager: Shutting down and abandoning module MatineeToLevelSequence (626)
[2025.05.25-21.25.28:291][441]LogModuleManager: Shutting down and abandoning module LevelSequenceEditor (624)
[2025.05.25-21.25.28:291][441]LogModuleManager: Shutting down and abandoning module PlacementMode (623)
[2025.05.25-21.25.28:291][441]LogModuleManager: Shutting down and abandoning module MaterialEditor (622)
[2025.05.25-21.25.28:291][441]LogModuleManager: Shutting down and abandoning module ActorSequenceEditor (618)
[2025.05.25-21.25.28:291][441]LogModuleManager: Shutting down and abandoning module WmfMediaFactory (616)
[2025.05.25-21.25.28:291][441]LogModuleManager: Shutting down and abandoning module WmfMediaEditor (614)
[2025.05.25-21.25.28:291][441]LogModuleManager: Shutting down and abandoning module WebMMediaFactory (612)
[2025.05.25-21.25.28:291][441]LogModuleManager: Shutting down and abandoning module WebMMediaEditor (610)
[2025.05.25-21.25.28:291][441]LogModuleManager: Shutting down and abandoning module WebMMedia (608)
[2025.05.25-21.25.28:291][441]LogModuleManager: Shutting down and abandoning module MediaPlayerEditor (606)
[2025.05.25-21.25.28:291][441]LogModuleManager: Shutting down and abandoning module MediaCompositingEditor (604)
[2025.05.25-21.25.28:291][441]LogModuleManager: Shutting down and abandoning module SequenceRecorder (603)
[2025.05.25-21.25.28:291][441]LogModuleManager: Shutting down and abandoning module OpenExrWrapper (600)
[2025.05.25-21.25.28:291][441]LogModuleManager: Shutting down and abandoning module ImgMediaFactory (598)
[2025.05.25-21.25.28:291][441]LogModuleManager: Shutting down and abandoning module ImgMediaEditor (596)
[2025.05.25-21.25.28:291][441]LogModuleManager: Shutting down and abandoning module AvfMediaFactory (594)
[2025.05.25-21.25.28:291][441]LogModuleManager: Shutting down and abandoning module AvfMediaEditor (592)
[2025.05.25-21.25.28:291][441]LogModuleManager: Shutting down and abandoning module AndroidMediaFactory (590)
[2025.05.25-21.25.28:291][441]LogModuleManager: Shutting down and abandoning module AndroidMediaEditor (588)
[2025.05.25-21.25.28:291][441]LogModuleManager: Shutting down and abandoning module MagicLeapCameraPreviewFactory (586)
[2025.05.25-21.25.28:291][441]LogModuleManager: Shutting down and abandoning module MagicLeapMediaCodecFactory (584)
[2025.05.25-21.25.28:291][441]LogModuleManager: Shutting down and abandoning module MagicLeapMediaFactory (582)
[2025.05.25-21.25.28:291][441]LogModuleManager: Shutting down and abandoning module MagicLeapMediaEditor (580)
[2025.05.25-21.25.28:291][441]LogModuleManager: Shutting down and abandoning module CharacterAI (578)
[2025.05.25-21.25.28:291][441]LogModuleManager: Shutting down and abandoning module SmartSnapping (576)
[2025.05.25-21.25.28:291][441]LogModuleManager: Shutting down and abandoning module SessionServices (574)
[2025.05.25-21.25.28:291][441]LogModuleManager: Shutting down and abandoning module MeshPaint (572)
[2025.05.25-21.25.28:291][441]LogModuleManager: Shutting down and abandoning module ViewportSnapping (570)
[2025.05.25-21.25.28:291][441]LogModuleManager: Shutting down and abandoning module ViewportInteraction (568)
[2025.05.25-21.25.28:291][441]LogModuleManager: Shutting down and abandoning module ClothPainter (566)
[2025.05.25-21.25.28:291][441]LogModuleManager: Shutting down and abandoning module SkeletalMeshEditor (565)
[2025.05.25-21.25.28:291][441]LogModuleManager: Shutting down and abandoning module LogVisualizer (562)
[2025.05.25-21.25.28:291][441]LogModuleManager: Shutting down and abandoning module IntroTutorials (560)
[2025.05.25-21.25.28:291][441]LogModuleManager: Shutting down and abandoning module GameProjectGeneration (559)
[2025.05.25-21.25.28:291][441]LogModuleManager: Shutting down and abandoning module LuminPlatformEditor (556)
[2025.05.25-21.25.28:291][441]LogModuleManager: Shutting down and abandoning module IOSPlatformEditor (554)
[2025.05.25-21.25.28:291][441]LogModuleManager: Shutting down and abandoning module HTML5PlatformEditor (552)
[2025.05.25-21.25.28:291][441]LogModuleManager: Shutting down and abandoning module AndroidPlatformEditor (550)
[2025.05.25-21.25.28:291][441]LogModuleManager: Shutting down and abandoning module AndroidDeviceDetection (549)
[2025.05.25-21.25.28:844][441]LogModuleManager: Shutting down and abandoning module WindowsPlatformEditor (546)
[2025.05.25-21.25.28:844][441]LogModuleManager: Shutting down and abandoning module LuminRuntimeSettings (544)
[2025.05.25-21.25.28:844][441]LogModuleManager: Shutting down and abandoning module IOSRuntimeSettings (542)
[2025.05.25-21.25.28:844][441]LogModuleManager: Shutting down and abandoning module AndroidRuntimeSettings (540)
[2025.05.25-21.25.28:844][441]LogModuleManager: Shutting down and abandoning module TimeManagementEditor (538)
[2025.05.25-21.25.28:844][441]LogModuleManager: Shutting down and abandoning module InputBindingEditor (536)
[2025.05.25-21.25.28:844][441]LogModuleManager: Shutting down and abandoning module MergeActors (534)
[2025.05.25-21.25.28:844][441]LogModuleManager: Shutting down and abandoning module LocalizationDashboard (532)
[2025.05.25-21.25.28:844][441]LogModuleManager: Shutting down and abandoning module LocalizationService (531)
[2025.05.25-21.25.28:844][441]LogModuleManager: Shutting down and abandoning module HardwareTargeting (528)
[2025.05.25-21.25.28:844][441]LogModuleManager: Shutting down and abandoning module DeviceProfileEditor (526)
[2025.05.25-21.25.28:844][441]LogModuleManager: Shutting down and abandoning module UndoHistory (524)
[2025.05.25-21.25.28:844][441]LogModuleManager: Shutting down and abandoning module XmlParser (522)
[2025.05.25-21.25.28:844][441]LogModuleManager: Shutting down and abandoning module Blutility (520)
[2025.05.25-21.25.28:844][441]LogModuleManager: Shutting down and abandoning module ProjectSettingsViewer (518)
[2025.05.25-21.25.28:844][441]LogModuleManager: Shutting down and abandoning module ProjectTargetPlatformEditor (517)
[2025.05.25-21.25.28:844][441]LogModuleManager: Shutting down and abandoning module EditorSettingsViewer (514)
[2025.05.25-21.25.28:844][441]LogModuleManager: Shutting down and abandoning module SettingsEditor (512)
[2025.05.25-21.25.28:845][441]LogModuleManager: Shutting down and abandoning module ProjectLauncher (510)
[2025.05.25-21.25.28:845][441]LogModuleManager: Shutting down and abandoning module SessionFrontend (508)
[2025.05.25-21.25.28:845][441]LogModuleManager: Shutting down and abandoning module ProfilerClient (506)
[2025.05.25-21.25.28:845][441]LogModuleManager: Shutting down and abandoning module DeviceManager (504)
[2025.05.25-21.25.28:845][441]LogModuleManager: Shutting down and abandoning module TargetDeviceServices (503)
[2025.05.25-21.25.28:878][441]LogModuleManager: Shutting down and abandoning module AutomationController (500)
[2025.05.25-21.25.28:878][441]LogModuleManager: Shutting down and abandoning module AutomationWindow (498)
[2025.05.25-21.25.28:878][441]LogModuleManager: Shutting down and abandoning module Layers (496)
[2025.05.25-21.25.28:878][441]LogModuleManager: Shutting down and abandoning module ComponentVisualizers (494)
[2025.05.25-21.25.28:878][441]LogModuleManager: Shutting down and abandoning module DetailCustomizations (492)
[2025.05.25-21.25.28:878][441]LogModuleManager: Shutting down and abandoning module PackagesDialog (490)
[2025.05.25-21.25.28:878][441]LogModuleManager: Shutting down and abandoning module AnimationBlueprintEditor (488)
[2025.05.25-21.25.28:878][441]LogModuleManager: Shutting down and abandoning module Persona (486)
[2025.05.25-21.25.28:878][441]LogModuleManager: Shutting down and abandoning module AdvancedPreviewScene (485)
[2025.05.25-21.25.28:878][441]LogModuleManager: Shutting down and abandoning module AnimGraph (483)
[2025.05.25-21.25.28:878][441]LogModuleManager: Shutting down and abandoning module Kismet (480)
[2025.05.25-21.25.28:884][441]LogModuleManager: Shutting down and abandoning module KismetWidgets (479)
[2025.05.25-21.25.28:884][441]LogModuleManager: Shutting down and abandoning module GraphEditor (476)
[2025.05.25-21.25.28:884][441]LogModuleManager: Shutting down and abandoning module StructViewer (474)
[2025.05.25-21.25.28:884][441]LogModuleManager: Shutting down and abandoning module ClassViewer (472)
[2025.05.25-21.25.28:884][441]LogModuleManager: Shutting down and abandoning module Toolbox (470)
[2025.05.25-21.25.28:884][441]LogModuleManager: Shutting down and abandoning module ModuleUI (468)
[2025.05.25-21.25.28:884][441]LogModuleManager: Shutting down and abandoning module MovieSceneTools (466)
[2025.05.25-21.25.28:884][441]LogModuleManager: Shutting down and abandoning module OutputLog (464)
[2025.05.25-21.25.28:885][441]LogModuleManager: Shutting down and abandoning module GammaUI (462)
[2025.05.25-21.25.28:885][441]LogModuleManager: Shutting down and abandoning module Documentation (460)
[2025.05.25-21.25.28:885][441]LogModuleManager: Shutting down and abandoning module LiveCoding (458)
[2025.05.25-21.25.28:885][441]LogModuleManager: Shutting down and abandoning module LevelSequence (456)
[2025.05.25-21.25.28:885][441]LogModuleManager: Shutting down and abandoning module MovieSceneTracks (454)
[2025.05.25-21.25.28:885][441]LogModuleManager: Shutting down and abandoning module MovieScene (452)
[2025.05.25-21.25.28:885][441]LogModuleManager: Shutting down and abandoning module StreamingPauseRendering (450)
[2025.05.25-21.25.28:885][441]LogModuleManager: Shutting down and abandoning module LauncherPlatform (448)
[2025.05.25-21.25.28:885][441]LogModuleManager: Shutting down and abandoning module AnalyticsET (446)
[2025.05.25-21.25.28:885][441]LogModuleManager: Shutting down and abandoning module PortalServices (444)
[2025.05.25-21.25.28:885][441]LogModuleManager: Shutting down and abandoning module PortalRpc (442)
[2025.05.25-21.25.28:885][441]LogModuleManager: Shutting down and abandoning module MessagingRpc (440)
[2025.05.25-21.25.28:885][441]LogModuleManager: Shutting down and abandoning module AIModule (438)
[2025.05.25-21.25.28:885][441]LogModuleManager: Shutting down and abandoning module GameplayDebugger (437)
[2025.05.25-21.25.28:885][441]LogModuleManager: Shutting down and abandoning module AITestSuite (435)
[2025.05.25-21.25.28:885][441]LogModuleManager: Shutting down and abandoning module NavigationSystem (433)
[2025.05.25-21.25.28:885][441]LogModuleManager: Shutting down and abandoning module DesktopPlatform (430)
[2025.05.25-21.25.28:885][441]LogModuleManager: Shutting down and abandoning module ImageWriteQueue (428)
[2025.05.25-21.25.28:888][441]LogModuleManager: Shutting down and abandoning module ProfilerService (426)
[2025.05.25-21.25.29:021][441]LogModuleManager: Shutting down and abandoning module TaskGraph (424)
[2025.05.25-21.25.29:021][441]LogModuleManager: Shutting down and abandoning module ScreenshotTools (422)
[2025.05.25-21.25.29:021][441]LogModuleManager: Shutting down and abandoning module SteamVRController (420)
[2025.05.25-21.25.29:021][441]LogModuleManager: Shutting down and abandoning module ProceduralMeshComponentEditor (418)
[2025.05.25-21.25.29:021][441]LogModuleManager: Shutting down and abandoning module ProceduralMeshComponent (416)
[2025.05.25-21.25.29:021][441]LogModuleManager: Shutting down and abandoning module OculusEditor (414)
[2025.05.25-21.25.29:021][441]LogModuleManager: Shutting down and abandoning module OculusInput (412)
[2025.05.25-21.25.29:021][441]LogModuleManager: Shutting down and abandoning module MobilePatchingUtils (410)
[2025.05.25-21.25.29:021][441]LogModuleManager: Shutting down and abandoning module EditableMesh (408)
[2025.05.25-21.25.29:021][441]LogModuleManager: Shutting down and abandoning module CustomMeshComponent (406)
[2025.05.25-21.25.29:021][441]LogModuleManager: Shutting down and abandoning module CableComponent (404)
[2025.05.25-21.25.29:021][441]LogModuleManager: Shutting down and abandoning module AudioCapture (402)
[2025.05.25-21.25.29:021][441]LogModuleManager: Shutting down and abandoning module ArchVisCharacter (400)
[2025.05.25-21.25.29:021][441]LogModuleManager: Shutting down and abandoning module AppleImageUtilsBlueprintSupport (398)
[2025.05.25-21.25.29:021][441]LogModuleManager: Shutting down and abandoning module AppleImageUtils (396)
[2025.05.25-21.25.29:021][441]LogModuleManager: Shutting down and abandoning module AndroidPermission (394)
[2025.05.25-21.25.29:021][441]LogModuleManager: Shutting down and abandoning module NUTUnrealEngine4 (392)
[2025.05.25-21.25.29:021][441]LogModuleManager: Shutting down and abandoning module NetcodeUnitTest (390)
[2025.05.25-21.25.29:021][441]LogModuleManager: Shutting down and abandoning module MediaCompositing (388)
[2025.05.25-21.25.29:021][441]LogModuleManager: Shutting down and abandoning module ImgMedia (386)
[2025.05.25-21.25.29:021][441]LogModuleManager: Shutting down and abandoning module MagicLeapHelperVulkan (384)
[2025.05.25-21.25.29:021][441]LogModuleManager: Shutting down and abandoning module MagicLeapHelperOpenGL (382)
[2025.05.25-21.25.29:021][441]LogModuleManager: Shutting down and abandoning module MagicLeapAudio (380)
[2025.05.25-21.25.29:021][441]LogModuleManager: Shutting down and abandoning module HTML5Networking (378)
[2025.05.25-21.25.29:021][441]LogModuleManager: Shutting down and abandoning module GeometryCacheTracks (376)
[2025.05.25-21.25.29:021][441]LogModuleManager: Shutting down and abandoning module GeometryCacheSequencer (374)
[2025.05.25-21.25.29:022][441]LogModuleManager: Shutting down and abandoning module BackChannel (372)
[2025.05.25-21.25.29:022][441]LogModuleManager: Shutting down and abandoning module AutomationUtilsEditor (370)
[2025.05.25-21.25.29:022][441]LogModuleManager: Shutting down and abandoning module AutomationUtils (368)
[2025.05.25-21.25.29:022][441]LogModuleManager: Shutting down and abandoning module AlembicImporter (366)
[2025.05.25-21.25.29:022][441]LogModuleManager: Shutting down and abandoning module AlembicLibrary (365)
[2025.05.25-21.25.29:022][441]LogModuleManager: Shutting down and abandoning module GeometryCache (364)
[2025.05.25-21.25.29:022][441]LogModuleManager: Shutting down and abandoning module GeometryCacheEd (363)
[2025.05.25-21.25.29:022][441]LogModuleManager: Shutting down and abandoning module VariantManagerContent (358)
[2025.05.25-21.25.29:022][441]LogModuleManager: Shutting down and abandoning module DatasmithContentEditor (356)
[2025.05.25-21.25.29:022][441]LogModuleManager: Shutting down and abandoning module SpeedTreeImporter (354)
[2025.05.25-21.25.29:022][441]LogModuleManager: Shutting down and abandoning module PluginBrowser (352)
[2025.05.25-21.25.29:022][441]LogModuleManager: Shutting down and abandoning module MobileLauncherProfileWizard (350)
[2025.05.25-21.25.29:022][441]LogModuleManager: Shutting down and abandoning module MaterialAnalyzer (348)
[2025.05.25-21.25.29:022][441]LogModuleManager: Shutting down and abandoning module CurveEditorTools (346)
[2025.05.25-21.25.29:022][441]LogModuleManager: Shutting down and abandoning module CurveEditor (345)
[2025.05.25-21.25.29:022][441]LogModuleManager: Shutting down and abandoning module CryptoKeysOpenSSL (342)
[2025.05.25-21.25.29:022][441]LogModuleManager: Shutting down and abandoning module CryptoKeys (340)
[2025.05.25-21.25.29:022][441]LogModuleManager: Shutting down and abandoning module VisualStudioSourceCodeAccess (338)
[2025.05.25-21.25.29:022][441]LogModuleManager: Shutting down and abandoning module VisualStudioCodeSourceCodeAccess (336)
[2025.05.25-21.25.29:022][441]LogModuleManager: Shutting down and abandoning module UObjectPlugin (334)
[2025.05.25-21.25.29:022][441]LogModuleManager: Shutting down and abandoning module SubversionSourceControl (332)
[2025.05.25-21.25.29:022][441]LogModuleManager: Shutting down and abandoning module PerforceSourceControl (330)
[2025.05.25-21.25.29:022][441]LogModuleManager: Shutting down and abandoning module GitSourceControl (328)
[2025.05.25-21.25.29:022][441]LogModuleManager: Shutting down and abandoning module SourceControl (327)
[2025.05.25-21.25.29:022][441]LogModuleManager: Shutting down and abandoning module CLionSourceCodeAccess (324)
[2025.05.25-21.25.29:022][441]LogModuleManager: Shutting down and abandoning module AnimationSharingEd (322)
[2025.05.25-21.25.29:022][441]LogModuleManager: Shutting down and abandoning module ActorLayerUtilitiesEditor (320)
[2025.05.25-21.25.29:022][441]LogModuleManager: Shutting down and abandoning module ActorLayerUtilities (318)
[2025.05.25-21.25.29:022][441]LogModuleManager: Shutting down and abandoning module LightPropagationVolumeEditor (316)
[2025.05.25-21.25.29:022][441]LogModuleManager: Shutting down and abandoning module PaperTiledImporter (314)
[2025.05.25-21.25.29:022][441]LogModuleManager: Shutting down and abandoning module PaperSpriteSheetImporter (312)
[2025.05.25-21.25.29:022][441]LogModuleManager: Shutting down and abandoning module Paper2DEditor (310)
[2025.05.25-21.25.29:022][441]LogModuleManager: Shutting down and abandoning module SignificanceManager (308)
[2025.05.25-21.25.29:022][441]LogModuleManager: Shutting down and abandoning module RuntimePhysXCooking (306)
[2025.05.25-21.25.29:022][441]LogModuleManager: Shutting down and abandoning module PhysXVehiclesEditor (304)
[2025.05.25-21.25.29:022][441]LogModuleManager: Shutting down and abandoning module LocationServicesBPLibrary (300)
[2025.05.25-21.25.29:022][441]LogModuleManager: Shutting down and abandoning module ActorSequence (298)
[2025.05.25-21.25.29:022][441]LogModuleManager: Shutting down and abandoning module UdpMessaging (296)
[2025.05.25-21.25.29:123][441]LogModuleManager: Shutting down and abandoning module TcpMessaging (294)
[2025.05.25-21.25.29:224][441]LogModuleManager: Shutting down and abandoning module MagicLeapIdentity (292)
[2025.05.25-21.25.29:224][441]LogModuleManager: Shutting down and abandoning module MagicLeapSecureStorage (290)
[2025.05.25-21.25.29:224][441]LogModuleManager: Shutting down and abandoning module MagicLeapHandTracking (288)
[2025.05.25-21.25.29:224][441]LogModuleManager: Shutting down and abandoning module MagicLeapEyeTracker (286)
[2025.05.25-21.25.29:224][441]LogModuleManager: Shutting down and abandoning module MagicLeapController (284)
[2025.05.25-21.25.29:224][441]LogSlate: Slate User Destroyed.  User Index 0, Is Virtual User: 0
[2025.05.25-21.25.29:224][441]LogModuleManager: Shutting down and abandoning module MagicLeapAR (282)
[2025.05.25-21.25.29:224][441]LogModuleManager: Shutting down and abandoning module AugmentedReality (281)
[2025.05.25-21.25.29:224][441]LogModuleManager: Shutting down and abandoning module GameplayTagsEditor (278)
[2025.05.25-21.25.29:224][441]LogModuleManager: Shutting down and abandoning module FacialAnimationEditor (276)
[2025.05.25-21.25.29:224][441]LogModuleManager: Shutting down and abandoning module FacialAnimation (274)
[2025.05.25-21.25.29:224][441]LogModuleManager: Shutting down and abandoning module DataValidation (272)
[2025.05.25-21.25.29:224][441]LogModuleManager: Shutting down and abandoning module AssetManagerEditor (270)
[2025.05.25-21.25.29:224][441]LogModuleManager: Shutting down and abandoning module LevelEditor (269)
[2025.05.25-21.25.29:224][441]LogModuleManager: Shutting down and abandoning module PixelInspectorModule (268)
[2025.05.25-21.25.29:224][441]LogModuleManager: Shutting down and abandoning module CommonMenuExtensions (266)
[2025.05.25-21.25.29:224][441]LogModuleManager: Shutting down and abandoning module MainFrame (264)
[2025.05.25-21.25.29:224][441]LogModuleManager: Shutting down and abandoning module HotReload (263)
[2025.05.25-21.25.29:225][441]LogModuleManager: Shutting down and abandoning module ContentBrowser (259)
[2025.05.25-21.25.29:225][441]LogModuleManager: Shutting down and abandoning module TreeMap (257)
[2025.05.25-21.25.29:225][441]LogModuleManager: Shutting down and abandoning module AnimationSharing (254)
[2025.05.25-21.25.29:225][441]LogModuleManager: Shutting down and abandoning module LightPropagationVolumeRuntime (252)
[2025.05.25-21.25.29:225][441]LogModuleManager: Shutting down and abandoning module Paper2D (250)
[2025.05.25-21.25.29:225][441]LogModuleManager: Shutting down and abandoning module WindowsMoviePlayer (248)
[2025.05.25-21.25.29:225][441]LogModuleManager: Shutting down and abandoning module WebMMoviePlayer (246)
[2025.05.25-21.25.29:225][441]LogModuleManager: Shutting down and abandoning module NetworkReplayStreaming (244)
[2025.05.25-21.25.29:225][441]LogModuleManager: Shutting down and abandoning module PacketHandler (242)
[2025.05.25-21.25.29:225][441]LogModuleManager: Shutting down and abandoning module ClothingSystemEditor (240)
[2025.05.25-21.25.29:225][441]LogModuleManager: Shutting down and abandoning module ClothingSystemRuntime (238)
[2025.05.25-21.25.29:226][441]LogModuleManager: Shutting down and abandoning module MediaAssets (236)
[2025.05.25-21.25.29:226][441]LogModuleManager: Shutting down and abandoning module Overlay (234)
[2025.05.25-21.25.29:226][441]LogModuleManager: Shutting down and abandoning module OverlayEditor (233)
[2025.05.25-21.25.29:226][441]LogModuleManager: Shutting down and abandoning module VREditor (230)
[2025.05.25-21.25.29:226][441]LogModuleManager: Shutting down and abandoning module StringTableEditor (228)
[2025.05.25-21.25.29:226][441]LogModuleManager: Shutting down and abandoning module GameplayTasksEditor (226)
[2025.05.25-21.25.29:226][441]LogModuleManager: Shutting down and abandoning module BehaviorTreeEditor (224)
[2025.05.25-21.25.29:226][441]LogModuleManager: Shutting down and abandoning module FunctionalTesting (222)
[2025.05.25-21.25.29:226][441]LogModuleManager: Shutting down and abandoning module CollisionAnalyzer (220)
[2025.05.25-21.25.29:226][441]LogModuleManager: Shutting down and abandoning module WorkspaceMenuStructure (219)
[2025.05.25-21.25.29:226][441]LogModuleManager: Shutting down and abandoning module UMG (216)
[2025.05.25-21.25.29:226][441]LogModuleManager: Shutting down and abandoning module UMGEditor (215)
[2025.05.25-21.25.29:226][441]LogModuleManager: Shutting down and abandoning module Sequencer (214)
[2025.05.25-21.25.29:226][441]LogModuleManager: Shutting down and abandoning module MessageLog (211)
[2025.05.25-21.25.29:226][441]LogModuleManager: Shutting down and abandoning module SlateReflector (206)
[2025.05.25-21.25.29:226][441]LogModuleManager: Shutting down and abandoning module Slate (204)
[2025.05.25-21.25.29:226][441]LogModuleManager: Shutting down and abandoning module LandscapeEditorUtilities (202)
[2025.05.25-21.25.29:226][441]LogModuleManager: Shutting down and abandoning module EditorStyle (200)
[2025.05.25-21.25.29:227][441]LogModuleManager: Shutting down and abandoning module UnrealEd (198)
[2025.05.25-21.25.29:227][441]LogModuleManager: Shutting down and abandoning module MRMesh (196)
[2025.05.25-21.25.29:227][441]LogModuleManager: Shutting down and abandoning module SourceCodeAccess (194)
[2025.05.25-21.25.29:227][441]LogModuleManager: Shutting down and abandoning module HeadMountedDisplay (192)
[2025.05.25-21.25.29:227][441]LogModuleManager: Shutting down and abandoning module XAudio2 (190)
[2025.05.25-21.25.29:227][441]LogModuleManager: Shutting down and abandoning module Networking (188)
[2025.05.25-21.25.29:227][441]LogModuleManager: Shutting down and abandoning module Core (186)
[2025.05.25-21.25.29:227][441]LogModuleManager: Shutting down and abandoning module KismetCompiler (184)
[2025.05.25-21.25.29:227][441]LogModuleManager: Shutting down and abandoning module MeshUtilities (182)
[2025.05.25-21.25.29:227][441]LogModuleManager: Shutting down and abandoning module MeshMergeUtilities (181)
[2025.05.25-21.25.29:227][441]LogModuleManager: Shutting down and abandoning module MeshReductionInterface (180)
[2025.05.25-21.25.29:227][441]LogModuleManager: Shutting down and abandoning module SkeletalMeshReduction (179)
[2025.05.25-21.25.29:227][441]LogModuleManager: Shutting down and abandoning module ProxyLODMeshReduction (177)
[2025.05.25-21.25.29:227][441]LogModuleManager: Shutting down and abandoning module QuadricMeshReduction (175)
[2025.05.25-21.25.29:227][441]LogModuleManager: Shutting down and abandoning module MaterialBaking (171)
[2025.05.25-21.25.29:227][441]LogModuleManager: Shutting down and abandoning module NullInstallBundleManager (166)
[2025.05.25-21.25.29:227][441]LogModuleManager: Shutting down and abandoning module DerivedDataCache (164)
[2025.05.25-21.25.29:295][441]LogDerivedDataCache: Shutdown
[2025.05.25-21.25.29:295][441]LogModuleManager: Shutting down and abandoning module XGEController (162)
[2025.05.25-21.25.29:295][441]LogXGEController: Cleaning working directory: C:/Users/zack1/AppData/Local/Temp/UnrealXGEWorkingDir/
[2025.05.25-21.25.29:295][441]LogModuleManager: Shutting down and abandoning module TargetPlatform (160)
[2025.05.25-21.25.29:295][441]LogModuleManager: Shutting down and abandoning module VulkanShaderFormat (159)
[2025.05.25-21.25.29:295][441]LogModuleManager: Shutting down and abandoning module ShaderFormatVectorVM (157)
[2025.05.25-21.25.29:295][441]LogModuleManager: Shutting down and abandoning module ShaderFormatOpenGL (155)
[2025.05.25-21.25.29:295][441]LogModuleManager: Shutting down and abandoning module ShaderFormatD3D (153)
[2025.05.25-21.25.29:295][441]LogModuleManager: Shutting down and abandoning module MetalShaderFormat (151)
[2025.05.25-21.25.29:295][441]LogModuleManager: Shutting down and abandoning module TextureFormatUncompressed (149)
[2025.05.25-21.25.29:295][441]LogModuleManager: Shutting down and abandoning module TextureFormatPVR (147)
[2025.05.25-21.25.29:295][441]LogModuleManager: Shutting down and abandoning module TextureFormatDXT (145)
[2025.05.25-21.25.29:295][441]LogModuleManager: Shutting down and abandoning module TextureFormatIntelISPCTexComp (143)
[2025.05.25-21.25.29:295][441]LogModuleManager: Shutting down and abandoning module TextureFormatASTC (141)
[2025.05.25-21.25.29:295][441]LogModuleManager: Shutting down and abandoning module ImageWrapper (140)
[2025.05.25-21.25.29:295][441]LogModuleManager: Shutting down and abandoning module TextureFormatAndroid (137)
[2025.05.25-21.25.29:295][441]LogModuleManager: Shutting down and abandoning module AudioFormatOpus (135)
[2025.05.25-21.25.29:295][441]LogModuleManager: Shutting down and abandoning module AudioFormatOgg (133)
[2025.05.25-21.25.29:295][441]LogModuleManager: Shutting down and abandoning module AudioFormatADPCM (131)
[2025.05.25-21.25.29:295][441]LogModuleManager: Shutting down and abandoning module LuminTargetPlatform (129)
[2025.05.25-21.25.29:297][441]LogModuleManager: Shutting down and abandoning module LinuxTargetPlatform (127)
[2025.05.25-21.25.29:297][441]LogModuleManager: Shutting down and abandoning module LinuxServerTargetPlatform (125)
[2025.05.25-21.25.29:297][441]LogModuleManager: Shutting down and abandoning module LinuxNoEditorTargetPlatform (123)
[2025.05.25-21.25.29:297][441]LogModuleManager: Shutting down and abandoning module LinuxClientTargetPlatform (121)
[2025.05.25-21.25.29:297][441]LogModuleManager: Shutting down and abandoning module TVOSTargetPlatform (119)
[2025.05.25-21.25.29:297][441]LogModuleManager: Shutting down and abandoning module Messaging (117)
[2025.05.25-21.25.29:297][441]LogModuleManager: Shutting down and abandoning module IOSTargetPlatform (115)
[2025.05.25-21.25.29:298][441]LogModuleManager: Shutting down and abandoning module HTML5TargetPlatform (113)
[2025.05.25-21.25.29:298][441]LogModuleManager: Shutting down and abandoning module AndroidTargetPlatform (111)
[2025.05.25-21.25.29:301][441]LogModuleManager: Shutting down and abandoning module WindowsTargetPlatform (109)
[2025.05.25-21.25.29:301][441]LogModuleManager: Shutting down and abandoning module WindowsServerTargetPlatform (107)
[2025.05.25-21.25.29:301][441]LogModuleManager: Shutting down and abandoning module WindowsNoEditorTargetPlatform (105)
[2025.05.25-21.25.29:301][441]LogModuleManager: Shutting down and abandoning module WindowsClientTargetPlatform (103)
[2025.05.25-21.25.29:301][441]LogModuleManager: Shutting down and abandoning module MacTargetPlatform (101)
[2025.05.25-21.25.29:301][441]LogModuleManager: Shutting down and abandoning module MacServerTargetPlatform (99)
[2025.05.25-21.25.29:301][441]LogModuleManager: Shutting down and abandoning module MacNoEditorTargetPlatform (97)
[2025.05.25-21.25.29:301][441]LogModuleManager: Shutting down and abandoning module MacClientTargetPlatform (95)
[2025.05.25-21.25.29:301][441]LogModuleManager: Shutting down and abandoning module AllDesktopTargetPlatform (93)
[2025.05.25-21.25.29:301][441]LogModuleManager: Shutting down and abandoning module InputCore (90)
[2025.05.25-21.25.29:301][441]LogModuleManager: Shutting down and abandoning module Settings (88)
[2025.05.25-21.25.29:301][441]LogModuleManager: Shutting down and abandoning module DirectoryWatcher (86)
[2025.05.25-21.25.29:301][441]LogModuleManager: Shutting down and abandoning module PhysXCooking (84)
[2025.05.25-21.25.29:301][441]LogModuleManager: Shutting down and abandoning module WindowsPlatformFeatures (82)
[2025.05.25-21.25.29:301][441]LogModuleManager: Shutting down and abandoning module GameplayMediaEncoder (81)
[2025.05.25-21.25.29:301][441]LogModuleManager: Shutting down and abandoning module SteamVR (78)
[2025.05.25-21.25.29:301][441]LogHMD: Freeing OpenVRDLLHandle.
[2025.05.25-21.25.29:301][441]LogModuleManager: Shutting down and abandoning module OculusHMD (76)
[2025.05.25-21.25.29:301][441]LogModuleManager: Shutting down and abandoning module ExampleDeviceProfileSelector (74)
[2025.05.25-21.25.29:301][441]LogModuleManager: Shutting down and abandoning module LauncherChunkInstaller (72)
[2025.05.25-21.25.29:301][441]LogModuleManager: Shutting down and abandoning module OnlineBlueprintSupport (70)
[2025.05.25-21.25.29:301][441]LogModuleManager: Shutting down and abandoning module OnlineSubsystem (66)
[2025.05.25-21.25.29:303][441]LogModuleManager: Shutting down and abandoning module XMPP (61)
[2025.05.25-21.25.29:303][441]LogModuleManager: Shutting down and abandoning module WebSockets (60)
[2025.05.25-21.25.29:316][441]LogModuleManager: Shutting down and abandoning module HTTP (57)
[2025.05.25-21.25.29:316][441]LogHttp: Display: Http module shutting down, but needs to wait on 1 outstanding Http requests:
[2025.05.25-21.25.29:316][441]LogHttp: Display: 	verb=[POST] url=[https://datarouter.ol.epicgames.com/datarouter/api/v1/public/data?SessionID=%7BE28E34DC-4D0A-70EC-CABB-E89D2CEA41EF%7D&AppID=UEEditor.Rocket.Release&AppVersion=4.23.1-9631420%2B%2B%2BUE4%2BRelease-4.23&UserID=309a7d4449db2083f2fb5eb0d2ebb95f%7Ceec0c2391f4345899517da7deacaa06d%7C79051af3-b724-46be-be2c-4dd52811b199&AppEnvironment=datacollector-binary&UploadType=eteventstream] status=Processing
[2025.05.25-21.25.29:329][441]LogModuleManager: Shutting down and abandoning module SSL (56)
[2025.05.25-21.25.29:330][441]LogModuleManager: Shutting down and abandoning module WmfMedia (52)
[2025.05.25-21.25.29:330][441]LogModuleManager: Shutting down and abandoning module Media (51)
[2025.05.25-21.25.29:331][441]LogModuleManager: Shutting down and abandoning module MagicLeap (48)
[2025.05.25-21.25.29:331][441]LogModuleManager: Shutting down and abandoning module DatasmithContent (46)
[2025.05.25-21.25.29:334][441]LogModuleManager: Shutting down and abandoning module AISupportModule (44)
[2025.05.25-21.25.29:334][441]LogModuleManager: Shutting down and abandoning module PlatformCryptoOpenSSL (42)
[2025.05.25-21.25.29:334][441]LogModuleManager: Shutting down and abandoning module PlatformCrypto (40)
[2025.05.25-21.25.29:334][441]LogModuleManager: Shutting down and abandoning module AnimationModifiers (38)
[2025.05.25-21.25.29:334][441]LogModuleManager: Shutting down and abandoning module PropertyEditor (37)
[2025.05.25-21.25.29:334][441]LogModuleManager: Shutting down and abandoning module AudioEditor (34)
[2025.05.25-21.25.29:334][441]LogModuleManager: Shutting down and abandoning module TextureCompressor (32)
[2025.05.25-21.25.29:334][441]LogModuleManager: Shutting down and abandoning module RenderCore (30)
[2025.05.25-21.25.29:334][441]LogModuleManager: Shutting down and abandoning module Landscape (28)
[2025.05.25-21.25.29:334][441]LogModuleManager: Shutting down and abandoning module SlateRHIRenderer (26)
[2025.05.25-21.25.29:335][441]LogModuleManager: Shutting down and abandoning module OpenGLDrv (24)
[2025.05.25-21.25.29:335][441]LogModuleManager: Shutting down and abandoning module D3D11RHI (22)
[2025.05.25-21.25.29:335][441]LogModuleManager: Shutting down and abandoning module AnimGraphRuntime (20)
[2025.05.25-21.25.29:335][441]LogModuleManager: Shutting down and abandoning module Renderer (18)
[2025.05.25-21.25.29:335][441]LogModuleManager: Shutting down and abandoning module Engine (16)
[2025.05.25-21.25.29:335][441]LogModuleManager: Shutting down and abandoning module CoreUObject (14)
[2025.05.25-21.25.29:335][441]LogModuleManager: Shutting down and abandoning module NetworkFile (12)
[2025.05.25-21.25.29:335][441]LogModuleManager: Shutting down and abandoning module CookedIterativeFile (10)
[2025.05.25-21.25.29:335][441]LogModuleManager: Shutting down and abandoning module StreamingFile (8)
[2025.05.25-21.25.29:335][441]LogModuleManager: Shutting down and abandoning module SandboxFile (6)
[2025.05.25-21.25.29:335][441]LogModuleManager: Shutting down and abandoning module PakFile (4)
[2025.05.25-21.25.29:335][441]LogModuleManager: Shutting down and abandoning module RSA (3)
[2025.05.25-21.25.29:338][441]LogD3D11RHI: Shutdown
[2025.05.25-21.25.29:338][441]LogD3D11RHI: CleanupD3DDevice
[2025.05.25-21.25.29:338][441]LogRendererCore: FGlobalDynamicReadBuffer::Cleanup()
[2025.05.25-21.25.29:338][441]LogRendererCore: FGlobalDynamicReadBuffer::Cleanup()
[2025.05.25-21.25.29:338][441]LogRendererCore: FGlobalDynamicReadBuffer::Cleanup()
[2025.05.25-21.25.29:441][441]LogD3D11RHI: ~FD3D11DynamicRHI
[2025.05.25-21.25.29:451][441]LogExit: Exiting.
[2025.05.25-21.25.29:494][441]Log file closed, 05/25/25 22:25:29
